2025-04-29 18:04:02,310 - INFO - root - Hello! This is Joey-NMT (version 2.2.0).
2025-04-29 18:04:02,310 - INFO - joeynmt.helpers -                           cfg.name : deen_transformer_pre
2025-04-29 18:04:02,310 - INFO - joeynmt.helpers -                cfg.joeynmt_version : 2.0.0
2025-04-29 18:04:02,310 - INFO - joeynmt.helpers -                     cfg.data.train : /Users/shubhi/Desktop/MT_Exercises/mt-exercise-03/data/train
2025-04-29 18:04:02,310 - INFO - joeynmt.helpers -                       cfg.data.dev : /Users/shubhi/Desktop/MT_Exercises/mt-exercise-03/data/dev
2025-04-29 18:04:02,310 - INFO - joeynmt.helpers -                      cfg.data.test : /Users/shubhi/Desktop/MT_Exercises/mt-exercise-03/data/test
2025-04-29 18:04:02,310 - INFO - joeynmt.helpers -              cfg.data.dataset_type : plain
2025-04-29 18:04:02,310 - INFO - joeynmt.helpers -                  cfg.data.src.lang : de
2025-04-29 18:04:02,310 - INFO - joeynmt.helpers -             cfg.data.src.lowercase : False
2025-04-29 18:04:02,310 - INFO - joeynmt.helpers -                 cfg.data.src.level : bpe
2025-04-29 18:04:02,310 - INFO - joeynmt.helpers -             cfg.data.src.voc_limit : 32000
2025-04-29 18:04:02,310 - INFO - joeynmt.helpers -          cfg.data.src.voc_min_freq : 1
2025-04-29 18:04:02,310 - INFO - joeynmt.helpers -            cfg.data.src.max_length : 100
2025-04-29 18:04:02,310 - INFO - joeynmt.helpers -              cfg.data.src.voc_file : shared_models/joint-vocab.txt
2025-04-29 18:04:02,310 - INFO - joeynmt.helpers -        cfg.data.src.tokenizer_type : subword-nmt
2025-04-29 18:04:02,310 - INFO - joeynmt.helpers - cfg.data.src.tokenizer_cfg.pretokenizer : none
2025-04-29 18:04:02,310 - INFO - joeynmt.helpers - cfg.data.src.tokenizer_cfg.num_merges : 3200
2025-04-29 18:04:02,310 - INFO - joeynmt.helpers -   cfg.data.src.tokenizer_cfg.codes : data/codes3200.bpe
2025-04-29 18:04:02,310 - INFO - joeynmt.helpers -                  cfg.data.trg.lang : en
2025-04-29 18:04:02,310 - INFO - joeynmt.helpers -             cfg.data.trg.lowercase : False
2025-04-29 18:04:02,310 - INFO - joeynmt.helpers -                 cfg.data.trg.level : bpe
2025-04-29 18:04:02,310 - INFO - joeynmt.helpers -             cfg.data.trg.voc_limit : 32000
2025-04-29 18:04:02,310 - INFO - joeynmt.helpers -          cfg.data.trg.voc_min_freq : 1
2025-04-29 18:04:02,310 - INFO - joeynmt.helpers -            cfg.data.trg.max_length : 100
2025-04-29 18:04:02,310 - INFO - joeynmt.helpers -              cfg.data.trg.voc_file : shared_models/joint-vocab.txt
2025-04-29 18:04:02,310 - INFO - joeynmt.helpers -        cfg.data.trg.tokenizer_type : subword-nmt
2025-04-29 18:04:02,310 - INFO - joeynmt.helpers - cfg.data.trg.tokenizer_cfg.pretokenizer : none
2025-04-29 18:04:02,310 - INFO - joeynmt.helpers - cfg.data.trg.tokenizer_cfg.num_merges : 3200
2025-04-29 18:04:02,310 - INFO - joeynmt.helpers -   cfg.data.trg.tokenizer_cfg.codes : data/codes3200.bpe
2025-04-29 18:04:02,310 - INFO - joeynmt.helpers -              cfg.testing.beam_size : 5
2025-04-29 18:04:02,310 - INFO - joeynmt.helpers -             cfg.testing.beam_alpha : 1.0
2025-04-29 18:04:02,310 - INFO - joeynmt.helpers -           cfg.training.random_seed : 42
2025-04-29 18:04:02,310 - INFO - joeynmt.helpers -             cfg.training.optimizer : adam
2025-04-29 18:04:02,310 - INFO - joeynmt.helpers -         cfg.training.normalization : tokens
2025-04-29 18:04:02,310 - INFO - joeynmt.helpers -         cfg.training.learning_rate : 0.0003
2025-04-29 18:04:02,311 - INFO - joeynmt.helpers -            cfg.training.batch_size : 2048
2025-04-29 18:04:02,311 - INFO - joeynmt.helpers -            cfg.training.batch_type : token
2025-04-29 18:04:02,311 - INFO - joeynmt.helpers -       cfg.training.eval_batch_size : 1024
2025-04-29 18:04:02,311 - INFO - joeynmt.helpers -       cfg.training.eval_batch_type : token
2025-04-29 18:04:02,311 - INFO - joeynmt.helpers -            cfg.training.scheduling : plateau
2025-04-29 18:04:02,311 - INFO - joeynmt.helpers -              cfg.training.patience : 8
2025-04-29 18:04:02,311 - INFO - joeynmt.helpers -          cfg.training.weight_decay : 0.0
2025-04-29 18:04:02,311 - INFO - joeynmt.helpers -       cfg.training.decrease_factor : 0.7
2025-04-29 18:04:02,311 - INFO - joeynmt.helpers - cfg.training.early_stopping_metric : ppl
2025-04-29 18:04:02,311 - INFO - joeynmt.helpers -                cfg.training.epochs : 10
2025-04-29 18:04:02,311 - INFO - joeynmt.helpers -       cfg.training.validation_freq : 500
2025-04-29 18:04:02,311 - INFO - joeynmt.helpers -          cfg.training.logging_freq : 100
2025-04-29 18:04:02,311 - INFO - joeynmt.helpers -           cfg.training.eval_metric : ['bleu']
2025-04-29 18:04:02,311 - INFO - joeynmt.helpers -             cfg.training.model_dir : models/deen_transformer_prenorm
2025-04-29 18:04:02,311 - INFO - joeynmt.helpers -             cfg.training.overwrite : True
2025-04-29 18:04:02,311 - INFO - joeynmt.helpers -               cfg.training.shuffle : True
2025-04-29 18:04:02,311 - INFO - joeynmt.helpers -              cfg.training.use_cuda : False
2025-04-29 18:04:02,311 - INFO - joeynmt.helpers -     cfg.training.max_output_length : 100
2025-04-29 18:04:02,311 - INFO - joeynmt.helpers -     cfg.training.print_valid_sents : [0, 1, 2, 3, 4]
2025-04-29 18:04:02,311 - INFO - joeynmt.helpers -       cfg.training.label_smoothing : 0.3
2025-04-29 18:04:02,311 - INFO - joeynmt.helpers -    cfg.model.model_args.layer_norm : pre
2025-04-29 18:04:02,311 - INFO - joeynmt.helpers -              cfg.model.initializer : xavier_uniform
2025-04-29 18:04:02,311 - INFO - joeynmt.helpers -         cfg.model.bias_initializer : zeros
2025-04-29 18:04:02,311 - INFO - joeynmt.helpers -                cfg.model.init_gain : 1.0
2025-04-29 18:04:02,311 - INFO - joeynmt.helpers -        cfg.model.embed_initializer : xavier_uniform
2025-04-29 18:04:02,311 - INFO - joeynmt.helpers -          cfg.model.embed_init_gain : 1.0
2025-04-29 18:04:02,311 - INFO - joeynmt.helpers -          cfg.model.tied_embeddings : True
2025-04-29 18:04:02,311 - INFO - joeynmt.helpers -             cfg.model.tied_softmax : True
2025-04-29 18:04:02,311 - INFO - joeynmt.helpers -             cfg.model.encoder.type : transformer
2025-04-29 18:04:02,311 - INFO - joeynmt.helpers -       cfg.model.encoder.num_layers : 4
2025-04-29 18:04:02,311 - INFO - joeynmt.helpers -        cfg.model.encoder.num_heads : 2
2025-04-29 18:04:02,311 - INFO - joeynmt.helpers - cfg.model.encoder.embeddings.embedding_dim : 256
2025-04-29 18:04:02,311 - INFO - joeynmt.helpers - cfg.model.encoder.embeddings.scale : True
2025-04-29 18:04:02,311 - INFO - joeynmt.helpers - cfg.model.encoder.embeddings.dropout : 0
2025-04-29 18:04:02,311 - INFO - joeynmt.helpers -      cfg.model.encoder.hidden_size : 256
2025-04-29 18:04:02,311 - INFO - joeynmt.helpers -          cfg.model.encoder.ff_size : 512
2025-04-29 18:04:02,311 - INFO - joeynmt.helpers -          cfg.model.encoder.dropout : 0
2025-04-29 18:04:02,311 - INFO - joeynmt.helpers -             cfg.model.decoder.type : transformer
2025-04-29 18:04:02,311 - INFO - joeynmt.helpers -       cfg.model.decoder.num_layers : 1
2025-04-29 18:04:02,311 - INFO - joeynmt.helpers -        cfg.model.decoder.num_heads : 2
2025-04-29 18:04:02,311 - INFO - joeynmt.helpers - cfg.model.decoder.embeddings.embedding_dim : 256
2025-04-29 18:04:02,311 - INFO - joeynmt.helpers - cfg.model.decoder.embeddings.scale : True
2025-04-29 18:04:02,311 - INFO - joeynmt.helpers - cfg.model.decoder.embeddings.dropout : 0
2025-04-29 18:04:02,311 - INFO - joeynmt.helpers -      cfg.model.decoder.hidden_size : 256
2025-04-29 18:04:02,311 - INFO - joeynmt.helpers -          cfg.model.decoder.ff_size : 512
2025-04-29 18:04:02,311 - INFO - joeynmt.helpers -          cfg.model.decoder.dropout : 0
2025-04-29 18:04:02,313 - INFO - joeynmt.data - Building tokenizer...
2025-04-29 18:04:02,319 - INFO - joeynmt.tokenizers - de tokenizer: SubwordNMTTokenizer(level=bpe, lowercase=False, normalize=False, filter_by_length=(-1, 100), pretokenizer=none, tokenizer=BPE, separator=@@, dropout=0.0)
2025-04-29 18:04:02,319 - INFO - joeynmt.tokenizers - en tokenizer: SubwordNMTTokenizer(level=bpe, lowercase=False, normalize=False, filter_by_length=(-1, 100), pretokenizer=none, tokenizer=BPE, separator=@@, dropout=0.0)
2025-04-29 18:04:02,319 - INFO - joeynmt.data - Loading train set...
2025-04-29 18:04:02,442 - INFO - joeynmt.data - Building vocabulary...
2025-04-29 18:04:02,547 - INFO - joeynmt.data - Loading dev set...
2025-04-29 18:04:02,548 - INFO - joeynmt.data - Loading test set...
2025-04-29 18:04:02,552 - INFO - joeynmt.data - Data loaded.
2025-04-29 18:04:02,552 - INFO - joeynmt.data - Train dataset: PlaintextDataset(split=train, len=100000, src_lang=de, trg_lang=en, has_trg=True, random_subset=-1)
2025-04-29 18:04:02,552 - INFO - joeynmt.data - Valid dataset: PlaintextDataset(split=dev, len=500, src_lang=de, trg_lang=en, has_trg=True, random_subset=-1)
2025-04-29 18:04:02,552 - INFO - joeynmt.data -  Test dataset: PlaintextDataset(split=test, len=2999, src_lang=de, trg_lang=en, has_trg=True, random_subset=-1)
2025-04-29 18:04:02,553 - INFO - joeynmt.data - First training example:
	[SRC] gem@@ ä@@ ß der vom Europäischen Parlament und von der gesam@@ ten Europäischen Union n@@ un@@ mehr ständi@@ g ver@@ tre@@ ten@@ en Lin@@ ie möchte ich Sie jedoch bit@@ ten , den gan@@ zen Ein@@ f@@ lu@@ ß Ih@@ res Am@@ tes und der Institu@@ tion , die Sie ver@@ treten , bei dem Prä@@ sident@@ schaf@@ ts@@ kan@@ di@@ d@@ aten und G@@ ou@@ ver@@ ne@@ ur von Tex@@ as , Ge@@ or@@ ge W@@ . B@@ us@@ h , der zur Aus@@ setzung der V@@ oll@@ stre@@ ck@@ ung des To@@ des@@ ur@@ teil@@ s und zur Be@@ gn@@ a@@ di@@ gung des Ver@@ ur@@ teil@@ ten be@@ fu@@ gt ist , gel@@ ten@@ d zu machen .
	[TRG] however , I would ask you , in acc@@ ord@@ ance with the line which is now con@@ st@@ ant@@ ly fol@@ low@@ ed by the European Parliament and by the whole of the European Community , to make represent@@ ations , using the wei@@ ght of your pres@@ ti@@ gi@@ ous off@@ ice and the institu@@ tion you re@@ present , to the President and to the Go@@ vern@@ or of Tex@@ as , Mr B@@ us@@ h , who has the power to order a stay of ex@@ ec@@ ution and to re@@ pri@@ e@@ ve the con@@ dem@@ ned per@@ son .
2025-04-29 18:04:02,553 - INFO - joeynmt.data - First 10 Src tokens: (0) <unk> (1) <pad> (2) <s> (3) </s> (4) , (5) . (6) the (7) in (8) die (9) der
2025-04-29 18:04:02,553 - INFO - joeynmt.data - First 10 Trg tokens: (0) <unk> (1) <pad> (2) <s> (3) </s> (4) , (5) . (6) the (7) in (8) die (9) der
2025-04-29 18:04:02,553 - INFO - joeynmt.data - Number of unique Src tokens (vocab_size): 4117
2025-04-29 18:04:02,553 - INFO - joeynmt.data - Number of unique Trg tokens (vocab_size): 4117
2025-04-29 18:04:02,554 - INFO - joeynmt.model - Building an encoder-decoder model...
2025-04-29 18:04:02,605 - INFO - joeynmt.model - Enc-dec model built.
2025-04-29 18:04:02,606 - INFO - joeynmt.model - Total params: 3953152
2025-04-29 18:04:02,606 - DEBUG - joeynmt.model - Trainable parameters: ['decoder.layers.0.dec_layer_norm.bias', 'decoder.layers.0.dec_layer_norm.weight', 'decoder.layers.0.feed_forward.layer_norm.bias', 'decoder.layers.0.feed_forward.layer_norm.weight', 'decoder.layers.0.feed_forward.pwff_layer.0.bias', 'decoder.layers.0.feed_forward.pwff_layer.0.weight', 'decoder.layers.0.feed_forward.pwff_layer.3.bias', 'decoder.layers.0.feed_forward.pwff_layer.3.weight', 'decoder.layers.0.src_trg_att.k_layer.bias', 'decoder.layers.0.src_trg_att.k_layer.weight', 'decoder.layers.0.src_trg_att.output_layer.bias', 'decoder.layers.0.src_trg_att.output_layer.weight', 'decoder.layers.0.src_trg_att.q_layer.bias', 'decoder.layers.0.src_trg_att.q_layer.weight', 'decoder.layers.0.src_trg_att.v_layer.bias', 'decoder.layers.0.src_trg_att.v_layer.weight', 'decoder.layers.0.trg_trg_att.k_layer.bias', 'decoder.layers.0.trg_trg_att.k_layer.weight', 'decoder.layers.0.trg_trg_att.output_layer.bias', 'decoder.layers.0.trg_trg_att.output_layer.weight', 'decoder.layers.0.trg_trg_att.q_layer.bias', 'decoder.layers.0.trg_trg_att.q_layer.weight', 'decoder.layers.0.trg_trg_att.v_layer.bias', 'decoder.layers.0.trg_trg_att.v_layer.weight', 'decoder.layers.0.x_layer_norm.bias', 'decoder.layers.0.x_layer_norm.weight', 'encoder.layers.0.feed_forward.layer_norm.bias', 'encoder.layers.0.feed_forward.layer_norm.weight', 'encoder.layers.0.feed_forward.pwff_layer.0.bias', 'encoder.layers.0.feed_forward.pwff_layer.0.weight', 'encoder.layers.0.feed_forward.pwff_layer.3.bias', 'encoder.layers.0.feed_forward.pwff_layer.3.weight', 'encoder.layers.0.layer_norm.bias', 'encoder.layers.0.layer_norm.weight', 'encoder.layers.0.src_src_att.k_layer.bias', 'encoder.layers.0.src_src_att.k_layer.weight', 'encoder.layers.0.src_src_att.output_layer.bias', 'encoder.layers.0.src_src_att.output_layer.weight', 'encoder.layers.0.src_src_att.q_layer.bias', 'encoder.layers.0.src_src_att.q_layer.weight', 'encoder.layers.0.src_src_att.v_layer.bias', 'encoder.layers.0.src_src_att.v_layer.weight', 'encoder.layers.1.feed_forward.layer_norm.bias', 'encoder.layers.1.feed_forward.layer_norm.weight', 'encoder.layers.1.feed_forward.pwff_layer.0.bias', 'encoder.layers.1.feed_forward.pwff_layer.0.weight', 'encoder.layers.1.feed_forward.pwff_layer.3.bias', 'encoder.layers.1.feed_forward.pwff_layer.3.weight', 'encoder.layers.1.layer_norm.bias', 'encoder.layers.1.layer_norm.weight', 'encoder.layers.1.src_src_att.k_layer.bias', 'encoder.layers.1.src_src_att.k_layer.weight', 'encoder.layers.1.src_src_att.output_layer.bias', 'encoder.layers.1.src_src_att.output_layer.weight', 'encoder.layers.1.src_src_att.q_layer.bias', 'encoder.layers.1.src_src_att.q_layer.weight', 'encoder.layers.1.src_src_att.v_layer.bias', 'encoder.layers.1.src_src_att.v_layer.weight', 'encoder.layers.2.feed_forward.layer_norm.bias', 'encoder.layers.2.feed_forward.layer_norm.weight', 'encoder.layers.2.feed_forward.pwff_layer.0.bias', 'encoder.layers.2.feed_forward.pwff_layer.0.weight', 'encoder.layers.2.feed_forward.pwff_layer.3.bias', 'encoder.layers.2.feed_forward.pwff_layer.3.weight', 'encoder.layers.2.layer_norm.bias', 'encoder.layers.2.layer_norm.weight', 'encoder.layers.2.src_src_att.k_layer.bias', 'encoder.layers.2.src_src_att.k_layer.weight', 'encoder.layers.2.src_src_att.output_layer.bias', 'encoder.layers.2.src_src_att.output_layer.weight', 'encoder.layers.2.src_src_att.q_layer.bias', 'encoder.layers.2.src_src_att.q_layer.weight', 'encoder.layers.2.src_src_att.v_layer.bias', 'encoder.layers.2.src_src_att.v_layer.weight', 'encoder.layers.3.feed_forward.layer_norm.bias', 'encoder.layers.3.feed_forward.layer_norm.weight', 'encoder.layers.3.feed_forward.pwff_layer.0.bias', 'encoder.layers.3.feed_forward.pwff_layer.0.weight', 'encoder.layers.3.feed_forward.pwff_layer.3.bias', 'encoder.layers.3.feed_forward.pwff_layer.3.weight', 'encoder.layers.3.layer_norm.bias', 'encoder.layers.3.layer_norm.weight', 'encoder.layers.3.src_src_att.k_layer.bias', 'encoder.layers.3.src_src_att.k_layer.weight', 'encoder.layers.3.src_src_att.output_layer.bias', 'encoder.layers.3.src_src_att.output_layer.weight', 'encoder.layers.3.src_src_att.q_layer.bias', 'encoder.layers.3.src_src_att.q_layer.weight', 'encoder.layers.3.src_src_att.v_layer.bias', 'encoder.layers.3.src_src_att.v_layer.weight', 'src_embed.lut.weight']
2025-04-29 18:04:02,607 - INFO - joeynmt.training - Model(
	encoder=TransformerEncoder(num_layers=4, num_heads=2, alpha=1.0, layer_norm="pre", activation=ReLU()),
	decoder=TransformerDecoder(num_layers=1, num_heads=2, alpha=1.0, layer_norm="post", activation=ReLU()),
	src_embed=Embeddings(embedding_dim=256, vocab_size=4117),
	trg_embed=Embeddings(embedding_dim=256, vocab_size=4117),
	loss_function=XentLoss(criterion=KLDivLoss(), smoothing=0.3))
2025-04-29 18:04:02,607 - INFO - joeynmt.builders - Adam(lr=0.0003, weight_decay=0.0, betas=(0.9, 0.999))
2025-04-29 18:04:02,607 - INFO - joeynmt.builders - ReduceLROnPlateau(mode=min, verbose=False, threshold_mode=abs, eps=0.0, factor=0.7, patience=8)
2025-04-29 18:04:02,607 - INFO - joeynmt.training - Train stats:
	device: cpu
	n_gpu: 0
	16-bits training: False
	gradient accumulation: 1
	batch size per device: 2048
	effective batch size (w. parallel & accumulation): 2048
2025-04-29 18:04:02,607 - INFO - joeynmt.training - EPOCH 1
2025-04-29 18:04:19,079 - INFO - joeynmt.training - Epoch   1, Step:      100, Batch Loss:     4.262218, Batch Acc: 0.052379, Tokens per Sec:     5588, Lr: 0.000300
2025-04-29 18:04:35,181 - INFO - joeynmt.training - Epoch   1, Step:      200, Batch Loss:     4.151260, Batch Acc: 0.082299, Tokens per Sec:     5728, Lr: 0.000300
2025-04-29 18:04:51,141 - INFO - joeynmt.training - Epoch   1, Step:      300, Batch Loss:     4.073266, Batch Acc: 0.091845, Tokens per Sec:     5799, Lr: 0.000300
2025-04-29 18:05:07,076 - INFO - joeynmt.training - Epoch   1, Step:      400, Batch Loss:     3.965190, Batch Acc: 0.092130, Tokens per Sec:     5754, Lr: 0.000300
2025-04-29 18:05:23,180 - INFO - joeynmt.training - Epoch   1, Step:      500, Batch Loss:     3.882412, Batch Acc: 0.097819, Tokens per Sec:     5763, Lr: 0.000300
2025-04-29 18:05:23,180 - INFO - joeynmt.prediction - Predicting 500 example(s)... (Greedy decoding with min_output_length=1, max_output_length=-1, return_prob='none', generate_unk=True, repetition_penalty=-1, no_repeat_ngram_size=-1)
2025-04-29 18:06:24,122 - INFO - joeynmt.prediction - Evaluation result (greedy) loss:   4.01, ppl:  55.38, acc:   0.09, generation: 60.9325[sec], evaluation: 0.0000[sec]
2025-04-29 18:06:24,123 - INFO - joeynmt.training - Hooray! New best validation result [ppl]!
2025-04-29 18:06:24,202 - INFO - joeynmt.training - Example #0
2025-04-29 18:06:24,202 - DEBUG - joeynmt.training - 	Tokenized source:     ['die', 'Pre@@', 'mi@@', 'er@@', 'minist@@', 'er', 'Indi@@', 'ens', 'und', 'J@@', 'ap@@', 'ans', 'tra@@', 'fen', 'sich', 'in', 'T@@', 'ok@@', 'i@@', 'o', '.']
2025-04-29 18:06:24,202 - DEBUG - joeynmt.training - 	Tokenized reference:  ['Indi@@', 'a', 'and', 'J@@', 'ap@@', 'an', 'pri@@', 'me', 'minist@@', 'ers', 'me@@', 'et', 'in', 'T@@', 'ok@@', 'y@@', 'o']
2025-04-29 18:06:24,202 - DEBUG - joeynmt.training - 	Tokenized hypothesis: ['the', 'is', 'the', 'is', 'the', 'is', 'the', 'is', 'the', 'is', 'the', 'is', 'the', 'is', 'the', 'is', 'the', 'is', 'the', 'is', 'the', 'is', 'the', 'is', 'the', 'is', 'the', 'is', 'the', 'is', 'the', 'is', 'the', 'is', 'the', 'is', 'the', 'is', 'the', 'is', 'the', 'is', 'the', 'is', 'the', 'is', 'the', 'is', 'the', 'is', 'the', 'is', 'the', 'is', 'the', 'is', 'the', 'is', 'the', 'is', 'the', 'is', 'the', 'is', 'the', 'is', 'the', 'is', 'the', 'is', 'the', 'is', 'the', 'is', 'the', 'is', 'the', 'is', 'the', 'is', 'the', 'is', 'the', 'is', 'the', 'is', 'the', 'is', 'the', 'is', 'the', 'is', 'the', 'is', 'the', 'is', 'the', 'is', 'the', 'is', 'the', 'is', 'the', 'is', 'the', 'is', 'the', 'is', 'the', 'is', 'the', 'is', 'the', 'is', 'the', 'is', 'the', 'is', 'the', 'is', 'the', 'is', 'the', 'is', 'the', 'is', 'the', 'is', 'the', 'is', 'the', 'is', 'the', 'is', 'the', 'is', 'the', 'is']
2025-04-29 18:06:24,202 - INFO - joeynmt.training - 	Source:     die Premierminister Indiens und Japans trafen sich in Tokio .
2025-04-29 18:06:24,202 - INFO - joeynmt.training - 	Reference:  India and Japan prime ministers meet in Tokyo
2025-04-29 18:06:24,203 - INFO - joeynmt.training - 	Hypothesis: the is the is the is the is the is the is the is the is the is the is the is the is the is the is the is the is the is the is the is the is the is the is the is the is the is the is the is the is the is the is the is the is the is the is the is the is the is the is the is the is the is the is the is the is the is the is the is the is the is the is the is the is the is the is the is the is the is the is the is the is the is the is the is the is the is the is the is the is the is
2025-04-29 18:06:24,203 - INFO - joeynmt.training - Example #1
2025-04-29 18:06:24,203 - DEBUG - joeynmt.training - 	Tokenized source:     ['Indi@@', 'ens', 'neu@@', 'er', 'Pre@@', 'mi@@', 'er@@', 'minist@@', 'er', 'N@@', 'ar@@', 'end@@', 'ra', 'Mo@@', 'd@@', 'i', 'tri@@', 'fft', 'bei', 's@@', 'einem', 'ersten', 'wichti@@', 'gen', 'Aus@@', 'land@@', 's@@', 'bes@@', 'u@@', 'ch', 'seit', 's@@', 'einem', 'W@@', 'ah@@', 'l@@', 'si@@', 'e@@', 'g', 'im', 'Ma@@', 'i', 'seinen', 'j@@', 'ap@@', 'an@@', 'ischen', 'Am@@', 'ts@@', 'k@@', 'olle@@', 'gen', 'S@@', 'hin@@', 'z@@', 'o', 'A@@', 'be', 'in', 'T@@', 'ok@@', 'o', ',', 'um', 'wirtschaf@@', 'tliche', 'und', 'sicher@@', 'heits@@', 'politische', 'Be@@', 'zieh@@', 'ungen', 'zu', 'bes@@', 'pre@@', 'chen', '.']
2025-04-29 18:06:24,203 - DEBUG - joeynmt.training - 	Tokenized reference:  ['Indi@@', 'a', '&apos;s', 'new', 'pri@@', 'me', 'minist@@', 'er', ',', 'N@@', 'ar@@', 'end@@', 'ra', 'Mo@@', 'd@@', 'i', ',', 'is', 'me@@', 'eting', 'his', 'J@@', 'ap@@', 'an@@', 'ese', 'coun@@', 'ter@@', 'part', ',', 'S@@', 'hin@@', 'z@@', 'o', 'A@@', 'be', ',', 'in', 'T@@', 'ok@@', 'y@@', 'o', 'to', 'disc@@', 'uss', 'economic', 'and', 'security', 'ties', ',', 'on', 'his', 'first', 'major', 'fore@@', 'ign', 'visi@@', 't', 'since', 'w@@', 'inn@@', 'ing', 'Ma@@', 'y', '&apos;s', 'elec@@', 'tion', '.']
2025-04-29 18:06:24,203 - DEBUG - joeynmt.training - 	Tokenized hypothesis: ['the', ',', 'the', ',', 'the', ',', 'the', ',', 'the', ',', 'the', ',', 'the', ',', 'the', ',', 'the', ',', 'the', ',', 'the', ',', 'the', ',', 'the', ',', 'the', ',', 'the', ',', 'the', ',', 'the', ',', 'the', ',', 'the', ',', 'the', ',', 'the', ',', 'the', ',', 'the', ',', 'the', ',', 'the', ',', 'the', ',', 'the', ',', 'the', ',', 'the', ',', 'the', ',', 'the', ',', 'the', ',', 'the', ',', 'the', ',', 'the', ',', 'the', ',', 'the', ',', 'the', ',', 'the', ',', 'the', ',', 'the', ',', 'the', ',', 'the', ',', 'the', ',', 'the', ',', 'the', ',', 'the', ',', 'the', ',', 'the', ',', 'the', ',', 'the', ',', 'the', ',', 'the', ',', 'the', ',', 'the', ',', 'the', ',', 'the', 'c@@', ',', 'the', ',', 'the', ',', 'the', ',', 'the', ',', 'the', ',', 'the', ',', 'the', ',', 'the', ',', 'the', ',', 'the', ',', 'the', ',', 'the']
2025-04-29 18:06:24,203 - INFO - joeynmt.training - 	Source:     Indiens neuer Premierminister Narendra Modi trifft bei seinem ersten wichtigen Auslandsbesuch seit seinem Wahlsieg im Mai seinen japanischen Amtskollegen Shinzo Abe in Toko , um wirtschaftliche und sicherheitspolitische Beziehungen zu besprechen .
2025-04-29 18:06:24,203 - INFO - joeynmt.training - 	Reference:  India &apos;s new prime minister , Narendra Modi , is meeting his Japanese counterpart , Shinzo Abe , in Tokyo to discuss economic and security ties , on his first major foreign visit since winning May &apos;s election .
2025-04-29 18:06:24,203 - INFO - joeynmt.training - 	Hypothesis: the , the , the , the , the , the , the , the , the , the , the , the , the , the , the , the , the , the , the , the , the , the , the , the , the , the , the , the , the , the , the , the , the , the , the , the , the , the , the , the , the , the , the , the , the , the , the , the , the , the , the , the , the , the , the , the , the c, the , the , the , the , the , the , the , the , the , the , the , the
2025-04-29 18:06:24,203 - INFO - joeynmt.training - Example #2
2025-04-29 18:06:24,203 - DEBUG - joeynmt.training - 	Tokenized source:     ['Herr', 'Mo@@', 'd@@', 'i', 'befindet', 'sich', 'auf', 'einer', 'fü@@', 'n@@', 'f@@', 'tä@@', 'gi@@', 'gen', 'Rei@@', 'se', 'nach', 'J@@', 'ap@@', 'an', ',', 'um', 'die', 'wirtschaf@@', 'tlichen', 'Be@@', 'zieh@@', 'ungen', 'mit', 'der', 'd@@', 'rit@@', 't@@', 'größ@@', 'ten', 'Wirtschafts@@', 'n@@', 'ation', 'der', 'Welt', 'zu', 'fes@@', 'tigen', '.']
2025-04-29 18:06:24,203 - DEBUG - joeynmt.training - 	Tokenized reference:  ['Mr', 'Mo@@', 'd@@', 'i', 'is', 'on', 'a', 'fi@@', 've', '@@@', '-@@', '@', 'day', 'tri@@', 'p', 'to', 'J@@', 'ap@@', 'an', 'to', 'streng@@', 'then', 'economic', 'ties', 'with', 'the', 'third', 'lar@@', 'ges@@', 't', 'econom@@', 'y', 'in', 'the', 'world', '.']
2025-04-29 18:06:24,203 - DEBUG - joeynmt.training - 	Tokenized hypothesis: ['the', 'is', 'the', 'is', 'the', 'is', 'the', 'is', 'the', 'is', 'the', 'is', 'the', 'is', 'the', 'is', 'the', 'is', 'the', 'is', 'the', 'is', 'the', 'is', 'the', 'is', 'the', 'is', 'the', 'is', 'the', 'is', 'the', 'is', 'the', 'is', 'the', 'is', 'the', 'is', 'the', 'is', 'the', 'is', 'the', 'is', 'the', 'is', 'the', 'is', 'the', 'is', 'the', 'is', 'the', 'is', 'the', 'is', 'the', 'is', 'the', 'is', 'the', 'is', 'the', 'is', 'the', 'is', 'the', 'is', 'the', 'is', 'the', 'is', 'the', 'is', 'the', 'is', 'the', 'is', 'the', 'is', 'the', 'is', 'the', 'is', 'the', 'is', 'the', 'is', 'the', 'is', 'the', 'is', 'the', 'is', 'the', 'is', 'the', 'is', 'the', 'is', 'the', 'is', 'the', 'is', 'the', 'is', 'the', 'is', 'the', 'is', 'the', 'c@@', ',', 'the', 'is', 'the', 'is', 'the', 'is', 'the', 'is', 'the', 'is', 'the', 'is', 'the', 'is', 'the', 'is', 'the', 'is', 'the', 'is', 'the', 'is', 'the']
2025-04-29 18:06:24,203 - INFO - joeynmt.training - 	Source:     Herr Modi befindet sich auf einer fünftägigen Reise nach Japan , um die wirtschaftlichen Beziehungen mit der drittgrößten Wirtschaftsnation der Welt zu festigen .
2025-04-29 18:06:24,203 - INFO - joeynmt.training - 	Reference:  Mr Modi is on a five @-@ day trip to Japan to strengthen economic ties with the third largest economy in the world .
2025-04-29 18:06:24,203 - INFO - joeynmt.training - 	Hypothesis: the is the is the is the is the is the is the is the is the is the is the is the is the is the is the is the is the is the is the is the is the is the is the is the is the is the is the is the is the is the is the is the is the is the is the is the is the is the is the is the is the is the is the is the is the is the is the is the is the is the is the is the is the is the is the is the is the c, the is the is the is the is the is the is the is the is the is the is the is the
2025-04-29 18:06:24,203 - INFO - joeynmt.training - Example #3
2025-04-29 18:06:24,203 - DEBUG - joeynmt.training - 	Tokenized source:     ['P@@', 'län@@', 'e', 'für', 'eine', 'stärk@@', 'ere', 'k@@', 'ern@@', 'techn@@', 'ische', 'Zusammenarbeit', 'stehen', 'ganz', 'ob@@', 'en', 'auf', 'der', 'Tag@@', 'es@@', 'ordnung', '.']
2025-04-29 18:06:24,203 - DEBUG - joeynmt.training - 	Tokenized reference:  ['high', 'on', 'the', 'agen@@', 'da', 'are', 'pl@@', 'ans', 'for', 'gre@@', 'ater', 'nu@@', 'clear', 'c@@', 'o', '@@@', '-@@', '@', 'operation', '.']
2025-04-29 18:06:24,203 - DEBUG - joeynmt.training - 	Tokenized hypothesis: ['the', 'is', 'the', 'is', 'the', 'is', 'the', 'is', 'the', 'is', 'the', 'is', 'the', 'is', 'the', 'is', 'the', 'is', 'the', 'is', 'the', 'is', 'the', 'is', 'the', 'is', 'the', 'is', 'the', 'is', 'the', 'is', 'the', 'is', 'the', 'is', 'the', 'is', 'the', 'is', 'the', 'is', 'the', 'is', 'the', 'is', 'the', 'is', 'the', 'is', 'the', 'is', 'the', 'is', 'the', 'is', 'the', 'is', 'the', 'is', 'the', 'is', 'the', 'is', 'the', 'is', 'the', 'is', 'the', 'is', 'the', 'is', 'the', 'is', 'the', 'is', 'the', 'is', 'the', 'is', 'the', 'is', 'the', 'is', 'the', 'is', 'the', 'is', 'the', 'is', 'the', 'is', 'the', 'is', 'the', 'is', 'the', 'is', 'the', 'is', 'the', 'is', 'the', 'is', 'the', 'is', 'the', 'is', 'the', 'is', 'the', 'is', 'the', 'c@@', '.', '</s>']
2025-04-29 18:06:24,203 - INFO - joeynmt.training - 	Source:     Pläne für eine stärkere kerntechnische Zusammenarbeit stehen ganz oben auf der Tagesordnung .
2025-04-29 18:06:24,203 - INFO - joeynmt.training - 	Reference:  high on the agenda are plans for greater nuclear co @-@ operation .
2025-04-29 18:06:24,203 - INFO - joeynmt.training - 	Hypothesis: the is the is the is the is the is the is the is the is the is the is the is the is the is the is the is the is the is the is the is the is the is the is the is the is the is the is the is the is the is the is the is the is the is the is the is the is the is the is the is the is the is the is the is the is the is the is the is the is the is the is the is the is the is the is the is the is the c.
2025-04-29 18:06:24,203 - INFO - joeynmt.training - Example #4
2025-04-29 18:06:24,203 - DEBUG - joeynmt.training - 	Tokenized source:     ['Berich@@', 'ten', 'zu@@', 'fol@@', 'ge', 'ho@@', 'fft', 'Indi@@', 'en', 'darüber', 'hinaus', 'auf', 'einen', 'Ver@@', 'trag', 'zur', 'Ver@@', 'tei@@', 'dig@@', 'ungs@@', 'zusammen@@', 'arbeit', 'zwischen', 'den', 'beiden', 'N@@', 'ationen', '.']
2025-04-29 18:06:24,203 - DEBUG - joeynmt.training - 	Tokenized reference:  ['Indi@@', 'a', 'is', 'also', 're@@', 'porte@@', 'dly', 'hop@@', 'ing', 'for', 'a', 'de@@', 'al', 'on', 'def@@', 'ence', 'c@@', 'oll@@', 'ab@@', 'or@@', 'ation', 'between', 'the', 'two', 'n@@', 'ations', '.']
2025-04-29 18:06:24,203 - DEBUG - joeynmt.training - 	Tokenized hypothesis: ['the', 'is', 'the', 'is', 'the', 'is', 'the', 'is', 'the', 'is', 'the', 'is', 'the', 'is', 'the', 'is', 'the', 'is', 'the', 'is', 'the', 'is', 'the', 'is', 'the', 'is', 'the', 'is', 'the', 'is', 'the', 'is', 'the', 'is', 'the', 'is', 'the', 'is', 'the', 'is', 'the', 'is', 'the', 'is', 'the', 'is', 'the', 'is', 'the', 'is', 'the', 'is', 'the', 'is', 'the', 'is', 'the', 'is', 'the', 'is', 'the', 'is', 'the', 'is', 'the', 'is', 'the', 'is', 'the', 'is', 'the', 'is', 'the', 'is', 'the', 'is', 'the', 'is', 'the', 'is', 'the', 'is', 'the', 'is', 'the', 'is', 'the', 'is', 'the', 'is', 'the', 'is', 'the', 'is', 'the', 'is', 'the', 'is', 'the', 'is', 'the', 'is', 'the', 'is', 'the', 'is', 'the', 'is', 'the', 'is', 'the', 'is', 'the', 'c@@', '.', '</s>']
2025-04-29 18:06:24,203 - INFO - joeynmt.training - 	Source:     Berichten zufolge hofft Indien darüber hinaus auf einen Vertrag zur Verteidigungszusammenarbeit zwischen den beiden Nationen .
2025-04-29 18:06:24,203 - INFO - joeynmt.training - 	Reference:  India is also reportedly hoping for a deal on defence collaboration between the two nations .
2025-04-29 18:06:24,204 - INFO - joeynmt.training - 	Hypothesis: the is the is the is the is the is the is the is the is the is the is the is the is the is the is the is the is the is the is the is the is the is the is the is the is the is the is the is the is the is the is the is the is the is the is the is the is the is the is the is the is the is the is the is the is the is the is the is the is the is the is the is the is the is the is the is the is the c.
2025-04-29 18:06:40,307 - INFO - joeynmt.training - Epoch   1, Step:      600, Batch Loss:     3.870818, Batch Acc: 0.100129, Tokens per Sec:     5797, Lr: 0.000300
2025-04-29 18:06:56,630 - INFO - joeynmt.training - Epoch   1, Step:      700, Batch Loss:     3.786537, Batch Acc: 0.104049, Tokens per Sec:     5669, Lr: 0.000300
2025-04-29 18:07:12,671 - INFO - joeynmt.training - Epoch   1, Step:      800, Batch Loss:     3.763391, Batch Acc: 0.103381, Tokens per Sec:     5709, Lr: 0.000300
2025-04-29 18:07:28,848 - INFO - joeynmt.training - Epoch   1, Step:      900, Batch Loss:     3.680002, Batch Acc: 0.106325, Tokens per Sec:     5617, Lr: 0.000300
2025-04-29 18:07:45,047 - INFO - joeynmt.training - Epoch   1, Step:     1000, Batch Loss:     3.627192, Batch Acc: 0.106175, Tokens per Sec:     5802, Lr: 0.000300
2025-04-29 18:07:45,048 - INFO - joeynmt.prediction - Predicting 500 example(s)... (Greedy decoding with min_output_length=1, max_output_length=-1, return_prob='none', generate_unk=True, repetition_penalty=-1, no_repeat_ngram_size=-1)
2025-04-29 18:08:45,997 - INFO - joeynmt.prediction - Evaluation result (greedy) loss:   3.90, ppl:  49.62, acc:   0.09, generation: 60.9412[sec], evaluation: 0.0000[sec]
2025-04-29 18:08:45,997 - INFO - joeynmt.training - Hooray! New best validation result [ppl]!
2025-04-29 18:08:46,075 - INFO - joeynmt.training - Example #0
2025-04-29 18:08:46,075 - DEBUG - joeynmt.training - 	Tokenized source:     ['die', 'Pre@@', 'mi@@', 'er@@', 'minist@@', 'er', 'Indi@@', 'ens', 'und', 'J@@', 'ap@@', 'ans', 'tra@@', 'fen', 'sich', 'in', 'T@@', 'ok@@', 'i@@', 'o', '.']
2025-04-29 18:08:46,075 - DEBUG - joeynmt.training - 	Tokenized reference:  ['Indi@@', 'a', 'and', 'J@@', 'ap@@', 'an', 'pri@@', 'me', 'minist@@', 'ers', 'me@@', 'et', 'in', 'T@@', 'ok@@', 'y@@', 'o']
2025-04-29 18:08:46,075 - DEBUG - joeynmt.training - 	Tokenized hypothesis: ['the', 'European', 'European', 'European', 'European', 'European', 'European', 'European', 'European', 'European', 'European', 'European', 'European', 'European', 'European', 'European', 'European', 'European', 'European', 'European', 'European', 'European', 'European', 'European', 'European', 'European', 'European', 'European', 'European', 'European', 'European', 'European', 'European', 'European', 'European', 'European', 'European', 'European', 'European', 'European', 'European', 'European', 'European', 'European', 'European', 'European', 'European', 'European', 'European', 'European', 'European', 'European', 'European', 'European', 'European', 'European', 'European', 'European', 'European', 'European', 'European', 'European', 'European', 'European', 'European', 'European', 'European', 'European', 'European', 'European', 'European', 'European', 'European', 'European', 'European', 'European', 'European', 'European', 'European', 'European', 'European', 'European', 'European', 'European', 'European', 'European', 'European', 'European', 'European', 'European', 'European', 'European', 'European', 'European', 'European', 'European', 'European', 'European', 'European', 'European', 'European', 'European', 'European', 'European', 'European', 'European', '.', '</s>']
2025-04-29 18:08:46,075 - INFO - joeynmt.training - 	Source:     die Premierminister Indiens und Japans trafen sich in Tokio .
2025-04-29 18:08:46,075 - INFO - joeynmt.training - 	Reference:  India and Japan prime ministers meet in Tokyo
2025-04-29 18:08:46,075 - INFO - joeynmt.training - 	Hypothesis: the European European European European European European European European European European European European European European European European European European European European European European European European European European European European European European European European European European European European European European European European European European European European European European European European European European European European European European European European European European European European European European European European European European European European European European European European European European European European European European European European European European European European European European European European European European European European European European European European European European European European European European European European European .
2025-04-29 18:08:46,075 - INFO - joeynmt.training - Example #1
2025-04-29 18:08:46,075 - DEBUG - joeynmt.training - 	Tokenized source:     ['Indi@@', 'ens', 'neu@@', 'er', 'Pre@@', 'mi@@', 'er@@', 'minist@@', 'er', 'N@@', 'ar@@', 'end@@', 'ra', 'Mo@@', 'd@@', 'i', 'tri@@', 'fft', 'bei', 's@@', 'einem', 'ersten', 'wichti@@', 'gen', 'Aus@@', 'land@@', 's@@', 'bes@@', 'u@@', 'ch', 'seit', 's@@', 'einem', 'W@@', 'ah@@', 'l@@', 'si@@', 'e@@', 'g', 'im', 'Ma@@', 'i', 'seinen', 'j@@', 'ap@@', 'an@@', 'ischen', 'Am@@', 'ts@@', 'k@@', 'olle@@', 'gen', 'S@@', 'hin@@', 'z@@', 'o', 'A@@', 'be', 'in', 'T@@', 'ok@@', 'o', ',', 'um', 'wirtschaf@@', 'tliche', 'und', 'sicher@@', 'heits@@', 'politische', 'Be@@', 'zieh@@', 'ungen', 'zu', 'bes@@', 'pre@@', 'chen', '.']
2025-04-29 18:08:46,075 - DEBUG - joeynmt.training - 	Tokenized reference:  ['Indi@@', 'a', '&apos;s', 'new', 'pri@@', 'me', 'minist@@', 'er', ',', 'N@@', 'ar@@', 'end@@', 'ra', 'Mo@@', 'd@@', 'i', ',', 'is', 'me@@', 'eting', 'his', 'J@@', 'ap@@', 'an@@', 'ese', 'coun@@', 'ter@@', 'part', ',', 'S@@', 'hin@@', 'z@@', 'o', 'A@@', 'be', ',', 'in', 'T@@', 'ok@@', 'y@@', 'o', 'to', 'disc@@', 'uss', 'economic', 'and', 'security', 'ties', ',', 'on', 'his', 'first', 'major', 'fore@@', 'ign', 'visi@@', 't', 'since', 'w@@', 'inn@@', 'ing', 'Ma@@', 'y', '&apos;s', 'elec@@', 'tion', '.']
2025-04-29 18:08:46,075 - DEBUG - joeynmt.training - 	Tokenized hypothesis: ['the', 'European', 'European', 'European', 'European', 'European', 'European', 'European', 'European', 'European', 'European', 'European', 'European', 'European', 'European', 'European', 'European', 'European', 'European', 'European', 'European', 'European', 'European', 'European', 'European', 'European', 'European', 'European', 'European', 'European', 'European', 'European', 'European', 'European', 'European', 'European', 'European', 'European', 'European', 'European', 'European', 'European', 'European', 'European', 'European', 'European', 'European', 'European', 'European', 'European', 'European', 'European', 'European', 'European', 'European', 'European', 'European', 'European', 'European', 'European', 'European', 'European', 'European', 'European', 'European', 'European', 'European', 'European', 'European', 'European', 'European', 'European', 'European', 'European', 'A@@', 'A@@', 'A@@', 'A@@', 'A@@', 'A@@', 'ec@@', 'ed', '.', '</s>']
2025-04-29 18:08:46,075 - INFO - joeynmt.training - 	Source:     Indiens neuer Premierminister Narendra Modi trifft bei seinem ersten wichtigen Auslandsbesuch seit seinem Wahlsieg im Mai seinen japanischen Amtskollegen Shinzo Abe in Toko , um wirtschaftliche und sicherheitspolitische Beziehungen zu besprechen .
2025-04-29 18:08:46,075 - INFO - joeynmt.training - 	Reference:  India &apos;s new prime minister , Narendra Modi , is meeting his Japanese counterpart , Shinzo Abe , in Tokyo to discuss economic and security ties , on his first major foreign visit since winning May &apos;s election .
2025-04-29 18:08:46,075 - INFO - joeynmt.training - 	Hypothesis: the European European European European European European European European European European European European European European European European European European European European European European European European European European European European European European European European European European European European European European European European European European European European European European European European European European European European European European European European European European European European European European European European European European European European European European European European European AAAAAAeced .
2025-04-29 18:08:46,075 - INFO - joeynmt.training - Example #2
2025-04-29 18:08:46,075 - DEBUG - joeynmt.training - 	Tokenized source:     ['Herr', 'Mo@@', 'd@@', 'i', 'befindet', 'sich', 'auf', 'einer', 'fü@@', 'n@@', 'f@@', 'tä@@', 'gi@@', 'gen', 'Rei@@', 'se', 'nach', 'J@@', 'ap@@', 'an', ',', 'um', 'die', 'wirtschaf@@', 'tlichen', 'Be@@', 'zieh@@', 'ungen', 'mit', 'der', 'd@@', 'rit@@', 't@@', 'größ@@', 'ten', 'Wirtschafts@@', 'n@@', 'ation', 'der', 'Welt', 'zu', 'fes@@', 'tigen', '.']
2025-04-29 18:08:46,075 - DEBUG - joeynmt.training - 	Tokenized reference:  ['Mr', 'Mo@@', 'd@@', 'i', 'is', 'on', 'a', 'fi@@', 've', '@@@', '-@@', '@', 'day', 'tri@@', 'p', 'to', 'J@@', 'ap@@', 'an', 'to', 'streng@@', 'then', 'economic', 'ties', 'with', 'the', 'third', 'lar@@', 'ges@@', 't', 'econom@@', 'y', 'in', 'the', 'world', '.']
2025-04-29 18:08:46,075 - DEBUG - joeynmt.training - 	Tokenized hypothesis: ['the', 'European', 'European', 'European', 'European', 'European', 'European', 'European', 'European', 'European', 'European', 'European', 'European', 'European', 'European', 'European', 'European', 'European', 'European', 'European', 'European', 'European', 'European', 'European', 'European', 'European', 'European', 'European', 'European', 'European', 'European', 'European', 'European', 'European', 'European', 'European', 'European', 'European', 'European', 'European', 'European', 'European', 'European', 'European', 'European', 'European', 'European', 'European', 'European', 'European', 'European', 'European', 'European', 'European', 'European', 'European', 'European', 'European', 'European', 'European', 'European', 'European', 'European', 'European', 'European', 'European', 'European', 'European', 'European', 'European', 'European', 'European', 'European', 'European', 'European', 'European', 'European', 'European', 'European', 'European', 'European', 'European', 'European', 'European', 'European', 'European', 'European', 'European', 'European', 'European', 'European', 'European', 'European', 'European', 'European', 'European', 'European', 'European', 'European', 'European', 'European', 'European', 'European', 'European', 'European', 'European', 'European', 'European', 'European', 'European', 'European', 'European', 'European', 'European', 'European', 'European', 'European', 'European', 'European', 'European', 'European', 'European', 'European', 'European', 'European', 'European', 'European', 'European', 'European', 'European', 'European', 'European', 'European', 'European', 'European', 'European', 'European', 'European']
2025-04-29 18:08:46,075 - INFO - joeynmt.training - 	Source:     Herr Modi befindet sich auf einer fünftägigen Reise nach Japan , um die wirtschaftlichen Beziehungen mit der drittgrößten Wirtschaftsnation der Welt zu festigen .
2025-04-29 18:08:46,075 - INFO - joeynmt.training - 	Reference:  Mr Modi is on a five @-@ day trip to Japan to strengthen economic ties with the third largest economy in the world .
2025-04-29 18:08:46,075 - INFO - joeynmt.training - 	Hypothesis: the European European European European European European European European European European European European European European European European European European European European European European European European European European European European European European European European European European European European European European European European European European European European European European European European European European European European European European European European European European European European European European European European European European European European European European European European European European European European European European European European European European European European European European European European European European European European European European European European European European European European European European European European European European European European European European European European European European European European European European European European European European European European European European European European European European European European European European European European European
2025-04-29 18:08:46,076 - INFO - joeynmt.training - Example #3
2025-04-29 18:08:46,076 - DEBUG - joeynmt.training - 	Tokenized source:     ['P@@', 'län@@', 'e', 'für', 'eine', 'stärk@@', 'ere', 'k@@', 'ern@@', 'techn@@', 'ische', 'Zusammenarbeit', 'stehen', 'ganz', 'ob@@', 'en', 'auf', 'der', 'Tag@@', 'es@@', 'ordnung', '.']
2025-04-29 18:08:46,076 - DEBUG - joeynmt.training - 	Tokenized reference:  ['high', 'on', 'the', 'agen@@', 'da', 'are', 'pl@@', 'ans', 'for', 'gre@@', 'ater', 'nu@@', 'clear', 'c@@', 'o', '@@@', '-@@', '@', 'operation', '.']
2025-04-29 18:08:46,076 - DEBUG - joeynmt.training - 	Tokenized hypothesis: ['the', 'President', ',', 'the', 'President', ',', 'the', 'President', ',', 'the', 'President', ',', 'the', 'President', ',', 'the', 'President', '.', '</s>']
2025-04-29 18:08:46,076 - INFO - joeynmt.training - 	Source:     Pläne für eine stärkere kerntechnische Zusammenarbeit stehen ganz oben auf der Tagesordnung .
2025-04-29 18:08:46,076 - INFO - joeynmt.training - 	Reference:  high on the agenda are plans for greater nuclear co @-@ operation .
2025-04-29 18:08:46,076 - INFO - joeynmt.training - 	Hypothesis: the President , the President , the President , the President , the President , the President .
2025-04-29 18:08:46,076 - INFO - joeynmt.training - Example #4
2025-04-29 18:08:46,076 - DEBUG - joeynmt.training - 	Tokenized source:     ['Berich@@', 'ten', 'zu@@', 'fol@@', 'ge', 'ho@@', 'fft', 'Indi@@', 'en', 'darüber', 'hinaus', 'auf', 'einen', 'Ver@@', 'trag', 'zur', 'Ver@@', 'tei@@', 'dig@@', 'ungs@@', 'zusammen@@', 'arbeit', 'zwischen', 'den', 'beiden', 'N@@', 'ationen', '.']
2025-04-29 18:08:46,076 - DEBUG - joeynmt.training - 	Tokenized reference:  ['Indi@@', 'a', 'is', 'also', 're@@', 'porte@@', 'dly', 'hop@@', 'ing', 'for', 'a', 'de@@', 'al', 'on', 'def@@', 'ence', 'c@@', 'oll@@', 'ab@@', 'or@@', 'ation', 'between', 'the', 'two', 'n@@', 'ations', '.']
2025-04-29 18:08:46,076 - DEBUG - joeynmt.training - 	Tokenized hypothesis: ['the', 'A@@', 'ec@@', 'ing', 'the', 'A@@', 'ec@@', 'ing', 'the', 'A@@', 'ec@@', 'ing', 'the', 'A@@', 'ec@@', 'ing', 'the', 'A@@', 'ec@@', 'ing', 'the', 'A@@', 'A@@', 'ec@@', 'ing', 'the', 'A@@', 'ec@@', 'ing', 'the', 'A@@', 'A@@', 'A@@', 'A@@', 'ec@@', 'ing', 'the', 'A@@', 'ec@@', 'ing', 'is', 'is', 'is', 'is', 'is', 'be', 'is', 'the', 'A@@', 'ec@@', 'ing', 'is', 'the', 'A@@', 'ec@@', 'ing', 'the', 'A@@', 'ec@@', 'ing', 'the', 'A@@', 'ec@@', 'ing', 'is', 'be', 'is', 'is', 'be', 'is', 'the', '.', '</s>']
2025-04-29 18:08:46,076 - INFO - joeynmt.training - 	Source:     Berichten zufolge hofft Indien darüber hinaus auf einen Vertrag zur Verteidigungszusammenarbeit zwischen den beiden Nationen .
2025-04-29 18:08:46,076 - INFO - joeynmt.training - 	Reference:  India is also reportedly hoping for a deal on defence collaboration between the two nations .
2025-04-29 18:08:46,076 - INFO - joeynmt.training - 	Hypothesis: the Aecing the Aecing the Aecing the Aecing the Aecing the AAecing the Aecing the AAAAecing the Aecing is is is is is be is the Aecing is the Aecing the Aecing the Aecing is be is is be is the .
2025-04-29 18:09:02,180 - INFO - joeynmt.training - Epoch   1, Step:     1100, Batch Loss:     3.748128, Batch Acc: 0.109503, Tokens per Sec:     5679, Lr: 0.000300
2025-04-29 18:09:18,304 - INFO - joeynmt.training - Epoch   1, Step:     1200, Batch Loss:     3.801299, Batch Acc: 0.110194, Tokens per Sec:     5744, Lr: 0.000300
2025-04-29 18:09:35,376 - INFO - joeynmt.training - Epoch   1, Step:     1300, Batch Loss:     3.651717, Batch Acc: 0.112570, Tokens per Sec:     5389, Lr: 0.000300
2025-04-29 18:09:51,588 - INFO - joeynmt.training - Epoch   1, Step:     1400, Batch Loss:     3.606992, Batch Acc: 0.114509, Tokens per Sec:     5646, Lr: 0.000300
2025-04-29 18:10:07,821 - INFO - joeynmt.training - Epoch   1, Step:     1500, Batch Loss:     3.589301, Batch Acc: 0.117280, Tokens per Sec:     5604, Lr: 0.000300
2025-04-29 18:10:07,821 - INFO - joeynmt.prediction - Predicting 500 example(s)... (Greedy decoding with min_output_length=1, max_output_length=-1, return_prob='none', generate_unk=True, repetition_penalty=-1, no_repeat_ngram_size=-1)
2025-04-29 18:11:08,081 - INFO - joeynmt.prediction - Evaluation result (greedy) loss:   3.82, ppl:  45.74, acc:   0.10, generation: 60.2554[sec], evaluation: 0.0000[sec]
2025-04-29 18:11:08,083 - INFO - joeynmt.training - Hooray! New best validation result [ppl]!
2025-04-29 18:11:08,162 - INFO - joeynmt.training - Example #0
2025-04-29 18:11:08,162 - DEBUG - joeynmt.training - 	Tokenized source:     ['die', 'Pre@@', 'mi@@', 'er@@', 'minist@@', 'er', 'Indi@@', 'ens', 'und', 'J@@', 'ap@@', 'ans', 'tra@@', 'fen', 'sich', 'in', 'T@@', 'ok@@', 'i@@', 'o', '.']
2025-04-29 18:11:08,162 - DEBUG - joeynmt.training - 	Tokenized reference:  ['Indi@@', 'a', 'and', 'J@@', 'ap@@', 'an', 'pri@@', 'me', 'minist@@', 'ers', 'me@@', 'et', 'in', 'T@@', 'ok@@', 'y@@', 'o']
2025-04-29 18:11:08,162 - DEBUG - joeynmt.training - 	Tokenized hypothesis: ['the', 'is', 'the', 'is', 'the', 'is', 'the', 'are', 'a', 're@@', 'p@@', 'ent', '.', '</s>']
2025-04-29 18:11:08,162 - INFO - joeynmt.training - 	Source:     die Premierminister Indiens und Japans trafen sich in Tokio .
2025-04-29 18:11:08,162 - INFO - joeynmt.training - 	Reference:  India and Japan prime ministers meet in Tokyo
2025-04-29 18:11:08,162 - INFO - joeynmt.training - 	Hypothesis: the is the is the is the are a repent .
2025-04-29 18:11:08,162 - INFO - joeynmt.training - Example #1
2025-04-29 18:11:08,162 - DEBUG - joeynmt.training - 	Tokenized source:     ['Indi@@', 'ens', 'neu@@', 'er', 'Pre@@', 'mi@@', 'er@@', 'minist@@', 'er', 'N@@', 'ar@@', 'end@@', 'ra', 'Mo@@', 'd@@', 'i', 'tri@@', 'fft', 'bei', 's@@', 'einem', 'ersten', 'wichti@@', 'gen', 'Aus@@', 'land@@', 's@@', 'bes@@', 'u@@', 'ch', 'seit', 's@@', 'einem', 'W@@', 'ah@@', 'l@@', 'si@@', 'e@@', 'g', 'im', 'Ma@@', 'i', 'seinen', 'j@@', 'ap@@', 'an@@', 'ischen', 'Am@@', 'ts@@', 'k@@', 'olle@@', 'gen', 'S@@', 'hin@@', 'z@@', 'o', 'A@@', 'be', 'in', 'T@@', 'ok@@', 'o', ',', 'um', 'wirtschaf@@', 'tliche', 'und', 'sicher@@', 'heits@@', 'politische', 'Be@@', 'zieh@@', 'ungen', 'zu', 'bes@@', 'pre@@', 'chen', '.']
2025-04-29 18:11:08,162 - DEBUG - joeynmt.training - 	Tokenized reference:  ['Indi@@', 'a', '&apos;s', 'new', 'pri@@', 'me', 'minist@@', 'er', ',', 'N@@', 'ar@@', 'end@@', 'ra', 'Mo@@', 'd@@', 'i', ',', 'is', 'me@@', 'eting', 'his', 'J@@', 'ap@@', 'an@@', 'ese', 'coun@@', 'ter@@', 'part', ',', 'S@@', 'hin@@', 'z@@', 'o', 'A@@', 'be', ',', 'in', 'T@@', 'ok@@', 'y@@', 'o', 'to', 'disc@@', 'uss', 'economic', 'and', 'security', 'ties', ',', 'on', 'his', 'first', 'major', 'fore@@', 'ign', 'visi@@', 't', 'since', 'w@@', 'inn@@', 'ing', 'Ma@@', 'y', '&apos;s', 'elec@@', 'tion', '.']
2025-04-29 18:11:08,162 - DEBUG - joeynmt.training - 	Tokenized hypothesis: ['the', 're@@', 'v@@', 'es', 'of', 'the', 're@@', 'v@@', 'es', 'of', 'the', 're@@', 'v@@', 'es', 'of', 'the', 're@@', 'v@@', 'es', 'of', 'the', 're@@', 'v@@', 'ent', ',', 'the', 're@@', 'v@@', 'es', ',', 'the', 're@@', 'v@@', 'es', ',', 'the', 're@@', 'v@@', 'es', ',', 'the', 're@@', 'v@@', 'es', ',', 'the', 're@@', 'v@@', 'es', ',', 'the', 're@@', 'v@@', 'es', ',', 'the', 're@@', 'v@@', 'es', 'of', 'the', 're@@', 'v@@', 'es', 'of', 'the', 're@@', 'v@@', 'es', '.', '</s>']
2025-04-29 18:11:08,162 - INFO - joeynmt.training - 	Source:     Indiens neuer Premierminister Narendra Modi trifft bei seinem ersten wichtigen Auslandsbesuch seit seinem Wahlsieg im Mai seinen japanischen Amtskollegen Shinzo Abe in Toko , um wirtschaftliche und sicherheitspolitische Beziehungen zu besprechen .
2025-04-29 18:11:08,163 - INFO - joeynmt.training - 	Reference:  India &apos;s new prime minister , Narendra Modi , is meeting his Japanese counterpart , Shinzo Abe , in Tokyo to discuss economic and security ties , on his first major foreign visit since winning May &apos;s election .
2025-04-29 18:11:08,163 - INFO - joeynmt.training - 	Hypothesis: the reves of the reves of the reves of the reves of the revent , the reves , the reves , the reves , the reves , the reves , the reves , the reves of the reves of the reves .
2025-04-29 18:11:08,163 - INFO - joeynmt.training - Example #2
2025-04-29 18:11:08,163 - DEBUG - joeynmt.training - 	Tokenized source:     ['Herr', 'Mo@@', 'd@@', 'i', 'befindet', 'sich', 'auf', 'einer', 'fü@@', 'n@@', 'f@@', 'tä@@', 'gi@@', 'gen', 'Rei@@', 'se', 'nach', 'J@@', 'ap@@', 'an', ',', 'um', 'die', 'wirtschaf@@', 'tlichen', 'Be@@', 'zieh@@', 'ungen', 'mit', 'der', 'd@@', 'rit@@', 't@@', 'größ@@', 'ten', 'Wirtschafts@@', 'n@@', 'ation', 'der', 'Welt', 'zu', 'fes@@', 'tigen', '.']
2025-04-29 18:11:08,163 - DEBUG - joeynmt.training - 	Tokenized reference:  ['Mr', 'Mo@@', 'd@@', 'i', 'is', 'on', 'a', 'fi@@', 've', '@@@', '-@@', '@', 'day', 'tri@@', 'p', 'to', 'J@@', 'ap@@', 'an', 'to', 'streng@@', 'then', 'economic', 'ties', 'with', 'the', 'third', 'lar@@', 'ges@@', 't', 'econom@@', 'y', 'in', 'the', 'world', '.']
2025-04-29 18:11:08,163 - DEBUG - joeynmt.training - 	Tokenized hypothesis: ['I', 'are', 'be', 'be', 'be', 'be', 'be', 'be', 'be', 'be', 'be', 'be', 'be', 'be', 'be', 'be', 'be', 'be', 'be', 'be', 'be', 'be', 'be', 'be', 'be', 'be', 'be', 'be', 'be', 'be', 'be', 'be', 'be', 'be', 'be', 'be', 'be', 'be', 'be', 'be', 'be', 'be', 'be', 'be', 'be', 'be', 'be', 'be', 'be', 'be', 'be', 'be', 'be', 'be', 'be', 'be', 'be', 'be', 'be', 'be', 'be', 'be', 'be', 'be', 'be', 'be', 'be', 'be', 'be', 'be', 'be', 'be', 'be', 'be', 'be', 're@@', 'States', '.', '</s>']
2025-04-29 18:11:08,163 - INFO - joeynmt.training - 	Source:     Herr Modi befindet sich auf einer fünftägigen Reise nach Japan , um die wirtschaftlichen Beziehungen mit der drittgrößten Wirtschaftsnation der Welt zu festigen .
2025-04-29 18:11:08,163 - INFO - joeynmt.training - 	Reference:  Mr Modi is on a five @-@ day trip to Japan to strengthen economic ties with the third largest economy in the world .
2025-04-29 18:11:08,163 - INFO - joeynmt.training - 	Hypothesis: I are be be be be be be be be be be be be be be be be be be be be be be be be be be be be be be be be be be be be be be be be be be be be be be be be be be be be be be be be be be be be be be be be be be be be be be be be be reStates .
2025-04-29 18:11:08,163 - INFO - joeynmt.training - Example #3
2025-04-29 18:11:08,163 - DEBUG - joeynmt.training - 	Tokenized source:     ['P@@', 'län@@', 'e', 'für', 'eine', 'stärk@@', 'ere', 'k@@', 'ern@@', 'techn@@', 'ische', 'Zusammenarbeit', 'stehen', 'ganz', 'ob@@', 'en', 'auf', 'der', 'Tag@@', 'es@@', 'ordnung', '.']
2025-04-29 18:11:08,163 - DEBUG - joeynmt.training - 	Tokenized reference:  ['high', 'on', 'the', 'agen@@', 'da', 'are', 'pl@@', 'ans', 'for', 'gre@@', 'ater', 'nu@@', 'clear', 'c@@', 'o', '@@@', '-@@', '@', 'operation', '.']
2025-04-29 18:11:08,163 - DEBUG - joeynmt.training - 	Tokenized hypothesis: ['the', 're@@', 'States', 'of', 'the', 're@@', 'States', 'of', 'the', 're@@', 'States', 'of', 'the', 're@@', 'States', '.', '</s>']
2025-04-29 18:11:08,163 - INFO - joeynmt.training - 	Source:     Pläne für eine stärkere kerntechnische Zusammenarbeit stehen ganz oben auf der Tagesordnung .
2025-04-29 18:11:08,163 - INFO - joeynmt.training - 	Reference:  high on the agenda are plans for greater nuclear co @-@ operation .
2025-04-29 18:11:08,163 - INFO - joeynmt.training - 	Hypothesis: the reStates of the reStates of the reStates of the reStates .
2025-04-29 18:11:08,163 - INFO - joeynmt.training - Example #4
2025-04-29 18:11:08,163 - DEBUG - joeynmt.training - 	Tokenized source:     ['Berich@@', 'ten', 'zu@@', 'fol@@', 'ge', 'ho@@', 'fft', 'Indi@@', 'en', 'darüber', 'hinaus', 'auf', 'einen', 'Ver@@', 'trag', 'zur', 'Ver@@', 'tei@@', 'dig@@', 'ungs@@', 'zusammen@@', 'arbeit', 'zwischen', 'den', 'beiden', 'N@@', 'ationen', '.']
2025-04-29 18:11:08,163 - DEBUG - joeynmt.training - 	Tokenized reference:  ['Indi@@', 'a', 'is', 'also', 're@@', 'porte@@', 'dly', 'hop@@', 'ing', 'for', 'a', 'de@@', 'al', 'on', 'def@@', 'ence', 'c@@', 'oll@@', 'ab@@', 'or@@', 'ation', 'between', 'the', 'two', 'n@@', 'ations', '.']
2025-04-29 18:11:08,163 - DEBUG - joeynmt.training - 	Tokenized hypothesis: ['the', 're@@', 'States', 'of', 'the', 're@@', 'States', 'of', 'the', 're@@', 'States', 'of', 'the', 're@@', 'States', 'of', 'the', 're@@', 'States', 'of', 'the', 're@@', 'States', '.', '</s>']
2025-04-29 18:11:08,163 - INFO - joeynmt.training - 	Source:     Berichten zufolge hofft Indien darüber hinaus auf einen Vertrag zur Verteidigungszusammenarbeit zwischen den beiden Nationen .
2025-04-29 18:11:08,163 - INFO - joeynmt.training - 	Reference:  India is also reportedly hoping for a deal on defence collaboration between the two nations .
2025-04-29 18:11:08,163 - INFO - joeynmt.training - 	Hypothesis: the reStates of the reStates of the reStates of the reStates of the reStates of the reStates .
2025-04-29 18:11:24,284 - INFO - joeynmt.training - Epoch   1, Step:     1600, Batch Loss:     3.636344, Batch Acc: 0.118417, Tokens per Sec:     5761, Lr: 0.000300
2025-04-29 18:11:40,279 - INFO - joeynmt.training - Epoch   1, Step:     1700, Batch Loss:     3.556097, Batch Acc: 0.124438, Tokens per Sec:     5690, Lr: 0.000300
2025-04-29 18:11:56,536 - INFO - joeynmt.training - Epoch   1, Step:     1800, Batch Loss:     3.574532, Batch Acc: 0.127028, Tokens per Sec:     5639, Lr: 0.000300
2025-04-29 18:12:12,701 - INFO - joeynmt.training - Epoch   1, Step:     1900, Batch Loss:     3.508270, Batch Acc: 0.134537, Tokens per Sec:     5690, Lr: 0.000300
2025-04-29 18:12:29,346 - INFO - joeynmt.training - Epoch   1, Step:     2000, Batch Loss:     3.373902, Batch Acc: 0.139484, Tokens per Sec:     5494, Lr: 0.000300
2025-04-29 18:12:29,346 - INFO - joeynmt.prediction - Predicting 500 example(s)... (Greedy decoding with min_output_length=1, max_output_length=-1, return_prob='none', generate_unk=True, repetition_penalty=-1, no_repeat_ngram_size=-1)
2025-04-29 18:13:31,975 - INFO - joeynmt.prediction - Evaluation result (greedy) loss:   3.71, ppl:  40.68, acc:   0.11, generation: 62.6240[sec], evaluation: 0.0000[sec]
2025-04-29 18:13:31,977 - INFO - joeynmt.training - Hooray! New best validation result [ppl]!
2025-04-29 18:13:32,057 - INFO - joeynmt.training - Example #0
2025-04-29 18:13:32,058 - DEBUG - joeynmt.training - 	Tokenized source:     ['die', 'Pre@@', 'mi@@', 'er@@', 'minist@@', 'er', 'Indi@@', 'ens', 'und', 'J@@', 'ap@@', 'ans', 'tra@@', 'fen', 'sich', 'in', 'T@@', 'ok@@', 'i@@', 'o', '.']
2025-04-29 18:13:32,058 - DEBUG - joeynmt.training - 	Tokenized reference:  ['Indi@@', 'a', 'and', 'J@@', 'ap@@', 'an', 'pri@@', 'me', 'minist@@', 'ers', 'me@@', 'et', 'in', 'T@@', 'ok@@', 'y@@', 'o']
2025-04-29 18:13:32,058 - DEBUG - joeynmt.training - 	Tokenized hypothesis: ['the', 're@@', 'mo@@', 've', 'the', 're@@', 'v@@', 'or@@', 'er', 'of', 'the', 're@@', 'v@@', 'or@@', 'er', ',', 'the', 's@@', 'y@@', 'a', '.', '</s>']
2025-04-29 18:13:32,058 - INFO - joeynmt.training - 	Source:     die Premierminister Indiens und Japans trafen sich in Tokio .
2025-04-29 18:13:32,058 - INFO - joeynmt.training - 	Reference:  India and Japan prime ministers meet in Tokyo
2025-04-29 18:13:32,058 - INFO - joeynmt.training - 	Hypothesis: the remove the revorer of the revorer , the sya .
2025-04-29 18:13:32,058 - INFO - joeynmt.training - Example #1
2025-04-29 18:13:32,058 - DEBUG - joeynmt.training - 	Tokenized source:     ['Indi@@', 'ens', 'neu@@', 'er', 'Pre@@', 'mi@@', 'er@@', 'minist@@', 'er', 'N@@', 'ar@@', 'end@@', 'ra', 'Mo@@', 'd@@', 'i', 'tri@@', 'fft', 'bei', 's@@', 'einem', 'ersten', 'wichti@@', 'gen', 'Aus@@', 'land@@', 's@@', 'bes@@', 'u@@', 'ch', 'seit', 's@@', 'einem', 'W@@', 'ah@@', 'l@@', 'si@@', 'e@@', 'g', 'im', 'Ma@@', 'i', 'seinen', 'j@@', 'ap@@', 'an@@', 'ischen', 'Am@@', 'ts@@', 'k@@', 'olle@@', 'gen', 'S@@', 'hin@@', 'z@@', 'o', 'A@@', 'be', 'in', 'T@@', 'ok@@', 'o', ',', 'um', 'wirtschaf@@', 'tliche', 'und', 'sicher@@', 'heits@@', 'politische', 'Be@@', 'zieh@@', 'ungen', 'zu', 'bes@@', 'pre@@', 'chen', '.']
2025-04-29 18:13:32,058 - DEBUG - joeynmt.training - 	Tokenized reference:  ['Indi@@', 'a', '&apos;s', 'new', 'pri@@', 'me', 'minist@@', 'er', ',', 'N@@', 'ar@@', 'end@@', 'ra', 'Mo@@', 'd@@', 'i', ',', 'is', 'me@@', 'eting', 'his', 'J@@', 'ap@@', 'an@@', 'ese', 'coun@@', 'ter@@', 'part', ',', 'S@@', 'hin@@', 'z@@', 'o', 'A@@', 'be', ',', 'in', 'T@@', 'ok@@', 'y@@', 'o', 'to', 'disc@@', 'uss', 'economic', 'and', 'security', 'ties', ',', 'on', 'his', 'first', 'major', 'fore@@', 'ign', 'visi@@', 't', 'since', 'w@@', 'inn@@', 'ing', 'Ma@@', 'y', '&apos;s', 'elec@@', 'tion', '.']
2025-04-29 18:13:32,058 - DEBUG - joeynmt.training - 	Tokenized hypothesis: ['the', 're@@', 'v@@', 'or@@', 'es', 'of', 'the', 're@@', 'f@@', 'or@@', 'es', ',', 'the', 're@@', 'f@@', 'or@@', 'es', 'of', 'the', 're@@', 'f@@', 'un@@', 'a', ',', 'the', 're@@', 'v@@', 'or@@', 'es', ',', 'the', 're@@', 'v@@', 'or@@', 'es', 'of', 'the', 're@@', 'v@@', 'or@@', 'es', 'of', 'the', 're@@', 'v@@', 'or@@', 'es', 'of', 'the', 're@@', 'v@@', 'or@@', 'es', 'of', 'the', 's@@', 'or@@', 'es', 'of', 'the', 're@@', 'v@@', 'or@@', 'es', 'of', 'the', 's@@', 'or@@', 'ing', 'the', 're@@', 'v@@', 'or@@', 'es', '.', '</s>']
2025-04-29 18:13:32,058 - INFO - joeynmt.training - 	Source:     Indiens neuer Premierminister Narendra Modi trifft bei seinem ersten wichtigen Auslandsbesuch seit seinem Wahlsieg im Mai seinen japanischen Amtskollegen Shinzo Abe in Toko , um wirtschaftliche und sicherheitspolitische Beziehungen zu besprechen .
2025-04-29 18:13:32,058 - INFO - joeynmt.training - 	Reference:  India &apos;s new prime minister , Narendra Modi , is meeting his Japanese counterpart , Shinzo Abe , in Tokyo to discuss economic and security ties , on his first major foreign visit since winning May &apos;s election .
2025-04-29 18:13:32,058 - INFO - joeynmt.training - 	Hypothesis: the revores of the refores , the refores of the refuna , the revores , the revores of the revores of the revores of the revores of the sores of the revores of the soring the revores .
2025-04-29 18:13:32,058 - INFO - joeynmt.training - Example #2
2025-04-29 18:13:32,058 - DEBUG - joeynmt.training - 	Tokenized source:     ['Herr', 'Mo@@', 'd@@', 'i', 'befindet', 'sich', 'auf', 'einer', 'fü@@', 'n@@', 'f@@', 'tä@@', 'gi@@', 'gen', 'Rei@@', 'se', 'nach', 'J@@', 'ap@@', 'an', ',', 'um', 'die', 'wirtschaf@@', 'tlichen', 'Be@@', 'zieh@@', 'ungen', 'mit', 'der', 'd@@', 'rit@@', 't@@', 'größ@@', 'ten', 'Wirtschafts@@', 'n@@', 'ation', 'der', 'Welt', 'zu', 'fes@@', 'tigen', '.']
2025-04-29 18:13:32,058 - DEBUG - joeynmt.training - 	Tokenized reference:  ['Mr', 'Mo@@', 'd@@', 'i', 'is', 'on', 'a', 'fi@@', 've', '@@@', '-@@', '@', 'day', 'tri@@', 'p', 'to', 'J@@', 'ap@@', 'an', 'to', 'streng@@', 'then', 'economic', 'ties', 'with', 'the', 'third', 'lar@@', 'ges@@', 't', 'econom@@', 'y', 'in', 'the', 'world', '.']
2025-04-29 18:13:32,058 - DEBUG - joeynmt.training - 	Tokenized hypothesis: ['Mr', 'President', ',', 'I', 'have', 'been', 'been', 'been', 'been', 'been', 'been', 'been', 'been', 'been', 'been', 'been', 'been', 'been', 'the', 'Commission', ',', 'the', 'European', 'Union', 'of', 'the', 'European', 'Union', ',', 'the', 'European', 'Union', ',', 'the', 'European', 'Union', 'of', 'the', 'Commission', ',', 'the', 'Commission', 'of', 'the', 'Commission', '.', '</s>']
2025-04-29 18:13:32,058 - INFO - joeynmt.training - 	Source:     Herr Modi befindet sich auf einer fünftägigen Reise nach Japan , um die wirtschaftlichen Beziehungen mit der drittgrößten Wirtschaftsnation der Welt zu festigen .
2025-04-29 18:13:32,058 - INFO - joeynmt.training - 	Reference:  Mr Modi is on a five @-@ day trip to Japan to strengthen economic ties with the third largest economy in the world .
2025-04-29 18:13:32,058 - INFO - joeynmt.training - 	Hypothesis: Mr President , I have been been been been been been been been been been been been been the Commission , the European Union of the European Union , the European Union , the European Union of the Commission , the Commission of the Commission .
2025-04-29 18:13:32,058 - INFO - joeynmt.training - Example #3
2025-04-29 18:13:32,058 - DEBUG - joeynmt.training - 	Tokenized source:     ['P@@', 'län@@', 'e', 'für', 'eine', 'stärk@@', 'ere', 'k@@', 'ern@@', 'techn@@', 'ische', 'Zusammenarbeit', 'stehen', 'ganz', 'ob@@', 'en', 'auf', 'der', 'Tag@@', 'es@@', 'ordnung', '.']
2025-04-29 18:13:32,058 - DEBUG - joeynmt.training - 	Tokenized reference:  ['high', 'on', 'the', 'agen@@', 'da', 'are', 'pl@@', 'ans', 'for', 'gre@@', 'ater', 'nu@@', 'clear', 'c@@', 'o', '@@@', '-@@', '@', 'operation', '.']
2025-04-29 18:13:32,058 - DEBUG - joeynmt.training - 	Tokenized hypothesis: ['the', 'Commission', 'is', 'the', 'Commission', 'is', 'the', 'Commission', 'of', 'the', 'Commission', 'of', 'the', 'Commission', 'of', 'the', 'European', 'Union', '.', '</s>']
2025-04-29 18:13:32,058 - INFO - joeynmt.training - 	Source:     Pläne für eine stärkere kerntechnische Zusammenarbeit stehen ganz oben auf der Tagesordnung .
2025-04-29 18:13:32,058 - INFO - joeynmt.training - 	Reference:  high on the agenda are plans for greater nuclear co @-@ operation .
2025-04-29 18:13:32,058 - INFO - joeynmt.training - 	Hypothesis: the Commission is the Commission is the Commission of the Commission of the Commission of the European Union .
2025-04-29 18:13:32,058 - INFO - joeynmt.training - Example #4
2025-04-29 18:13:32,059 - DEBUG - joeynmt.training - 	Tokenized source:     ['Berich@@', 'ten', 'zu@@', 'fol@@', 'ge', 'ho@@', 'fft', 'Indi@@', 'en', 'darüber', 'hinaus', 'auf', 'einen', 'Ver@@', 'trag', 'zur', 'Ver@@', 'tei@@', 'dig@@', 'ungs@@', 'zusammen@@', 'arbeit', 'zwischen', 'den', 'beiden', 'N@@', 'ationen', '.']
2025-04-29 18:13:32,059 - DEBUG - joeynmt.training - 	Tokenized reference:  ['Indi@@', 'a', 'is', 'also', 're@@', 'porte@@', 'dly', 'hop@@', 'ing', 'for', 'a', 'de@@', 'al', 'on', 'def@@', 'ence', 'c@@', 'oll@@', 'ab@@', 'or@@', 'ation', 'between', 'the', 'two', 'n@@', 'ations', '.']
2025-04-29 18:13:32,059 - DEBUG - joeynmt.training - 	Tokenized hypothesis: ['the', 'Commission', 'is', 'the', 'Commission', 'is', 'the', 'European', 'Union', 'of', 'the', 'European', 'Union', 'of', 'the', 'European', 'Union', '.', '</s>']
2025-04-29 18:13:32,059 - INFO - joeynmt.training - 	Source:     Berichten zufolge hofft Indien darüber hinaus auf einen Vertrag zur Verteidigungszusammenarbeit zwischen den beiden Nationen .
2025-04-29 18:13:32,059 - INFO - joeynmt.training - 	Reference:  India is also reportedly hoping for a deal on defence collaboration between the two nations .
2025-04-29 18:13:32,059 - INFO - joeynmt.training - 	Hypothesis: the Commission is the Commission is the European Union of the European Union of the European Union .
2025-04-29 18:13:49,252 - INFO - joeynmt.training - Epoch   1, Step:     2100, Batch Loss:     3.417806, Batch Acc: 0.145588, Tokens per Sec:     5327, Lr: 0.000300
2025-04-29 18:14:06,355 - INFO - joeynmt.training - Epoch   1, Step:     2200, Batch Loss:     3.361967, Batch Acc: 0.156870, Tokens per Sec:     5342, Lr: 0.000300
2025-04-29 18:14:23,431 - INFO - joeynmt.training - Epoch   1, Step:     2300, Batch Loss:     3.449667, Batch Acc: 0.168873, Tokens per Sec:     5344, Lr: 0.000300
2025-04-29 18:14:40,487 - INFO - joeynmt.training - Epoch   1, Step:     2400, Batch Loss:     3.311832, Batch Acc: 0.184523, Tokens per Sec:     5263, Lr: 0.000300
2025-04-29 18:14:57,714 - INFO - joeynmt.training - Epoch   1, Step:     2500, Batch Loss:     3.207865, Batch Acc: 0.190375, Tokens per Sec:     5226, Lr: 0.000300
2025-04-29 18:14:57,714 - INFO - joeynmt.prediction - Predicting 500 example(s)... (Greedy decoding with min_output_length=1, max_output_length=-1, return_prob='none', generate_unk=True, repetition_penalty=-1, no_repeat_ngram_size=-1)
2025-04-29 18:16:03,703 - INFO - joeynmt.prediction - Evaluation result (greedy) loss:   3.47, ppl:  32.27, acc:   0.15, generation: 65.9837[sec], evaluation: 0.0000[sec]
2025-04-29 18:16:03,704 - INFO - joeynmt.training - Hooray! New best validation result [ppl]!
2025-04-29 18:16:03,784 - INFO - joeynmt.training - Example #0
2025-04-29 18:16:03,784 - DEBUG - joeynmt.training - 	Tokenized source:     ['die', 'Pre@@', 'mi@@', 'er@@', 'minist@@', 'er', 'Indi@@', 'ens', 'und', 'J@@', 'ap@@', 'ans', 'tra@@', 'fen', 'sich', 'in', 'T@@', 'ok@@', 'i@@', 'o', '.']
2025-04-29 18:16:03,784 - DEBUG - joeynmt.training - 	Tokenized reference:  ['Indi@@', 'a', 'and', 'J@@', 'ap@@', 'an', 'pri@@', 'me', 'minist@@', 'ers', 'me@@', 'et', 'in', 'T@@', 'ok@@', 'y@@', 'o']
2025-04-29 18:16:03,784 - DEBUG - joeynmt.training - 	Tokenized hypothesis: ['the', 'hotel', 'is', 'a', ',', 'the', 'hotel', 'is', 'a', 'b@@', 'our@@', 's', 'of', 'the', 'b@@', 'our@@', 's', 'of', 'the', 'C@@', 'an@@', 'a', '.', '</s>']
2025-04-29 18:16:03,784 - INFO - joeynmt.training - 	Source:     die Premierminister Indiens und Japans trafen sich in Tokio .
2025-04-29 18:16:03,784 - INFO - joeynmt.training - 	Reference:  India and Japan prime ministers meet in Tokyo
2025-04-29 18:16:03,784 - INFO - joeynmt.training - 	Hypothesis: the hotel is a , the hotel is a bours of the bours of the Cana .
2025-04-29 18:16:03,784 - INFO - joeynmt.training - Example #1
2025-04-29 18:16:03,784 - DEBUG - joeynmt.training - 	Tokenized source:     ['Indi@@', 'ens', 'neu@@', 'er', 'Pre@@', 'mi@@', 'er@@', 'minist@@', 'er', 'N@@', 'ar@@', 'end@@', 'ra', 'Mo@@', 'd@@', 'i', 'tri@@', 'fft', 'bei', 's@@', 'einem', 'ersten', 'wichti@@', 'gen', 'Aus@@', 'land@@', 's@@', 'bes@@', 'u@@', 'ch', 'seit', 's@@', 'einem', 'W@@', 'ah@@', 'l@@', 'si@@', 'e@@', 'g', 'im', 'Ma@@', 'i', 'seinen', 'j@@', 'ap@@', 'an@@', 'ischen', 'Am@@', 'ts@@', 'k@@', 'olle@@', 'gen', 'S@@', 'hin@@', 'z@@', 'o', 'A@@', 'be', 'in', 'T@@', 'ok@@', 'o', ',', 'um', 'wirtschaf@@', 'tliche', 'und', 'sicher@@', 'heits@@', 'politische', 'Be@@', 'zieh@@', 'ungen', 'zu', 'bes@@', 'pre@@', 'chen', '.']
2025-04-29 18:16:03,784 - DEBUG - joeynmt.training - 	Tokenized reference:  ['Indi@@', 'a', '&apos;s', 'new', 'pri@@', 'me', 'minist@@', 'er', ',', 'N@@', 'ar@@', 'end@@', 'ra', 'Mo@@', 'd@@', 'i', ',', 'is', 'me@@', 'eting', 'his', 'J@@', 'ap@@', 'an@@', 'ese', 'coun@@', 'ter@@', 'part', ',', 'S@@', 'hin@@', 'z@@', 'o', 'A@@', 'be', ',', 'in', 'T@@', 'ok@@', 'y@@', 'o', 'to', 'disc@@', 'uss', 'economic', 'and', 'security', 'ties', ',', 'on', 'his', 'first', 'major', 'fore@@', 'ign', 'visi@@', 't', 'since', 'w@@', 'inn@@', 'ing', 'Ma@@', 'y', '&apos;s', 'elec@@', 'tion', '.']
2025-04-29 18:16:03,784 - DEBUG - joeynmt.training - 	Tokenized hypothesis: ['the', 'C@@', 'C@@', 'C@@', 'C@@', 'C@@', 'C@@', 'C@@', 'C@@', 'C@@', 'C@@', 'C@@', 'C@@', 'C@@', 'C@@', 'C@@', 'C@@', 'C@@', 'C@@', 'C@@', 'C@@', 'C@@', 'C@@', 'C@@', 'C@@', 'C@@', 'C@@', 'C@@', 'C@@', 'C@@', 'C@@', 'C@@', 'C@@', 'C@@', 'C@@', 'C@@', 'C@@', 'C@@', 'C@@', 'C@@', 'C@@', 'C@@', 'C@@', 'C@@', 'C@@', 'C@@', 'C@@', 'C@@', 'C@@', 'C@@', 'C@@', 'C@@', 'C@@', 'C@@', 'C@@', 'C@@', 'C@@', 'C@@', 'C@@', 'C@@', 'C@@', 'C@@', 'C@@', 'C@@', 'C@@', 'C@@', 'C@@', 'C@@', 'C@@', 'C@@', 'C@@', 'C@@', 'C@@', 'a@@', 'a@@', 'a@@', 'a@@', 'a@@', 'a@@', 'a@@', 'a@@', 'a@@', 'a@@', 'a@@', 'a@@', 'a@@', 'a@@', 'a@@', 'a@@', 'a@@', 'a@@', 'a@@', 'a@@', 'a@@', 'a@@', 'a@@', 'a@@', 'a@@', 'a@@', 'a@@', 'a@@', 'a@@', 'a@@', 'a@@', 'in', 'the', ',', 'the', 'S@@', 'S@@', 'S@@', 'S@@', 'S@@', 'S@@', 'S@@', 'S@@', 'S@@', 'S@@', 'S@@', 'S@@', 'S@@', 'S@@', 'S@@', 'S@@', 'S@@', 'S@@', 'S@@', 'S@@', 'S@@', 'S@@', 'S@@', 'S@@', 'S@@', 'S@@', 'S@@', 'S@@', 'S@@', 'S@@']
2025-04-29 18:16:03,784 - INFO - joeynmt.training - 	Source:     Indiens neuer Premierminister Narendra Modi trifft bei seinem ersten wichtigen Auslandsbesuch seit seinem Wahlsieg im Mai seinen japanischen Amtskollegen Shinzo Abe in Toko , um wirtschaftliche und sicherheitspolitische Beziehungen zu besprechen .
2025-04-29 18:16:03,784 - INFO - joeynmt.training - 	Reference:  India &apos;s new prime minister , Narendra Modi , is meeting his Japanese counterpart , Shinzo Abe , in Tokyo to discuss economic and security ties , on his first major foreign visit since winning May &apos;s election .
2025-04-29 18:16:03,784 - INFO - joeynmt.training - 	Hypothesis: the CCCCCCCCCCCCCCCCCCCCCCCCCCCCCCCCCCCCCCCCCCCCCCCCCCCCCCCCCCCCCCCCCCCCCCCCaaaaaaaaaaaaaaaaaaaaaaaaaaaaaaain the , the SSSSSSSSSSSSSSSSSSSSSSSSSSSSSS
2025-04-29 18:16:03,784 - INFO - joeynmt.training - Example #2
2025-04-29 18:16:03,784 - DEBUG - joeynmt.training - 	Tokenized source:     ['Herr', 'Mo@@', 'd@@', 'i', 'befindet', 'sich', 'auf', 'einer', 'fü@@', 'n@@', 'f@@', 'tä@@', 'gi@@', 'gen', 'Rei@@', 'se', 'nach', 'J@@', 'ap@@', 'an', ',', 'um', 'die', 'wirtschaf@@', 'tlichen', 'Be@@', 'zieh@@', 'ungen', 'mit', 'der', 'd@@', 'rit@@', 't@@', 'größ@@', 'ten', 'Wirtschafts@@', 'n@@', 'ation', 'der', 'Welt', 'zu', 'fes@@', 'tigen', '.']
2025-04-29 18:16:03,784 - DEBUG - joeynmt.training - 	Tokenized reference:  ['Mr', 'Mo@@', 'd@@', 'i', 'is', 'on', 'a', 'fi@@', 've', '@@@', '-@@', '@', 'day', 'tri@@', 'p', 'to', 'J@@', 'ap@@', 'an', 'to', 'streng@@', 'then', 'economic', 'ties', 'with', 'the', 'third', 'lar@@', 'ges@@', 't', 'econom@@', 'y', 'in', 'the', 'world', '.']
2025-04-29 18:16:03,784 - DEBUG - joeynmt.training - 	Tokenized hypothesis: ['Mr', 'President', ',', 'Mr', 'President', ',', 'the', 'European', 'Union', ',', 'the', 'European', 'Union', ',', 'the', 'European', 'Union', ',', 'the', 'European', 'Union', ',', 'the', 'European', 'Union', ',', 'the', 'European', 'Union', ',', 'the', 'European', 'Union', ',', 'the', 'European', 'Union', ',', 'the', 'European', 'Union', ',', 'the', 'Council', ',', 'the', 'European', 'Union', ',', 'the', 'Council', ',', 'the', 'European', 'Union', ',', 'the', 'European', 'Union', '.', '</s>']
2025-04-29 18:16:03,785 - INFO - joeynmt.training - 	Source:     Herr Modi befindet sich auf einer fünftägigen Reise nach Japan , um die wirtschaftlichen Beziehungen mit der drittgrößten Wirtschaftsnation der Welt zu festigen .
2025-04-29 18:16:03,785 - INFO - joeynmt.training - 	Reference:  Mr Modi is on a five @-@ day trip to Japan to strengthen economic ties with the third largest economy in the world .
2025-04-29 18:16:03,785 - INFO - joeynmt.training - 	Hypothesis: Mr President , Mr President , the European Union , the European Union , the European Union , the European Union , the European Union , the European Union , the European Union , the European Union , the European Union , the Council , the European Union , the Council , the European Union , the European Union .
2025-04-29 18:16:03,785 - INFO - joeynmt.training - Example #3
2025-04-29 18:16:03,785 - DEBUG - joeynmt.training - 	Tokenized source:     ['P@@', 'län@@', 'e', 'für', 'eine', 'stärk@@', 'ere', 'k@@', 'ern@@', 'techn@@', 'ische', 'Zusammenarbeit', 'stehen', 'ganz', 'ob@@', 'en', 'auf', 'der', 'Tag@@', 'es@@', 'ordnung', '.']
2025-04-29 18:16:03,785 - DEBUG - joeynmt.training - 	Tokenized reference:  ['high', 'on', 'the', 'agen@@', 'da', 'are', 'pl@@', 'ans', 'for', 'gre@@', 'ater', 'nu@@', 'clear', 'c@@', 'o', '@@@', '-@@', '@', 'operation', '.']
2025-04-29 18:16:03,785 - DEBUG - joeynmt.training - 	Tokenized hypothesis: ['the', 'the', 'the', 'the', 'the', 'European', 'Union', 'is', 'a', 'good', 'of', 'the', 'European', 'Union', '.', '</s>']
2025-04-29 18:16:03,785 - INFO - joeynmt.training - 	Source:     Pläne für eine stärkere kerntechnische Zusammenarbeit stehen ganz oben auf der Tagesordnung .
2025-04-29 18:16:03,785 - INFO - joeynmt.training - 	Reference:  high on the agenda are plans for greater nuclear co @-@ operation .
2025-04-29 18:16:03,785 - INFO - joeynmt.training - 	Hypothesis: the the the the the European Union is a good of the European Union .
2025-04-29 18:16:03,785 - INFO - joeynmt.training - Example #4
2025-04-29 18:16:03,785 - DEBUG - joeynmt.training - 	Tokenized source:     ['Berich@@', 'ten', 'zu@@', 'fol@@', 'ge', 'ho@@', 'fft', 'Indi@@', 'en', 'darüber', 'hinaus', 'auf', 'einen', 'Ver@@', 'trag', 'zur', 'Ver@@', 'tei@@', 'dig@@', 'ungs@@', 'zusammen@@', 'arbeit', 'zwischen', 'den', 'beiden', 'N@@', 'ationen', '.']
2025-04-29 18:16:03,785 - DEBUG - joeynmt.training - 	Tokenized reference:  ['Indi@@', 'a', 'is', 'also', 're@@', 'porte@@', 'dly', 'hop@@', 'ing', 'for', 'a', 'de@@', 'al', 'on', 'def@@', 'ence', 'c@@', 'oll@@', 'ab@@', 'or@@', 'ation', 'between', 'the', 'two', 'n@@', 'ations', '.']
2025-04-29 18:16:03,785 - DEBUG - joeynmt.training - 	Tokenized hypothesis: ['the', 'EU', ',', 'the', 'EU', ',', 'the', 'EU', ',', 'the', 'EU', ',', 'the', 'European', 'Union', ',', 'and', 'the', 'European', 'Union', ',', 'and', 'the', 'EU', '.', '</s>']
2025-04-29 18:16:03,785 - INFO - joeynmt.training - 	Source:     Berichten zufolge hofft Indien darüber hinaus auf einen Vertrag zur Verteidigungszusammenarbeit zwischen den beiden Nationen .
2025-04-29 18:16:03,785 - INFO - joeynmt.training - 	Reference:  India is also reportedly hoping for a deal on defence collaboration between the two nations .
2025-04-29 18:16:03,785 - INFO - joeynmt.training - 	Hypothesis: the EU , the EU , the EU , the EU , the European Union , and the European Union , and the EU .
2025-04-29 18:16:21,160 - INFO - joeynmt.training - Epoch   1, Step:     2600, Batch Loss:     3.072363, Batch Acc: 0.202175, Tokens per Sec:     5296, Lr: 0.000300
2025-04-29 18:16:38,449 - INFO - joeynmt.training - Epoch   1, Step:     2700, Batch Loss:     3.113797, Batch Acc: 0.206166, Tokens per Sec:     5345, Lr: 0.000300
2025-04-29 18:16:55,640 - INFO - joeynmt.training - Epoch   1, Step:     2800, Batch Loss:     3.089968, Batch Acc: 0.210917, Tokens per Sec:     5350, Lr: 0.000300
2025-04-29 18:17:12,944 - INFO - joeynmt.training - Epoch   1, Step:     2900, Batch Loss:     3.076965, Batch Acc: 0.217851, Tokens per Sec:     5277, Lr: 0.000300
2025-04-29 18:17:30,232 - INFO - joeynmt.training - Epoch   1, Step:     3000, Batch Loss:     2.918580, Batch Acc: 0.222647, Tokens per Sec:     5330, Lr: 0.000300
2025-04-29 18:17:30,233 - INFO - joeynmt.prediction - Predicting 500 example(s)... (Greedy decoding with min_output_length=1, max_output_length=-1, return_prob='none', generate_unk=True, repetition_penalty=-1, no_repeat_ngram_size=-1)
2025-04-29 18:18:22,757 - INFO - joeynmt.prediction - Evaluation result (greedy) loss:   3.32, ppl:  27.75, acc:   0.18, generation: 52.5208[sec], evaluation: 0.0000[sec]
2025-04-29 18:18:22,759 - INFO - joeynmt.training - Hooray! New best validation result [ppl]!
2025-04-29 18:18:22,838 - INFO - joeynmt.helpers - delete models/deen_transformer_prenorm/500.ckpt
2025-04-29 18:18:22,839 - INFO - joeynmt.training - Example #0
2025-04-29 18:18:22,839 - DEBUG - joeynmt.training - 	Tokenized source:     ['die', 'Pre@@', 'mi@@', 'er@@', 'minist@@', 'er', 'Indi@@', 'ens', 'und', 'J@@', 'ap@@', 'ans', 'tra@@', 'fen', 'sich', 'in', 'T@@', 'ok@@', 'i@@', 'o', '.']
2025-04-29 18:18:22,839 - DEBUG - joeynmt.training - 	Tokenized reference:  ['Indi@@', 'a', 'and', 'J@@', 'ap@@', 'an', 'pri@@', 'me', 'minist@@', 'ers', 'me@@', 'et', 'in', 'T@@', 'ok@@', 'y@@', 'o']
2025-04-29 18:18:22,839 - DEBUG - joeynmt.training - 	Tokenized hypothesis: ['the', 'hotel', 'is', 'a', 'a', 'a', 'a', 'a', 's@@', 's@@', 's@@', 's@@', 's@@', 's@@', 's@@', 's@@', 's@@', 's@@', 's@@', 's@@', 's@@', 's@@', 's@@', 's@@', 's@@', 's@@', 's@@', 's@@', 's@@', 's@@', 's@@', 's@@', 's@@', 's@@', 's@@', 's@@', 's@@', 's@@', 's@@', 's@@', 'et@@', 'et@@', 'et@@', 'ary', '.', '</s>']
2025-04-29 18:18:22,839 - INFO - joeynmt.training - 	Source:     die Premierminister Indiens und Japans trafen sich in Tokio .
2025-04-29 18:18:22,839 - INFO - joeynmt.training - 	Reference:  India and Japan prime ministers meet in Tokyo
2025-04-29 18:18:22,839 - INFO - joeynmt.training - 	Hypothesis: the hotel is a a a a a ssssssssssssssssssssssssssssssssetetetary .
2025-04-29 18:18:22,839 - INFO - joeynmt.training - Example #1
2025-04-29 18:18:22,839 - DEBUG - joeynmt.training - 	Tokenized source:     ['Indi@@', 'ens', 'neu@@', 'er', 'Pre@@', 'mi@@', 'er@@', 'minist@@', 'er', 'N@@', 'ar@@', 'end@@', 'ra', 'Mo@@', 'd@@', 'i', 'tri@@', 'fft', 'bei', 's@@', 'einem', 'ersten', 'wichti@@', 'gen', 'Aus@@', 'land@@', 's@@', 'bes@@', 'u@@', 'ch', 'seit', 's@@', 'einem', 'W@@', 'ah@@', 'l@@', 'si@@', 'e@@', 'g', 'im', 'Ma@@', 'i', 'seinen', 'j@@', 'ap@@', 'an@@', 'ischen', 'Am@@', 'ts@@', 'k@@', 'olle@@', 'gen', 'S@@', 'hin@@', 'z@@', 'o', 'A@@', 'be', 'in', 'T@@', 'ok@@', 'o', ',', 'um', 'wirtschaf@@', 'tliche', 'und', 'sicher@@', 'heits@@', 'politische', 'Be@@', 'zieh@@', 'ungen', 'zu', 'bes@@', 'pre@@', 'chen', '.']
2025-04-29 18:18:22,839 - DEBUG - joeynmt.training - 	Tokenized reference:  ['Indi@@', 'a', '&apos;s', 'new', 'pri@@', 'me', 'minist@@', 'er', ',', 'N@@', 'ar@@', 'end@@', 'ra', 'Mo@@', 'd@@', 'i', ',', 'is', 'me@@', 'eting', 'his', 'J@@', 'ap@@', 'an@@', 'ese', 'coun@@', 'ter@@', 'part', ',', 'S@@', 'hin@@', 'z@@', 'o', 'A@@', 'be', ',', 'in', 'T@@', 'ok@@', 'y@@', 'o', 'to', 'disc@@', 'uss', 'economic', 'and', 'security', 'ties', ',', 'on', 'his', 'first', 'major', 'fore@@', 'ign', 'visi@@', 't', 'since', 'w@@', 'inn@@', 'ing', 'Ma@@', 'y', '&apos;s', 'elec@@', 'tion', '.']
2025-04-29 18:18:22,839 - DEBUG - joeynmt.training - 	Tokenized hypothesis: ['the', 'C@@', 'a@@', 'a@@', 'a@@', 'th@@', 'y', 'is', 'a', 'very', 'very', 'very', 'very', 'very', 'very', 'very', 'very', 'very', 'very', 'very', 'very', 'very', 'very', 'very', 'very', 'very', 'very', 'very', 'very', 'very', 'very', 'very', 'very', 'very', 'very', 'very', 'very', 'very', 'very', 'very', 'very', 'very', 'very', 'very', 'very', 'very', 'very', 'very', 'very', 'very', 'very', 'very', 'very', 'very', 'very', 'very', 'very', 'very', 'very', 'very', 'very', 'very', 'very', 'very', 'very', 'very', 'very', 'very', 'very', 'very', 'very', 'very', 'very', 'very', 'very', 'very', 'very', 'very', 'very', 'very', 'very', 'very', 'very', 'very', 'very', 'very', 'very', 'very', 'very', 'very', '.', '</s>']
2025-04-29 18:18:22,839 - INFO - joeynmt.training - 	Source:     Indiens neuer Premierminister Narendra Modi trifft bei seinem ersten wichtigen Auslandsbesuch seit seinem Wahlsieg im Mai seinen japanischen Amtskollegen Shinzo Abe in Toko , um wirtschaftliche und sicherheitspolitische Beziehungen zu besprechen .
2025-04-29 18:18:22,839 - INFO - joeynmt.training - 	Reference:  India &apos;s new prime minister , Narendra Modi , is meeting his Japanese counterpart , Shinzo Abe , in Tokyo to discuss economic and security ties , on his first major foreign visit since winning May &apos;s election .
2025-04-29 18:18:22,839 - INFO - joeynmt.training - 	Hypothesis: the Caaathy is a very very very very very very very very very very very very very very very very very very very very very very very very very very very very very very very very very very very very very very very very very very very very very very very very very very very very very very very very very very very very very very very very very very very very very very very very very very very very very very very very very .
2025-04-29 18:18:22,839 - INFO - joeynmt.training - Example #2
2025-04-29 18:18:22,840 - DEBUG - joeynmt.training - 	Tokenized source:     ['Herr', 'Mo@@', 'd@@', 'i', 'befindet', 'sich', 'auf', 'einer', 'fü@@', 'n@@', 'f@@', 'tä@@', 'gi@@', 'gen', 'Rei@@', 'se', 'nach', 'J@@', 'ap@@', 'an', ',', 'um', 'die', 'wirtschaf@@', 'tlichen', 'Be@@', 'zieh@@', 'ungen', 'mit', 'der', 'd@@', 'rit@@', 't@@', 'größ@@', 'ten', 'Wirtschafts@@', 'n@@', 'ation', 'der', 'Welt', 'zu', 'fes@@', 'tigen', '.']
2025-04-29 18:18:22,840 - DEBUG - joeynmt.training - 	Tokenized reference:  ['Mr', 'Mo@@', 'd@@', 'i', 'is', 'on', 'a', 'fi@@', 've', '@@@', '-@@', '@', 'day', 'tri@@', 'p', 'to', 'J@@', 'ap@@', 'an', 'to', 'streng@@', 'then', 'economic', 'ties', 'with', 'the', 'third', 'lar@@', 'ges@@', 't', 'econom@@', 'y', 'in', 'the', 'world', '.']
2025-04-29 18:18:22,840 - DEBUG - joeynmt.training - 	Tokenized hypothesis: ['Mr', 'President', ',', 'the', 'C@@', 'an@@', 'an@@', 'an@@', 'an@@', 'ts', 'of', 'the', 'C@@', 'an@@', 'an@@', 'an@@', 'an@@', 'an@@', 'an@@', 'ts', ',', 'and', 'the', 'same', 'time', ',', 'and', 'the', 'same', 'time', ',', 'and', 'the', 'same', 'time', '.', '</s>']
2025-04-29 18:18:22,840 - INFO - joeynmt.training - 	Source:     Herr Modi befindet sich auf einer fünftägigen Reise nach Japan , um die wirtschaftlichen Beziehungen mit der drittgrößten Wirtschaftsnation der Welt zu festigen .
2025-04-29 18:18:22,840 - INFO - joeynmt.training - 	Reference:  Mr Modi is on a five @-@ day trip to Japan to strengthen economic ties with the third largest economy in the world .
2025-04-29 18:18:22,840 - INFO - joeynmt.training - 	Hypothesis: Mr President , the Canananants of the Canananananants , and the same time , and the same time , and the same time .
2025-04-29 18:18:22,840 - INFO - joeynmt.training - Example #3
2025-04-29 18:18:22,840 - DEBUG - joeynmt.training - 	Tokenized source:     ['P@@', 'län@@', 'e', 'für', 'eine', 'stärk@@', 'ere', 'k@@', 'ern@@', 'techn@@', 'ische', 'Zusammenarbeit', 'stehen', 'ganz', 'ob@@', 'en', 'auf', 'der', 'Tag@@', 'es@@', 'ordnung', '.']
2025-04-29 18:18:22,840 - DEBUG - joeynmt.training - 	Tokenized reference:  ['high', 'on', 'the', 'agen@@', 'da', 'are', 'pl@@', 'ans', 'for', 'gre@@', 'ater', 'nu@@', 'clear', 'c@@', 'o', '@@@', '-@@', '@', 'operation', '.']
2025-04-29 18:18:22,840 - DEBUG - joeynmt.training - 	Tokenized hypothesis: ['the', 'first', 'of', 'the', 'first', 'of', 'the', 'C@@', 'C@@', 'C@@', 'a@@', 'a@@', 'a@@', 'a@@', 'th@@', 'y', '.', '</s>']
2025-04-29 18:18:22,840 - INFO - joeynmt.training - 	Source:     Pläne für eine stärkere kerntechnische Zusammenarbeit stehen ganz oben auf der Tagesordnung .
2025-04-29 18:18:22,840 - INFO - joeynmt.training - 	Reference:  high on the agenda are plans for greater nuclear co @-@ operation .
2025-04-29 18:18:22,840 - INFO - joeynmt.training - 	Hypothesis: the first of the first of the CCCaaaathy .
2025-04-29 18:18:22,840 - INFO - joeynmt.training - Example #4
2025-04-29 18:18:22,840 - DEBUG - joeynmt.training - 	Tokenized source:     ['Berich@@', 'ten', 'zu@@', 'fol@@', 'ge', 'ho@@', 'fft', 'Indi@@', 'en', 'darüber', 'hinaus', 'auf', 'einen', 'Ver@@', 'trag', 'zur', 'Ver@@', 'tei@@', 'dig@@', 'ungs@@', 'zusammen@@', 'arbeit', 'zwischen', 'den', 'beiden', 'N@@', 'ationen', '.']
2025-04-29 18:18:22,840 - DEBUG - joeynmt.training - 	Tokenized reference:  ['Indi@@', 'a', 'is', 'also', 're@@', 'porte@@', 'dly', 'hop@@', 'ing', 'for', 'a', 'de@@', 'al', 'on', 'def@@', 'ence', 'c@@', 'oll@@', 'ab@@', 'or@@', 'ation', 'between', 'the', 'two', 'n@@', 'ations', '.']
2025-04-29 18:18:22,840 - DEBUG - joeynmt.training - 	Tokenized hypothesis: ['the', 'EU', ',', 'the', 'EU', 'and', 'the', 'EU', 'and', 'the', 'EU', 'and', 'the', 'EU', 'and', 'the', 'same', 'time', '.', '</s>']
2025-04-29 18:18:22,840 - INFO - joeynmt.training - 	Source:     Berichten zufolge hofft Indien darüber hinaus auf einen Vertrag zur Verteidigungszusammenarbeit zwischen den beiden Nationen .
2025-04-29 18:18:22,840 - INFO - joeynmt.training - 	Reference:  India is also reportedly hoping for a deal on defence collaboration between the two nations .
2025-04-29 18:18:22,840 - INFO - joeynmt.training - 	Hypothesis: the EU , the EU and the EU and the EU and the EU and the same time .
2025-04-29 18:18:40,219 - INFO - joeynmt.training - Epoch   1, Step:     3100, Batch Loss:     2.961132, Batch Acc: 0.229937, Tokens per Sec:     5322, Lr: 0.000300
2025-04-29 18:18:57,636 - INFO - joeynmt.training - Epoch   1, Step:     3200, Batch Loss:     2.806038, Batch Acc: 0.234356, Tokens per Sec:     5229, Lr: 0.000300
2025-04-29 18:19:15,057 - INFO - joeynmt.training - Epoch   1, Step:     3300, Batch Loss:     2.893542, Batch Acc: 0.239439, Tokens per Sec:     5238, Lr: 0.000300
2025-04-29 18:19:32,488 - INFO - joeynmt.training - Epoch   1, Step:     3400, Batch Loss:     2.757531, Batch Acc: 0.244512, Tokens per Sec:     5331, Lr: 0.000300
2025-04-29 18:19:49,918 - INFO - joeynmt.training - Epoch   1, Step:     3500, Batch Loss:     2.774223, Batch Acc: 0.242847, Tokens per Sec:     5262, Lr: 0.000300
2025-04-29 18:19:49,918 - INFO - joeynmt.prediction - Predicting 500 example(s)... (Greedy decoding with min_output_length=1, max_output_length=-1, return_prob='none', generate_unk=True, repetition_penalty=-1, no_repeat_ngram_size=-1)
2025-04-29 18:20:38,783 - INFO - joeynmt.prediction - Evaluation result (greedy) loss:   3.22, ppl:  24.95, acc:   0.19, generation: 48.8608[sec], evaluation: 0.0000[sec]
2025-04-29 18:20:38,784 - INFO - joeynmt.training - Hooray! New best validation result [ppl]!
2025-04-29 18:20:38,862 - INFO - joeynmt.helpers - delete models/deen_transformer_prenorm/1000.ckpt
2025-04-29 18:20:38,863 - INFO - joeynmt.training - Example #0
2025-04-29 18:20:38,863 - DEBUG - joeynmt.training - 	Tokenized source:     ['die', 'Pre@@', 'mi@@', 'er@@', 'minist@@', 'er', 'Indi@@', 'ens', 'und', 'J@@', 'ap@@', 'ans', 'tra@@', 'fen', 'sich', 'in', 'T@@', 'ok@@', 'i@@', 'o', '.']
2025-04-29 18:20:38,863 - DEBUG - joeynmt.training - 	Tokenized reference:  ['Indi@@', 'a', 'and', 'J@@', 'ap@@', 'an', 'pri@@', 'me', 'minist@@', 'ers', 'me@@', 'et', 'in', 'T@@', 'ok@@', 'y@@', 'o']
2025-04-29 18:20:38,863 - DEBUG - joeynmt.training - 	Tokenized hypothesis: ['the', 'C@@', 'as@@', 'as@@', 'as@@', 'y', 'and', 'the', 'b@@', 'our@@', 'ce', 'of', 'the', 'C@@', 'as@@', 'as@@', 'as@@', 'y', '.', '</s>']
2025-04-29 18:20:38,863 - INFO - joeynmt.training - 	Source:     die Premierminister Indiens und Japans trafen sich in Tokio .
2025-04-29 18:20:38,864 - INFO - joeynmt.training - 	Reference:  India and Japan prime ministers meet in Tokyo
2025-04-29 18:20:38,864 - INFO - joeynmt.training - 	Hypothesis: the Casasasy and the bource of the Casasasy .
2025-04-29 18:20:38,864 - INFO - joeynmt.training - Example #1
2025-04-29 18:20:38,864 - DEBUG - joeynmt.training - 	Tokenized source:     ['Indi@@', 'ens', 'neu@@', 'er', 'Pre@@', 'mi@@', 'er@@', 'minist@@', 'er', 'N@@', 'ar@@', 'end@@', 'ra', 'Mo@@', 'd@@', 'i', 'tri@@', 'fft', 'bei', 's@@', 'einem', 'ersten', 'wichti@@', 'gen', 'Aus@@', 'land@@', 's@@', 'bes@@', 'u@@', 'ch', 'seit', 's@@', 'einem', 'W@@', 'ah@@', 'l@@', 'si@@', 'e@@', 'g', 'im', 'Ma@@', 'i', 'seinen', 'j@@', 'ap@@', 'an@@', 'ischen', 'Am@@', 'ts@@', 'k@@', 'olle@@', 'gen', 'S@@', 'hin@@', 'z@@', 'o', 'A@@', 'be', 'in', 'T@@', 'ok@@', 'o', ',', 'um', 'wirtschaf@@', 'tliche', 'und', 'sicher@@', 'heits@@', 'politische', 'Be@@', 'zieh@@', 'ungen', 'zu', 'bes@@', 'pre@@', 'chen', '.']
2025-04-29 18:20:38,864 - DEBUG - joeynmt.training - 	Tokenized reference:  ['Indi@@', 'a', '&apos;s', 'new', 'pri@@', 'me', 'minist@@', 'er', ',', 'N@@', 'ar@@', 'end@@', 'ra', 'Mo@@', 'd@@', 'i', ',', 'is', 'me@@', 'eting', 'his', 'J@@', 'ap@@', 'an@@', 'ese', 'coun@@', 'ter@@', 'part', ',', 'S@@', 'hin@@', 'z@@', 'o', 'A@@', 'be', ',', 'in', 'T@@', 'ok@@', 'y@@', 'o', 'to', 'disc@@', 'uss', 'economic', 'and', 'security', 'ties', ',', 'on', 'his', 'first', 'major', 'fore@@', 'ign', 'visi@@', 't', 'since', 'w@@', 'inn@@', 'ing', 'Ma@@', 'y', '&apos;s', 'elec@@', 'tion', '.']
2025-04-29 18:20:38,864 - DEBUG - joeynmt.training - 	Tokenized hypothesis: ['the', 'C@@', 'an@@', 'an@@', 'an@@', 'an@@', 'an@@', 'no@@', 'te', 'the', 'C@@', 'as@@', 'in@@', 'o', 'of', 'the', 'C@@', 'an@@', 'an@@', 'an@@', 'an@@', 'an@@', 'ia', ',', 'the', 'C@@', 'an@@', 'an@@', 'an@@', 'an@@', 'an@@', 'an@@', 'ces', 'of', 'the', 'C@@', 'as@@', 'as@@', 'in@@', 'o', ',', 'the', 'C@@', 'an@@', 'an@@', 'an@@', 'an@@', 'an@@', 'an@@', 'an@@', 'an@@', 'an@@', 'ces', 'of', 'the', 'C@@', 'an@@', 'an@@', 'an@@', 'an@@', 'an@@', 'an@@', 'no@@', 'te', '.', '</s>']
2025-04-29 18:20:38,864 - INFO - joeynmt.training - 	Source:     Indiens neuer Premierminister Narendra Modi trifft bei seinem ersten wichtigen Auslandsbesuch seit seinem Wahlsieg im Mai seinen japanischen Amtskollegen Shinzo Abe in Toko , um wirtschaftliche und sicherheitspolitische Beziehungen zu besprechen .
2025-04-29 18:20:38,864 - INFO - joeynmt.training - 	Reference:  India &apos;s new prime minister , Narendra Modi , is meeting his Japanese counterpart , Shinzo Abe , in Tokyo to discuss economic and security ties , on his first major foreign visit since winning May &apos;s election .
2025-04-29 18:20:38,864 - INFO - joeynmt.training - 	Hypothesis: the Cananananannote the Casino of the Cananananania , the Canananananances of the Casasino , the Cananananananananances of the Canananananannote .
2025-04-29 18:20:38,864 - INFO - joeynmt.training - Example #2
2025-04-29 18:20:38,864 - DEBUG - joeynmt.training - 	Tokenized source:     ['Herr', 'Mo@@', 'd@@', 'i', 'befindet', 'sich', 'auf', 'einer', 'fü@@', 'n@@', 'f@@', 'tä@@', 'gi@@', 'gen', 'Rei@@', 'se', 'nach', 'J@@', 'ap@@', 'an', ',', 'um', 'die', 'wirtschaf@@', 'tlichen', 'Be@@', 'zieh@@', 'ungen', 'mit', 'der', 'd@@', 'rit@@', 't@@', 'größ@@', 'ten', 'Wirtschafts@@', 'n@@', 'ation', 'der', 'Welt', 'zu', 'fes@@', 'tigen', '.']
2025-04-29 18:20:38,864 - DEBUG - joeynmt.training - 	Tokenized reference:  ['Mr', 'Mo@@', 'd@@', 'i', 'is', 'on', 'a', 'fi@@', 've', '@@@', '-@@', '@', 'day', 'tri@@', 'p', 'to', 'J@@', 'ap@@', 'an', 'to', 'streng@@', 'then', 'economic', 'ties', 'with', 'the', 'third', 'lar@@', 'ges@@', 't', 'econom@@', 'y', 'in', 'the', 'world', '.']
2025-04-29 18:20:38,864 - DEBUG - joeynmt.training - 	Tokenized hypothesis: ['Mr', 'President', ',', 'the', 'Council', ',', 'the', 'Council', ',', 'the', 'Council', ',', 'the', 'Council', ',', 'the', 'C@@', 'as@@', 'in@@', 'in@@', 'in@@', 'ci@@', 'ous', ',', 'the', 'European', 'Parliament', '&apos;s', 'pro@@', 'm@@', 'ise', 'of', 'the', 'European', 'Union', '.', '</s>']
2025-04-29 18:20:38,864 - INFO - joeynmt.training - 	Source:     Herr Modi befindet sich auf einer fünftägigen Reise nach Japan , um die wirtschaftlichen Beziehungen mit der drittgrößten Wirtschaftsnation der Welt zu festigen .
2025-04-29 18:20:38,864 - INFO - joeynmt.training - 	Reference:  Mr Modi is on a five @-@ day trip to Japan to strengthen economic ties with the third largest economy in the world .
2025-04-29 18:20:38,864 - INFO - joeynmt.training - 	Hypothesis: Mr President , the Council , the Council , the Council , the Council , the Casininincious , the European Parliament &apos;s promise of the European Union .
2025-04-29 18:20:38,864 - INFO - joeynmt.training - Example #3
2025-04-29 18:20:38,864 - DEBUG - joeynmt.training - 	Tokenized source:     ['P@@', 'län@@', 'e', 'für', 'eine', 'stärk@@', 'ere', 'k@@', 'ern@@', 'techn@@', 'ische', 'Zusammenarbeit', 'stehen', 'ganz', 'ob@@', 'en', 'auf', 'der', 'Tag@@', 'es@@', 'ordnung', '.']
2025-04-29 18:20:38,864 - DEBUG - joeynmt.training - 	Tokenized reference:  ['high', 'on', 'the', 'agen@@', 'da', 'are', 'pl@@', 'ans', 'for', 'gre@@', 'ater', 'nu@@', 'clear', 'c@@', 'o', '@@@', '-@@', '@', 'operation', '.']
2025-04-29 18:20:38,864 - DEBUG - joeynmt.training - 	Tokenized hypothesis: ['the', 'first', 'of', 'the', 'European', 'Union', 'is', 'a', 'new', 'Member', 'States', 'for', 'the', 'European', 'Union', '.', '</s>']
2025-04-29 18:20:38,864 - INFO - joeynmt.training - 	Source:     Pläne für eine stärkere kerntechnische Zusammenarbeit stehen ganz oben auf der Tagesordnung .
2025-04-29 18:20:38,864 - INFO - joeynmt.training - 	Reference:  high on the agenda are plans for greater nuclear co @-@ operation .
2025-04-29 18:20:38,864 - INFO - joeynmt.training - 	Hypothesis: the first of the European Union is a new Member States for the European Union .
2025-04-29 18:20:38,864 - INFO - joeynmt.training - Example #4
2025-04-29 18:20:38,864 - DEBUG - joeynmt.training - 	Tokenized source:     ['Berich@@', 'ten', 'zu@@', 'fol@@', 'ge', 'ho@@', 'fft', 'Indi@@', 'en', 'darüber', 'hinaus', 'auf', 'einen', 'Ver@@', 'trag', 'zur', 'Ver@@', 'tei@@', 'dig@@', 'ungs@@', 'zusammen@@', 'arbeit', 'zwischen', 'den', 'beiden', 'N@@', 'ationen', '.']
2025-04-29 18:20:38,864 - DEBUG - joeynmt.training - 	Tokenized reference:  ['Indi@@', 'a', 'is', 'also', 're@@', 'porte@@', 'dly', 'hop@@', 'ing', 'for', 'a', 'de@@', 'al', 'on', 'def@@', 'ence', 'c@@', 'oll@@', 'ab@@', 'or@@', 'ation', 'between', 'the', 'two', 'n@@', 'ations', '.']
2025-04-29 18:20:38,864 - DEBUG - joeynmt.training - 	Tokenized hypothesis: ['the', 'Council', 'has', 'been', 'the', 'Council', 'to', 're@@', 'duce', 'the', 'Council', 'to', 're@@', 'duce', 'the', 'European', 'Parliament', '.', '</s>']
2025-04-29 18:20:38,864 - INFO - joeynmt.training - 	Source:     Berichten zufolge hofft Indien darüber hinaus auf einen Vertrag zur Verteidigungszusammenarbeit zwischen den beiden Nationen .
2025-04-29 18:20:38,864 - INFO - joeynmt.training - 	Reference:  India is also reportedly hoping for a deal on defence collaboration between the two nations .
2025-04-29 18:20:38,864 - INFO - joeynmt.training - 	Hypothesis: the Council has been the Council to reduce the Council to reduce the European Parliament .
2025-04-29 18:20:56,074 - INFO - joeynmt.training - Epoch   1, Step:     3600, Batch Loss:     3.081183, Batch Acc: 0.246393, Tokens per Sec:     5336, Lr: 0.000300
2025-04-29 18:21:13,527 - INFO - joeynmt.training - Epoch   1, Step:     3700, Batch Loss:     2.754961, Batch Acc: 0.247492, Tokens per Sec:     5290, Lr: 0.000300
2025-04-29 18:21:30,857 - INFO - joeynmt.training - Epoch   1, Step:     3800, Batch Loss:     2.867841, Batch Acc: 0.253997, Tokens per Sec:     5331, Lr: 0.000300
2025-04-29 18:21:48,262 - INFO - joeynmt.training - Epoch   1, Step:     3900, Batch Loss:     2.778918, Batch Acc: 0.257703, Tokens per Sec:     5341, Lr: 0.000300
2025-04-29 18:22:05,839 - INFO - joeynmt.training - Epoch   1, Step:     4000, Batch Loss:     2.697853, Batch Acc: 0.264133, Tokens per Sec:     5243, Lr: 0.000300
2025-04-29 18:22:05,839 - INFO - joeynmt.prediction - Predicting 500 example(s)... (Greedy decoding with min_output_length=1, max_output_length=-1, return_prob='none', generate_unk=True, repetition_penalty=-1, no_repeat_ngram_size=-1)
2025-04-29 18:23:05,765 - INFO - joeynmt.prediction - Evaluation result (greedy) loss:   3.15, ppl:  23.23, acc:   0.21, generation: 59.9216[sec], evaluation: 0.0000[sec]
2025-04-29 18:23:05,767 - INFO - joeynmt.training - Hooray! New best validation result [ppl]!
2025-04-29 18:23:05,845 - INFO - joeynmt.helpers - delete models/deen_transformer_prenorm/1500.ckpt
2025-04-29 18:23:05,846 - INFO - joeynmt.training - Example #0
2025-04-29 18:23:05,847 - DEBUG - joeynmt.training - 	Tokenized source:     ['die', 'Pre@@', 'mi@@', 'er@@', 'minist@@', 'er', 'Indi@@', 'ens', 'und', 'J@@', 'ap@@', 'ans', 'tra@@', 'fen', 'sich', 'in', 'T@@', 'ok@@', 'i@@', 'o', '.']
2025-04-29 18:23:05,847 - DEBUG - joeynmt.training - 	Tokenized reference:  ['Indi@@', 'a', 'and', 'J@@', 'ap@@', 'an', 'pri@@', 'me', 'minist@@', 'ers', 'me@@', 'et', 'in', 'T@@', 'ok@@', 'y@@', 'o']
2025-04-29 18:23:05,847 - DEBUG - joeynmt.training - 	Tokenized hypothesis: ['the', 're@@', 'stauran@@', 'ts', 'and', 'the', 'c@@', 'at@@', 'o', 'of', 'the', 'C@@', 'a@@', 'i', 'and', 'C@@', 'a@@', 'i', '.', '</s>']
2025-04-29 18:23:05,847 - INFO - joeynmt.training - 	Source:     die Premierminister Indiens und Japans trafen sich in Tokio .
2025-04-29 18:23:05,847 - INFO - joeynmt.training - 	Reference:  India and Japan prime ministers meet in Tokyo
2025-04-29 18:23:05,847 - INFO - joeynmt.training - 	Hypothesis: the restaurants and the cato of the Cai and Cai .
2025-04-29 18:23:05,847 - INFO - joeynmt.training - Example #1
2025-04-29 18:23:05,847 - DEBUG - joeynmt.training - 	Tokenized source:     ['Indi@@', 'ens', 'neu@@', 'er', 'Pre@@', 'mi@@', 'er@@', 'minist@@', 'er', 'N@@', 'ar@@', 'end@@', 'ra', 'Mo@@', 'd@@', 'i', 'tri@@', 'fft', 'bei', 's@@', 'einem', 'ersten', 'wichti@@', 'gen', 'Aus@@', 'land@@', 's@@', 'bes@@', 'u@@', 'ch', 'seit', 's@@', 'einem', 'W@@', 'ah@@', 'l@@', 'si@@', 'e@@', 'g', 'im', 'Ma@@', 'i', 'seinen', 'j@@', 'ap@@', 'an@@', 'ischen', 'Am@@', 'ts@@', 'k@@', 'olle@@', 'gen', 'S@@', 'hin@@', 'z@@', 'o', 'A@@', 'be', 'in', 'T@@', 'ok@@', 'o', ',', 'um', 'wirtschaf@@', 'tliche', 'und', 'sicher@@', 'heits@@', 'politische', 'Be@@', 'zieh@@', 'ungen', 'zu', 'bes@@', 'pre@@', 'chen', '.']
2025-04-29 18:23:05,847 - DEBUG - joeynmt.training - 	Tokenized reference:  ['Indi@@', 'a', '&apos;s', 'new', 'pri@@', 'me', 'minist@@', 'er', ',', 'N@@', 'ar@@', 'end@@', 'ra', 'Mo@@', 'd@@', 'i', ',', 'is', 'me@@', 'eting', 'his', 'J@@', 'ap@@', 'an@@', 'ese', 'coun@@', 'ter@@', 'part', ',', 'S@@', 'hin@@', 'z@@', 'o', 'A@@', 'be', ',', 'in', 'T@@', 'ok@@', 'y@@', 'o', 'to', 'disc@@', 'uss', 'economic', 'and', 'security', 'ties', ',', 'on', 'his', 'first', 'major', 'fore@@', 'ign', 'visi@@', 't', 'since', 'w@@', 'inn@@', 'ing', 'Ma@@', 'y', '&apos;s', 'elec@@', 'tion', '.']
2025-04-29 18:23:05,847 - DEBUG - joeynmt.training - 	Tokenized hypothesis: ['in', 'the', 'most', 'important', 'of', 'the', 'most', 'important', 'role', 'in', 'the', 'most', 'important', 'years', 'of', 'the', 'most', 'important', 'm@@', 'em@@', 'ory', 'of', 'the', 'most', 'important', 'years', 'of', 'the', 'most', 'important', 'and', 'the', 'most', 'important', 'role', 'of', 'the', 'most', 'important', 'and', 'the', 'most', 'important', 'of', 'the', 'most', 'important', 'and', 'the', 're@@', 'form', 'of', 'the', 'most', 'important', 'and', 'the', 'most', 'important', 're@@', 'fer@@', 'ences', 'of', 'the', 're@@', '-@@', 'in@@', '-@@', 'in@@', '-@@', 'in@@', '-@@', 'in@@', '-@@', 'term', '.', '</s>']
2025-04-29 18:23:05,847 - INFO - joeynmt.training - 	Source:     Indiens neuer Premierminister Narendra Modi trifft bei seinem ersten wichtigen Auslandsbesuch seit seinem Wahlsieg im Mai seinen japanischen Amtskollegen Shinzo Abe in Toko , um wirtschaftliche und sicherheitspolitische Beziehungen zu besprechen .
2025-04-29 18:23:05,847 - INFO - joeynmt.training - 	Reference:  India &apos;s new prime minister , Narendra Modi , is meeting his Japanese counterpart , Shinzo Abe , in Tokyo to discuss economic and security ties , on his first major foreign visit since winning May &apos;s election .
2025-04-29 18:23:05,847 - INFO - joeynmt.training - 	Hypothesis: in the most important of the most important role in the most important years of the most important memory of the most important years of the most important and the most important role of the most important and the most important of the most important and the reform of the most important and the most important references of the re-in-in-in-in-term .
2025-04-29 18:23:05,847 - INFO - joeynmt.training - Example #2
2025-04-29 18:23:05,847 - DEBUG - joeynmt.training - 	Tokenized source:     ['Herr', 'Mo@@', 'd@@', 'i', 'befindet', 'sich', 'auf', 'einer', 'fü@@', 'n@@', 'f@@', 'tä@@', 'gi@@', 'gen', 'Rei@@', 'se', 'nach', 'J@@', 'ap@@', 'an', ',', 'um', 'die', 'wirtschaf@@', 'tlichen', 'Be@@', 'zieh@@', 'ungen', 'mit', 'der', 'd@@', 'rit@@', 't@@', 'größ@@', 'ten', 'Wirtschafts@@', 'n@@', 'ation', 'der', 'Welt', 'zu', 'fes@@', 'tigen', '.']
2025-04-29 18:23:05,847 - DEBUG - joeynmt.training - 	Tokenized reference:  ['Mr', 'Mo@@', 'd@@', 'i', 'is', 'on', 'a', 'fi@@', 've', '@@@', '-@@', '@', 'day', 'tri@@', 'p', 'to', 'J@@', 'ap@@', 'an', 'to', 'streng@@', 'then', 'economic', 'ties', 'with', 'the', 'third', 'lar@@', 'ges@@', 't', 'econom@@', 'y', 'in', 'the', 'world', '.']
2025-04-29 18:23:05,847 - DEBUG - joeynmt.training - 	Tokenized hypothesis: ['Mr', 'President', ',', 'the', 're@@', 'ports', 'of', 'the', 'C@@', 'our@@', 't', 'of', 'the', 'world', '&apos;s', 'ex@@', 'clu@@', 'sive', 'and', 'the', 'world', 'of', 'the', 'world', '&apos;s', 'pro@@', 'gress', 'in', 'the', 'world', '.', '</s>']
2025-04-29 18:23:05,847 - INFO - joeynmt.training - 	Source:     Herr Modi befindet sich auf einer fünftägigen Reise nach Japan , um die wirtschaftlichen Beziehungen mit der drittgrößten Wirtschaftsnation der Welt zu festigen .
2025-04-29 18:23:05,847 - INFO - joeynmt.training - 	Reference:  Mr Modi is on a five @-@ day trip to Japan to strengthen economic ties with the third largest economy in the world .
2025-04-29 18:23:05,847 - INFO - joeynmt.training - 	Hypothesis: Mr President , the reports of the Court of the world &apos;s exclusive and the world of the world &apos;s progress in the world .
2025-04-29 18:23:05,847 - INFO - joeynmt.training - Example #3
2025-04-29 18:23:05,847 - DEBUG - joeynmt.training - 	Tokenized source:     ['P@@', 'län@@', 'e', 'für', 'eine', 'stärk@@', 'ere', 'k@@', 'ern@@', 'techn@@', 'ische', 'Zusammenarbeit', 'stehen', 'ganz', 'ob@@', 'en', 'auf', 'der', 'Tag@@', 'es@@', 'ordnung', '.']
2025-04-29 18:23:05,847 - DEBUG - joeynmt.training - 	Tokenized reference:  ['high', 'on', 'the', 'agen@@', 'da', 'are', 'pl@@', 'ans', 'for', 'gre@@', 'ater', 'nu@@', 'clear', 'c@@', 'o', '@@@', '-@@', '@', 'operation', '.']
2025-04-29 18:23:05,847 - DEBUG - joeynmt.training - 	Tokenized hypothesis: ['the', 'con@@', 'text', 'of', 'the', 're@@', 'ports', 'for', 'the', 'con@@', 'text', 'of', 'the', 'European', 'level', 'of', 'the', 'European', 'level', '.', '</s>']
2025-04-29 18:23:05,847 - INFO - joeynmt.training - 	Source:     Pläne für eine stärkere kerntechnische Zusammenarbeit stehen ganz oben auf der Tagesordnung .
2025-04-29 18:23:05,847 - INFO - joeynmt.training - 	Reference:  high on the agenda are plans for greater nuclear co @-@ operation .
2025-04-29 18:23:05,847 - INFO - joeynmt.training - 	Hypothesis: the context of the reports for the context of the European level of the European level .
2025-04-29 18:23:05,847 - INFO - joeynmt.training - Example #4
2025-04-29 18:23:05,847 - DEBUG - joeynmt.training - 	Tokenized source:     ['Berich@@', 'ten', 'zu@@', 'fol@@', 'ge', 'ho@@', 'fft', 'Indi@@', 'en', 'darüber', 'hinaus', 'auf', 'einen', 'Ver@@', 'trag', 'zur', 'Ver@@', 'tei@@', 'dig@@', 'ungs@@', 'zusammen@@', 'arbeit', 'zwischen', 'den', 'beiden', 'N@@', 'ationen', '.']
2025-04-29 18:23:05,848 - DEBUG - joeynmt.training - 	Tokenized reference:  ['Indi@@', 'a', 'is', 'also', 're@@', 'porte@@', 'dly', 'hop@@', 'ing', 'for', 'a', 'de@@', 'al', 'on', 'def@@', 'ence', 'c@@', 'oll@@', 'ab@@', 'or@@', 'ation', 'between', 'the', 'two', 'n@@', 'ations', '.']
2025-04-29 18:23:05,848 - DEBUG - joeynmt.training - 	Tokenized hypothesis: ['the', 'con@@', 'text', 'of', 'the', 'con@@', 'text', 'of', 'the', 're@@', 'form', 'of', 'the', 're@@', 'form', 'of', 'the', 're@@', 'form', 'of', 'the', 're@@', 'form', 'of', 'the', 'European', 'level', '.', '</s>']
2025-04-29 18:23:05,848 - INFO - joeynmt.training - 	Source:     Berichten zufolge hofft Indien darüber hinaus auf einen Vertrag zur Verteidigungszusammenarbeit zwischen den beiden Nationen .
2025-04-29 18:23:05,848 - INFO - joeynmt.training - 	Reference:  India is also reportedly hoping for a deal on defence collaboration between the two nations .
2025-04-29 18:23:05,848 - INFO - joeynmt.training - 	Hypothesis: the context of the context of the reform of the reform of the reform of the reform of the European level .
2025-04-29 18:23:16,847 - INFO - joeynmt.training - Epoch   1: total training loss 13820.09
2025-04-29 18:23:16,847 - INFO - joeynmt.training - EPOCH 2
2025-04-29 18:23:23,060 - INFO - joeynmt.training - Epoch   2, Step:     4100, Batch Loss:     2.774994, Batch Acc: 0.267547, Tokens per Sec:     5341, Lr: 0.000300
2025-04-29 18:23:40,359 - INFO - joeynmt.training - Epoch   2, Step:     4200, Batch Loss:     2.779847, Batch Acc: 0.268472, Tokens per Sec:     5341, Lr: 0.000300
2025-04-29 18:23:57,677 - INFO - joeynmt.training - Epoch   2, Step:     4300, Batch Loss:     2.688035, Batch Acc: 0.271783, Tokens per Sec:     5241, Lr: 0.000300
2025-04-29 18:24:15,008 - INFO - joeynmt.training - Epoch   2, Step:     4400, Batch Loss:     2.848501, Batch Acc: 0.274437, Tokens per Sec:     5323, Lr: 0.000300
2025-04-29 18:24:32,327 - INFO - joeynmt.training - Epoch   2, Step:     4500, Batch Loss:     2.840953, Batch Acc: 0.276160, Tokens per Sec:     5345, Lr: 0.000300
2025-04-29 18:24:32,328 - INFO - joeynmt.prediction - Predicting 500 example(s)... (Greedy decoding with min_output_length=1, max_output_length=-1, return_prob='none', generate_unk=True, repetition_penalty=-1, no_repeat_ngram_size=-1)
2025-04-29 18:25:10,421 - INFO - joeynmt.prediction - Evaluation result (greedy) loss:   3.08, ppl:  21.86, acc:   0.21, generation: 38.0892[sec], evaluation: 0.0000[sec]
2025-04-29 18:25:10,422 - INFO - joeynmt.training - Hooray! New best validation result [ppl]!
2025-04-29 18:25:10,499 - INFO - joeynmt.helpers - delete models/deen_transformer_prenorm/2000.ckpt
2025-04-29 18:25:10,500 - INFO - joeynmt.training - Example #0
2025-04-29 18:25:10,500 - DEBUG - joeynmt.training - 	Tokenized source:     ['die', 'Pre@@', 'mi@@', 'er@@', 'minist@@', 'er', 'Indi@@', 'ens', 'und', 'J@@', 'ap@@', 'ans', 'tra@@', 'fen', 'sich', 'in', 'T@@', 'ok@@', 'i@@', 'o', '.']
2025-04-29 18:25:10,500 - DEBUG - joeynmt.training - 	Tokenized reference:  ['Indi@@', 'a', 'and', 'J@@', 'ap@@', 'an', 'pri@@', 'me', 'minist@@', 'ers', 'me@@', 'et', 'in', 'T@@', 'ok@@', 'y@@', 'o']
2025-04-29 18:25:10,500 - DEBUG - joeynmt.training - 	Tokenized hypothesis: ['the', 'most', 'most', 'of', 'the', 'most', 'of', 'the', 'most', 'of', 'the', 'p@@', 'ast', 'and', 'the', 'most', 'of', 'the', 'p@@', 'ast', '.', '</s>']
2025-04-29 18:25:10,500 - INFO - joeynmt.training - 	Source:     die Premierminister Indiens und Japans trafen sich in Tokio .
2025-04-29 18:25:10,500 - INFO - joeynmt.training - 	Reference:  India and Japan prime ministers meet in Tokyo
2025-04-29 18:25:10,500 - INFO - joeynmt.training - 	Hypothesis: the most most of the most of the most of the past and the most of the past .
2025-04-29 18:25:10,500 - INFO - joeynmt.training - Example #1
2025-04-29 18:25:10,500 - DEBUG - joeynmt.training - 	Tokenized source:     ['Indi@@', 'ens', 'neu@@', 'er', 'Pre@@', 'mi@@', 'er@@', 'minist@@', 'er', 'N@@', 'ar@@', 'end@@', 'ra', 'Mo@@', 'd@@', 'i', 'tri@@', 'fft', 'bei', 's@@', 'einem', 'ersten', 'wichti@@', 'gen', 'Aus@@', 'land@@', 's@@', 'bes@@', 'u@@', 'ch', 'seit', 's@@', 'einem', 'W@@', 'ah@@', 'l@@', 'si@@', 'e@@', 'g', 'im', 'Ma@@', 'i', 'seinen', 'j@@', 'ap@@', 'an@@', 'ischen', 'Am@@', 'ts@@', 'k@@', 'olle@@', 'gen', 'S@@', 'hin@@', 'z@@', 'o', 'A@@', 'be', 'in', 'T@@', 'ok@@', 'o', ',', 'um', 'wirtschaf@@', 'tliche', 'und', 'sicher@@', 'heits@@', 'politische', 'Be@@', 'zieh@@', 'ungen', 'zu', 'bes@@', 'pre@@', 'chen', '.']
2025-04-29 18:25:10,500 - DEBUG - joeynmt.training - 	Tokenized reference:  ['Indi@@', 'a', '&apos;s', 'new', 'pri@@', 'me', 'minist@@', 'er', ',', 'N@@', 'ar@@', 'end@@', 'ra', 'Mo@@', 'd@@', 'i', ',', 'is', 'me@@', 'eting', 'his', 'J@@', 'ap@@', 'an@@', 'ese', 'coun@@', 'ter@@', 'part', ',', 'S@@', 'hin@@', 'z@@', 'o', 'A@@', 'be', ',', 'in', 'T@@', 'ok@@', 'y@@', 'o', 'to', 'disc@@', 'uss', 'economic', 'and', 'security', 'ties', ',', 'on', 'his', 'first', 'major', 'fore@@', 'ign', 'visi@@', 't', 'since', 'w@@', 'inn@@', 'ing', 'Ma@@', 'y', '&apos;s', 'elec@@', 'tion', '.']
2025-04-29 18:25:10,500 - DEBUG - joeynmt.training - 	Tokenized hypothesis: ['the', 'most', 'of', 'the', 'most', 'important', 'of', 'the', 'first', 'time', ',', 'the', 'first', 'of', 'the', 'first', 'time', ',', 'and', 'the', 'first', 'time', 'to', 'the', 'first', 'of', 'the', 'first', 'of', 'the', 'first', 'time', ',', 'and', 'the', 'first', 'of', 'the', 'first', 'of', 'the', 'first', 'time', ',', 'and', 'the', 'most', 'of', 'the', 're@@', 'ma@@', 'ining', 'of', 'the', 'most', 'of', 'the', 're@@', 'ma@@', 'ins', 'of', 'the', 'first', 'of', 'the', 'first', 'time', '.', '</s>']
2025-04-29 18:25:10,500 - INFO - joeynmt.training - 	Source:     Indiens neuer Premierminister Narendra Modi trifft bei seinem ersten wichtigen Auslandsbesuch seit seinem Wahlsieg im Mai seinen japanischen Amtskollegen Shinzo Abe in Toko , um wirtschaftliche und sicherheitspolitische Beziehungen zu besprechen .
2025-04-29 18:25:10,500 - INFO - joeynmt.training - 	Reference:  India &apos;s new prime minister , Narendra Modi , is meeting his Japanese counterpart , Shinzo Abe , in Tokyo to discuss economic and security ties , on his first major foreign visit since winning May &apos;s election .
2025-04-29 18:25:10,500 - INFO - joeynmt.training - 	Hypothesis: the most of the most important of the first time , the first of the first time , and the first time to the first of the first of the first time , and the first of the first of the first time , and the most of the remaining of the most of the remains of the first of the first time .
2025-04-29 18:25:10,500 - INFO - joeynmt.training - Example #2
2025-04-29 18:25:10,500 - DEBUG - joeynmt.training - 	Tokenized source:     ['Herr', 'Mo@@', 'd@@', 'i', 'befindet', 'sich', 'auf', 'einer', 'fü@@', 'n@@', 'f@@', 'tä@@', 'gi@@', 'gen', 'Rei@@', 'se', 'nach', 'J@@', 'ap@@', 'an', ',', 'um', 'die', 'wirtschaf@@', 'tlichen', 'Be@@', 'zieh@@', 'ungen', 'mit', 'der', 'd@@', 'rit@@', 't@@', 'größ@@', 'ten', 'Wirtschafts@@', 'n@@', 'ation', 'der', 'Welt', 'zu', 'fes@@', 'tigen', '.']
2025-04-29 18:25:10,501 - DEBUG - joeynmt.training - 	Tokenized reference:  ['Mr', 'Mo@@', 'd@@', 'i', 'is', 'on', 'a', 'fi@@', 've', '@@@', '-@@', '@', 'day', 'tri@@', 'p', 'to', 'J@@', 'ap@@', 'an', 'to', 'streng@@', 'then', 'economic', 'ties', 'with', 'the', 'third', 'lar@@', 'ges@@', 't', 'econom@@', 'y', 'in', 'the', 'world', '.']
2025-04-29 18:25:10,501 - DEBUG - joeynmt.training - 	Tokenized hypothesis: ['Mr', 'President', ',', 'the', 'most', 'of', 'the', 'most', 'of', 'the', 'most', 'of', 'the', 're@@', 'ma@@', 'ins', 'of', 'the', 'world', ',', 'and', 'the', 'most', 'of', 'the', 'world', '&apos;s', 're@@', 'main', 'in', 'the', 'world', '.', '</s>']
2025-04-29 18:25:10,501 - INFO - joeynmt.training - 	Source:     Herr Modi befindet sich auf einer fünftägigen Reise nach Japan , um die wirtschaftlichen Beziehungen mit der drittgrößten Wirtschaftsnation der Welt zu festigen .
2025-04-29 18:25:10,501 - INFO - joeynmt.training - 	Reference:  Mr Modi is on a five @-@ day trip to Japan to strengthen economic ties with the third largest economy in the world .
2025-04-29 18:25:10,501 - INFO - joeynmt.training - 	Hypothesis: Mr President , the most of the most of the most of the remains of the world , and the most of the world &apos;s remain in the world .
2025-04-29 18:25:10,501 - INFO - joeynmt.training - Example #3
2025-04-29 18:25:10,501 - DEBUG - joeynmt.training - 	Tokenized source:     ['P@@', 'län@@', 'e', 'für', 'eine', 'stärk@@', 'ere', 'k@@', 'ern@@', 'techn@@', 'ische', 'Zusammenarbeit', 'stehen', 'ganz', 'ob@@', 'en', 'auf', 'der', 'Tag@@', 'es@@', 'ordnung', '.']
2025-04-29 18:25:10,501 - DEBUG - joeynmt.training - 	Tokenized reference:  ['high', 'on', 'the', 'agen@@', 'da', 'are', 'pl@@', 'ans', 'for', 'gre@@', 'ater', 'nu@@', 'clear', 'c@@', 'o', '@@@', '-@@', '@', 'operation', '.']
2025-04-29 18:25:10,501 - DEBUG - joeynmt.training - 	Tokenized hypothesis: ['the', 're@@', 'ma@@', 'ins', 'is', 'a', 'good', 'of', 'the', 'European', 'Council', ',', 'and', 'the', 'European', 'Council', '.', '</s>']
2025-04-29 18:25:10,501 - INFO - joeynmt.training - 	Source:     Pläne für eine stärkere kerntechnische Zusammenarbeit stehen ganz oben auf der Tagesordnung .
2025-04-29 18:25:10,501 - INFO - joeynmt.training - 	Reference:  high on the agenda are plans for greater nuclear co @-@ operation .
2025-04-29 18:25:10,501 - INFO - joeynmt.training - 	Hypothesis: the remains is a good of the European Council , and the European Council .
2025-04-29 18:25:10,501 - INFO - joeynmt.training - Example #4
2025-04-29 18:25:10,501 - DEBUG - joeynmt.training - 	Tokenized source:     ['Berich@@', 'ten', 'zu@@', 'fol@@', 'ge', 'ho@@', 'fft', 'Indi@@', 'en', 'darüber', 'hinaus', 'auf', 'einen', 'Ver@@', 'trag', 'zur', 'Ver@@', 'tei@@', 'dig@@', 'ungs@@', 'zusammen@@', 'arbeit', 'zwischen', 'den', 'beiden', 'N@@', 'ationen', '.']
2025-04-29 18:25:10,501 - DEBUG - joeynmt.training - 	Tokenized reference:  ['Indi@@', 'a', 'is', 'also', 're@@', 'porte@@', 'dly', 'hop@@', 'ing', 'for', 'a', 'de@@', 'al', 'on', 'def@@', 'ence', 'c@@', 'oll@@', 'ab@@', 'or@@', 'ation', 'between', 'the', 'two', 'n@@', 'ations', '.']
2025-04-29 18:25:10,501 - DEBUG - joeynmt.training - 	Tokenized hypothesis: ['the', 'report', 'is', 'the', 'Council', 'to', 'the', 'Council', 'to', 'the', 'Council', 'of', 'the', 'Council', 'on', 'the', 'basis', 'of', 'the', 'Council', '.', '</s>']
2025-04-29 18:25:10,501 - INFO - joeynmt.training - 	Source:     Berichten zufolge hofft Indien darüber hinaus auf einen Vertrag zur Verteidigungszusammenarbeit zwischen den beiden Nationen .
2025-04-29 18:25:10,501 - INFO - joeynmt.training - 	Reference:  India is also reportedly hoping for a deal on defence collaboration between the two nations .
2025-04-29 18:25:10,501 - INFO - joeynmt.training - 	Hypothesis: the report is the Council to the Council to the Council of the Council on the basis of the Council .
2025-04-29 18:25:27,968 - INFO - joeynmt.training - Epoch   2, Step:     4600, Batch Loss:     2.618060, Batch Acc: 0.282781, Tokens per Sec:     5312, Lr: 0.000300
2025-04-29 18:25:45,297 - INFO - joeynmt.training - Epoch   2, Step:     4700, Batch Loss:     2.663791, Batch Acc: 0.286199, Tokens per Sec:     5285, Lr: 0.000300
2025-04-29 18:26:02,805 - INFO - joeynmt.training - Epoch   2, Step:     4800, Batch Loss:     2.716932, Batch Acc: 0.286780, Tokens per Sec:     5335, Lr: 0.000300
2025-04-29 18:26:20,095 - INFO - joeynmt.training - Epoch   2, Step:     4900, Batch Loss:     2.686558, Batch Acc: 0.290758, Tokens per Sec:     5301, Lr: 0.000300
2025-04-29 18:26:37,386 - INFO - joeynmt.training - Epoch   2, Step:     5000, Batch Loss:     2.589602, Batch Acc: 0.291406, Tokens per Sec:     5281, Lr: 0.000300
2025-04-29 18:26:37,386 - INFO - joeynmt.prediction - Predicting 500 example(s)... (Greedy decoding with min_output_length=1, max_output_length=-1, return_prob='none', generate_unk=True, repetition_penalty=-1, no_repeat_ngram_size=-1)
2025-04-29 18:27:04,079 - INFO - joeynmt.prediction - Evaluation result (greedy) loss:   3.02, ppl:  20.57, acc:   0.23, generation: 26.6894[sec], evaluation: 0.0000[sec]
2025-04-29 18:27:04,080 - INFO - joeynmt.training - Hooray! New best validation result [ppl]!
2025-04-29 18:27:04,156 - INFO - joeynmt.helpers - delete models/deen_transformer_prenorm/2500.ckpt
2025-04-29 18:27:04,157 - INFO - joeynmt.training - Example #0
2025-04-29 18:27:04,157 - DEBUG - joeynmt.training - 	Tokenized source:     ['die', 'Pre@@', 'mi@@', 'er@@', 'minist@@', 'er', 'Indi@@', 'ens', 'und', 'J@@', 'ap@@', 'ans', 'tra@@', 'fen', 'sich', 'in', 'T@@', 'ok@@', 'i@@', 'o', '.']
2025-04-29 18:27:04,157 - DEBUG - joeynmt.training - 	Tokenized reference:  ['Indi@@', 'a', 'and', 'J@@', 'ap@@', 'an', 'pri@@', 'me', 'minist@@', 'ers', 'me@@', 'et', 'in', 'T@@', 'ok@@', 'y@@', 'o']
2025-04-29 18:27:04,157 - DEBUG - joeynmt.training - 	Tokenized hypothesis: ['the', 'S@@', 'wi@@', 'tz@@', 'er@@', 'land', 'and', 'the', 'S@@', 'i@@', 'o', '.', '</s>']
2025-04-29 18:27:04,157 - INFO - joeynmt.training - 	Source:     die Premierminister Indiens und Japans trafen sich in Tokio .
2025-04-29 18:27:04,157 - INFO - joeynmt.training - 	Reference:  India and Japan prime ministers meet in Tokyo
2025-04-29 18:27:04,157 - INFO - joeynmt.training - 	Hypothesis: the Switzerland and the Sio .
2025-04-29 18:27:04,157 - INFO - joeynmt.training - Example #1
2025-04-29 18:27:04,157 - DEBUG - joeynmt.training - 	Tokenized source:     ['Indi@@', 'ens', 'neu@@', 'er', 'Pre@@', 'mi@@', 'er@@', 'minist@@', 'er', 'N@@', 'ar@@', 'end@@', 'ra', 'Mo@@', 'd@@', 'i', 'tri@@', 'fft', 'bei', 's@@', 'einem', 'ersten', 'wichti@@', 'gen', 'Aus@@', 'land@@', 's@@', 'bes@@', 'u@@', 'ch', 'seit', 's@@', 'einem', 'W@@', 'ah@@', 'l@@', 'si@@', 'e@@', 'g', 'im', 'Ma@@', 'i', 'seinen', 'j@@', 'ap@@', 'an@@', 'ischen', 'Am@@', 'ts@@', 'k@@', 'olle@@', 'gen', 'S@@', 'hin@@', 'z@@', 'o', 'A@@', 'be', 'in', 'T@@', 'ok@@', 'o', ',', 'um', 'wirtschaf@@', 'tliche', 'und', 'sicher@@', 'heits@@', 'politische', 'Be@@', 'zieh@@', 'ungen', 'zu', 'bes@@', 'pre@@', 'chen', '.']
2025-04-29 18:27:04,157 - DEBUG - joeynmt.training - 	Tokenized reference:  ['Indi@@', 'a', '&apos;s', 'new', 'pri@@', 'me', 'minist@@', 'er', ',', 'N@@', 'ar@@', 'end@@', 'ra', 'Mo@@', 'd@@', 'i', ',', 'is', 'me@@', 'eting', 'his', 'J@@', 'ap@@', 'an@@', 'ese', 'coun@@', 'ter@@', 'part', ',', 'S@@', 'hin@@', 'z@@', 'o', 'A@@', 'be', ',', 'in', 'T@@', 'ok@@', 'y@@', 'o', 'to', 'disc@@', 'uss', 'economic', 'and', 'security', 'ties', ',', 'on', 'his', 'first', 'major', 'fore@@', 'ign', 'visi@@', 't', 'since', 'w@@', 'inn@@', 'ing', 'Ma@@', 'y', '&apos;s', 'elec@@', 'tion', '.']
2025-04-29 18:27:04,157 - DEBUG - joeynmt.training - 	Tokenized hypothesis: ['in', 'the', 'first', 'of', 'the', 'first', 'of', 'the', 'first', 'time', ',', 'the', 'first', 'first', 'of', 'the', 'first', 'first', 'of', 'the', 'first', 'time', ',', 'the', 'first', 'of', 'the', 'first', 'of', 'the', 'first', 'of', 'the', 'first', 'of', 'the', 'first', 'of', 'the', 'first', 'of', 'the', 'first', 'of', 'the', 'C@@', 'am@@', 'o', ',', 'and', 'the', 'first', 'of', 'the', 'C@@', 'our@@', 't', 'of', 'the', 'world', '.', '</s>']
2025-04-29 18:27:04,157 - INFO - joeynmt.training - 	Source:     Indiens neuer Premierminister Narendra Modi trifft bei seinem ersten wichtigen Auslandsbesuch seit seinem Wahlsieg im Mai seinen japanischen Amtskollegen Shinzo Abe in Toko , um wirtschaftliche und sicherheitspolitische Beziehungen zu besprechen .
2025-04-29 18:27:04,157 - INFO - joeynmt.training - 	Reference:  India &apos;s new prime minister , Narendra Modi , is meeting his Japanese counterpart , Shinzo Abe , in Tokyo to discuss economic and security ties , on his first major foreign visit since winning May &apos;s election .
2025-04-29 18:27:04,157 - INFO - joeynmt.training - 	Hypothesis: in the first of the first of the first time , the first first of the first first of the first time , the first of the first of the first of the first of the first of the first of the first of the Camo , and the first of the Court of the world .
2025-04-29 18:27:04,157 - INFO - joeynmt.training - Example #2
2025-04-29 18:27:04,157 - DEBUG - joeynmt.training - 	Tokenized source:     ['Herr', 'Mo@@', 'd@@', 'i', 'befindet', 'sich', 'auf', 'einer', 'fü@@', 'n@@', 'f@@', 'tä@@', 'gi@@', 'gen', 'Rei@@', 'se', 'nach', 'J@@', 'ap@@', 'an', ',', 'um', 'die', 'wirtschaf@@', 'tlichen', 'Be@@', 'zieh@@', 'ungen', 'mit', 'der', 'd@@', 'rit@@', 't@@', 'größ@@', 'ten', 'Wirtschafts@@', 'n@@', 'ation', 'der', 'Welt', 'zu', 'fes@@', 'tigen', '.']
2025-04-29 18:27:04,157 - DEBUG - joeynmt.training - 	Tokenized reference:  ['Mr', 'Mo@@', 'd@@', 'i', 'is', 'on', 'a', 'fi@@', 've', '@@@', '-@@', '@', 'day', 'tri@@', 'p', 'to', 'J@@', 'ap@@', 'an', 'to', 'streng@@', 'then', 'economic', 'ties', 'with', 'the', 'third', 'lar@@', 'ges@@', 't', 'econom@@', 'y', 'in', 'the', 'world', '.']
2025-04-29 18:27:04,157 - DEBUG - joeynmt.training - 	Tokenized hypothesis: ['Mr', 'B@@', 'or@@', 'n', 'is', 'a', 'very', 'very', 'very', 'important', 'and', 'the', 'world', ',', 'the', 'world', ',', 'the', 'world', ',', 'the', 'world', ',', 'and', 'the', 'world', 'of', 'the', 'world', '.', '</s>']
2025-04-29 18:27:04,157 - INFO - joeynmt.training - 	Source:     Herr Modi befindet sich auf einer fünftägigen Reise nach Japan , um die wirtschaftlichen Beziehungen mit der drittgrößten Wirtschaftsnation der Welt zu festigen .
2025-04-29 18:27:04,157 - INFO - joeynmt.training - 	Reference:  Mr Modi is on a five @-@ day trip to Japan to strengthen economic ties with the third largest economy in the world .
2025-04-29 18:27:04,157 - INFO - joeynmt.training - 	Hypothesis: Mr Born is a very very very important and the world , the world , the world , the world , and the world of the world .
2025-04-29 18:27:04,157 - INFO - joeynmt.training - Example #3
2025-04-29 18:27:04,157 - DEBUG - joeynmt.training - 	Tokenized source:     ['P@@', 'län@@', 'e', 'für', 'eine', 'stärk@@', 'ere', 'k@@', 'ern@@', 'techn@@', 'ische', 'Zusammenarbeit', 'stehen', 'ganz', 'ob@@', 'en', 'auf', 'der', 'Tag@@', 'es@@', 'ordnung', '.']
2025-04-29 18:27:04,157 - DEBUG - joeynmt.training - 	Tokenized reference:  ['high', 'on', 'the', 'agen@@', 'da', 'are', 'pl@@', 'ans', 'for', 'gre@@', 'ater', 'nu@@', 'clear', 'c@@', 'o', '@@@', '-@@', '@', 'operation', '.']
2025-04-29 18:27:04,157 - DEBUG - joeynmt.training - 	Tokenized hypothesis: ['the', 'S@@', 'ec@@', 'urity', 'and', 'the', 'future', 'of', 'the', 'European', 'Parliament', '.', '</s>']
2025-04-29 18:27:04,157 - INFO - joeynmt.training - 	Source:     Pläne für eine stärkere kerntechnische Zusammenarbeit stehen ganz oben auf der Tagesordnung .
2025-04-29 18:27:04,157 - INFO - joeynmt.training - 	Reference:  high on the agenda are plans for greater nuclear co @-@ operation .
2025-04-29 18:27:04,158 - INFO - joeynmt.training - 	Hypothesis: the Security and the future of the European Parliament .
2025-04-29 18:27:04,158 - INFO - joeynmt.training - Example #4
2025-04-29 18:27:04,158 - DEBUG - joeynmt.training - 	Tokenized source:     ['Berich@@', 'ten', 'zu@@', 'fol@@', 'ge', 'ho@@', 'fft', 'Indi@@', 'en', 'darüber', 'hinaus', 'auf', 'einen', 'Ver@@', 'trag', 'zur', 'Ver@@', 'tei@@', 'dig@@', 'ungs@@', 'zusammen@@', 'arbeit', 'zwischen', 'den', 'beiden', 'N@@', 'ationen', '.']
2025-04-29 18:27:04,158 - DEBUG - joeynmt.training - 	Tokenized reference:  ['Indi@@', 'a', 'is', 'also', 're@@', 'porte@@', 'dly', 'hop@@', 'ing', 'for', 'a', 'de@@', 'al', 'on', 'def@@', 'ence', 'c@@', 'oll@@', 'ab@@', 'or@@', 'ation', 'between', 'the', 'two', 'n@@', 'ations', '.']
2025-04-29 18:27:04,158 - DEBUG - joeynmt.training - 	Tokenized hypothesis: ['the', 'report', 'on', 'the', 'case', 'of', 'the', 'con@@', 'text', 'of', 'the', 'con@@', 'text', 'of', 'the', 're@@', 'ference', 'of', 'the', 're@@', 'ference', 'of', 'the', 're@@', 'ference', '.', '</s>']
2025-04-29 18:27:04,158 - INFO - joeynmt.training - 	Source:     Berichten zufolge hofft Indien darüber hinaus auf einen Vertrag zur Verteidigungszusammenarbeit zwischen den beiden Nationen .
2025-04-29 18:27:04,158 - INFO - joeynmt.training - 	Reference:  India is also reportedly hoping for a deal on defence collaboration between the two nations .
2025-04-29 18:27:04,158 - INFO - joeynmt.training - 	Hypothesis: the report on the case of the context of the context of the reference of the reference of the reference .
2025-04-29 18:27:21,576 - INFO - joeynmt.training - Epoch   2, Step:     5100, Batch Loss:     2.662802, Batch Acc: 0.292753, Tokens per Sec:     5242, Lr: 0.000300
2025-04-29 18:27:37,866 - INFO - joeynmt.training - Epoch   2, Step:     5200, Batch Loss:     2.601995, Batch Acc: 0.299045, Tokens per Sec:     5826, Lr: 0.000300
2025-04-29 18:27:54,050 - INFO - joeynmt.training - Epoch   2, Step:     5300, Batch Loss:     2.515438, Batch Acc: 0.300568, Tokens per Sec:     5659, Lr: 0.000300
2025-04-29 18:28:10,086 - INFO - joeynmt.training - Epoch   2, Step:     5400, Batch Loss:     2.575855, Batch Acc: 0.305864, Tokens per Sec:     5791, Lr: 0.000300
2025-04-29 18:28:26,188 - INFO - joeynmt.training - Epoch   2, Step:     5500, Batch Loss:     2.571481, Batch Acc: 0.305239, Tokens per Sec:     5768, Lr: 0.000300
2025-04-29 18:28:26,189 - INFO - joeynmt.prediction - Predicting 500 example(s)... (Greedy decoding with min_output_length=1, max_output_length=-1, return_prob='none', generate_unk=True, repetition_penalty=-1, no_repeat_ngram_size=-1)
2025-04-29 18:29:04,740 - INFO - joeynmt.prediction - Evaluation result (greedy) loss:   2.96, ppl:  19.35, acc:   0.24, generation: 38.5478[sec], evaluation: 0.0000[sec]
2025-04-29 18:29:04,741 - INFO - joeynmt.training - Hooray! New best validation result [ppl]!
2025-04-29 18:29:04,818 - INFO - joeynmt.helpers - delete models/deen_transformer_prenorm/3000.ckpt
2025-04-29 18:29:04,822 - INFO - joeynmt.training - Example #0
2025-04-29 18:29:04,822 - DEBUG - joeynmt.training - 	Tokenized source:     ['die', 'Pre@@', 'mi@@', 'er@@', 'minist@@', 'er', 'Indi@@', 'ens', 'und', 'J@@', 'ap@@', 'ans', 'tra@@', 'fen', 'sich', 'in', 'T@@', 'ok@@', 'i@@', 'o', '.']
2025-04-29 18:29:04,822 - DEBUG - joeynmt.training - 	Tokenized reference:  ['Indi@@', 'a', 'and', 'J@@', 'ap@@', 'an', 'pri@@', 'me', 'minist@@', 'ers', 'me@@', 'et', 'in', 'T@@', 'ok@@', 'y@@', 'o']
2025-04-29 18:29:04,822 - DEBUG - joeynmt.training - 	Tokenized hypothesis: ['the', 're@@', 'st', 'of', 'the', 'S@@', 'wi@@', 'tz@@', 'er@@', 'land', 'and', 'the', 'S@@', 'i@@', 'r', '.', '</s>']
2025-04-29 18:29:04,822 - INFO - joeynmt.training - 	Source:     die Premierminister Indiens und Japans trafen sich in Tokio .
2025-04-29 18:29:04,822 - INFO - joeynmt.training - 	Reference:  India and Japan prime ministers meet in Tokyo
2025-04-29 18:29:04,822 - INFO - joeynmt.training - 	Hypothesis: the rest of the Switzerland and the Sir .
2025-04-29 18:29:04,822 - INFO - joeynmt.training - Example #1
2025-04-29 18:29:04,822 - DEBUG - joeynmt.training - 	Tokenized source:     ['Indi@@', 'ens', 'neu@@', 'er', 'Pre@@', 'mi@@', 'er@@', 'minist@@', 'er', 'N@@', 'ar@@', 'end@@', 'ra', 'Mo@@', 'd@@', 'i', 'tri@@', 'fft', 'bei', 's@@', 'einem', 'ersten', 'wichti@@', 'gen', 'Aus@@', 'land@@', 's@@', 'bes@@', 'u@@', 'ch', 'seit', 's@@', 'einem', 'W@@', 'ah@@', 'l@@', 'si@@', 'e@@', 'g', 'im', 'Ma@@', 'i', 'seinen', 'j@@', 'ap@@', 'an@@', 'ischen', 'Am@@', 'ts@@', 'k@@', 'olle@@', 'gen', 'S@@', 'hin@@', 'z@@', 'o', 'A@@', 'be', 'in', 'T@@', 'ok@@', 'o', ',', 'um', 'wirtschaf@@', 'tliche', 'und', 'sicher@@', 'heits@@', 'politische', 'Be@@', 'zieh@@', 'ungen', 'zu', 'bes@@', 'pre@@', 'chen', '.']
2025-04-29 18:29:04,822 - DEBUG - joeynmt.training - 	Tokenized reference:  ['Indi@@', 'a', '&apos;s', 'new', 'pri@@', 'me', 'minist@@', 'er', ',', 'N@@', 'ar@@', 'end@@', 'ra', 'Mo@@', 'd@@', 'i', ',', 'is', 'me@@', 'eting', 'his', 'J@@', 'ap@@', 'an@@', 'ese', 'coun@@', 'ter@@', 'part', ',', 'S@@', 'hin@@', 'z@@', 'o', 'A@@', 'be', ',', 'in', 'T@@', 'ok@@', 'y@@', 'o', 'to', 'disc@@', 'uss', 'economic', 'and', 'security', 'ties', ',', 'on', 'his', 'first', 'major', 'fore@@', 'ign', 'visi@@', 't', 'since', 'w@@', 'inn@@', 'ing', 'Ma@@', 'y', '&apos;s', 'elec@@', 'tion', '.']
2025-04-29 18:29:04,822 - DEBUG - joeynmt.training - 	Tokenized hypothesis: ['in', 'the', 'first', 'of', 'the', 'first', 'of', 'the', 'first', 'of', 'the', 'first', 'time', ',', 'the', 'first', 'first', 'of', 'the', 'first', 'time', ',', 'the', 'first', 'first', 'of', 'the', 'first', 'time', 'in', 'the', 'first', 'of', 'the', 'first', 'of', 'the', 'S@@', 'outh', ',', 'the', 'C@@', 'as@@', 'an@@', 'di@@', 'o', ',', 'the', 'C@@', 'as@@', 'as@@', 'soci@@', 'ety', 'and', 'the', 'European', 'Union', '.', '</s>']
2025-04-29 18:29:04,822 - INFO - joeynmt.training - 	Source:     Indiens neuer Premierminister Narendra Modi trifft bei seinem ersten wichtigen Auslandsbesuch seit seinem Wahlsieg im Mai seinen japanischen Amtskollegen Shinzo Abe in Toko , um wirtschaftliche und sicherheitspolitische Beziehungen zu besprechen .
2025-04-29 18:29:04,822 - INFO - joeynmt.training - 	Reference:  India &apos;s new prime minister , Narendra Modi , is meeting his Japanese counterpart , Shinzo Abe , in Tokyo to discuss economic and security ties , on his first major foreign visit since winning May &apos;s election .
2025-04-29 18:29:04,822 - INFO - joeynmt.training - 	Hypothesis: in the first of the first of the first of the first time , the first first of the first time , the first first of the first time in the first of the first of the South , the Casandio , the Casassociety and the European Union .
2025-04-29 18:29:04,822 - INFO - joeynmt.training - Example #2
2025-04-29 18:29:04,822 - DEBUG - joeynmt.training - 	Tokenized source:     ['Herr', 'Mo@@', 'd@@', 'i', 'befindet', 'sich', 'auf', 'einer', 'fü@@', 'n@@', 'f@@', 'tä@@', 'gi@@', 'gen', 'Rei@@', 'se', 'nach', 'J@@', 'ap@@', 'an', ',', 'um', 'die', 'wirtschaf@@', 'tlichen', 'Be@@', 'zieh@@', 'ungen', 'mit', 'der', 'd@@', 'rit@@', 't@@', 'größ@@', 'ten', 'Wirtschafts@@', 'n@@', 'ation', 'der', 'Welt', 'zu', 'fes@@', 'tigen', '.']
2025-04-29 18:29:04,822 - DEBUG - joeynmt.training - 	Tokenized reference:  ['Mr', 'Mo@@', 'd@@', 'i', 'is', 'on', 'a', 'fi@@', 've', '@@@', '-@@', '@', 'day', 'tri@@', 'p', 'to', 'J@@', 'ap@@', 'an', 'to', 'streng@@', 'then', 'economic', 'ties', 'with', 'the', 'third', 'lar@@', 'ges@@', 't', 'econom@@', 'y', 'in', 'the', 'world', '.']
2025-04-29 18:29:04,822 - DEBUG - joeynmt.training - 	Tokenized hypothesis: ['Mr', 'B@@', 'an@@', 'i', 'is', 'a', 'a', 'a', 'a', 're@@', 'pres@@', 'ents', 'the', 'most', 'important', 'of', 'the', 'world', ',', 'the', 'world', ',', 'the', 'world', ',', 'the', 'world', '&apos;s', 'world', '&apos;s', 'world', '.', '</s>']
2025-04-29 18:29:04,822 - INFO - joeynmt.training - 	Source:     Herr Modi befindet sich auf einer fünftägigen Reise nach Japan , um die wirtschaftlichen Beziehungen mit der drittgrößten Wirtschaftsnation der Welt zu festigen .
2025-04-29 18:29:04,822 - INFO - joeynmt.training - 	Reference:  Mr Modi is on a five @-@ day trip to Japan to strengthen economic ties with the third largest economy in the world .
2025-04-29 18:29:04,822 - INFO - joeynmt.training - 	Hypothesis: Mr Bani is a a a a represents the most important of the world , the world , the world , the world &apos;s world &apos;s world .
2025-04-29 18:29:04,823 - INFO - joeynmt.training - Example #3
2025-04-29 18:29:04,823 - DEBUG - joeynmt.training - 	Tokenized source:     ['P@@', 'län@@', 'e', 'für', 'eine', 'stärk@@', 'ere', 'k@@', 'ern@@', 'techn@@', 'ische', 'Zusammenarbeit', 'stehen', 'ganz', 'ob@@', 'en', 'auf', 'der', 'Tag@@', 'es@@', 'ordnung', '.']
2025-04-29 18:29:04,823 - DEBUG - joeynmt.training - 	Tokenized reference:  ['high', 'on', 'the', 'agen@@', 'da', 'are', 'pl@@', 'ans', 'for', 'gre@@', 'ater', 'nu@@', 'clear', 'c@@', 'o', '@@@', '-@@', '@', 'operation', '.']
2025-04-29 18:29:04,823 - DEBUG - joeynmt.training - 	Tokenized hypothesis: ['the', 'S@@', 'S@@', 'S@@', 'S@@', 'S@@', 'S@@', 'S@@', 'S@@', 'E', 'Group', '.', '</s>']
2025-04-29 18:29:04,823 - INFO - joeynmt.training - 	Source:     Pläne für eine stärkere kerntechnische Zusammenarbeit stehen ganz oben auf der Tagesordnung .
2025-04-29 18:29:04,823 - INFO - joeynmt.training - 	Reference:  high on the agenda are plans for greater nuclear co @-@ operation .
2025-04-29 18:29:04,823 - INFO - joeynmt.training - 	Hypothesis: the SSSSSSSSE Group .
2025-04-29 18:29:04,823 - INFO - joeynmt.training - Example #4
2025-04-29 18:29:04,823 - DEBUG - joeynmt.training - 	Tokenized source:     ['Berich@@', 'ten', 'zu@@', 'fol@@', 'ge', 'ho@@', 'fft', 'Indi@@', 'en', 'darüber', 'hinaus', 'auf', 'einen', 'Ver@@', 'trag', 'zur', 'Ver@@', 'tei@@', 'dig@@', 'ungs@@', 'zusammen@@', 'arbeit', 'zwischen', 'den', 'beiden', 'N@@', 'ationen', '.']
2025-04-29 18:29:04,823 - DEBUG - joeynmt.training - 	Tokenized reference:  ['Indi@@', 'a', 'is', 'also', 're@@', 'porte@@', 'dly', 'hop@@', 'ing', 'for', 'a', 'de@@', 'al', 'on', 'def@@', 'ence', 'c@@', 'oll@@', 'ab@@', 'or@@', 'ation', 'between', 'the', 'two', 'n@@', 'ations', '.']
2025-04-29 18:29:04,823 - DEBUG - joeynmt.training - 	Tokenized hypothesis: ['the', 'report', 'has', 'been', 'a', 'good', 'of', 'the', 'Commission', '&apos;s', 'proposal', 'on', 'the', 'subject', 'of', 'the', 'Council', '.', '</s>']
2025-04-29 18:29:04,823 - INFO - joeynmt.training - 	Source:     Berichten zufolge hofft Indien darüber hinaus auf einen Vertrag zur Verteidigungszusammenarbeit zwischen den beiden Nationen .
2025-04-29 18:29:04,823 - INFO - joeynmt.training - 	Reference:  India is also reportedly hoping for a deal on defence collaboration between the two nations .
2025-04-29 18:29:04,823 - INFO - joeynmt.training - 	Hypothesis: the report has been a good of the Commission &apos;s proposal on the subject of the Council .
2025-04-29 18:29:20,840 - INFO - joeynmt.training - Epoch   2, Step:     5600, Batch Loss:     2.535019, Batch Acc: 0.311669, Tokens per Sec:     5542, Lr: 0.000300
2025-04-29 18:29:37,058 - INFO - joeynmt.training - Epoch   2, Step:     5700, Batch Loss:     2.426008, Batch Acc: 0.310624, Tokens per Sec:     5608, Lr: 0.000300
2025-04-29 18:29:54,919 - INFO - joeynmt.training - Epoch   2, Step:     5800, Batch Loss:     2.610223, Batch Acc: 0.313872, Tokens per Sec:     5207, Lr: 0.000300
2025-04-29 18:30:11,181 - INFO - joeynmt.training - Epoch   2, Step:     5900, Batch Loss:     2.656117, Batch Acc: 0.320940, Tokens per Sec:     5611, Lr: 0.000300
2025-04-29 18:30:27,550 - INFO - joeynmt.training - Epoch   2, Step:     6000, Batch Loss:     2.511404, Batch Acc: 0.323052, Tokens per Sec:     5675, Lr: 0.000300
2025-04-29 18:30:27,551 - INFO - joeynmt.prediction - Predicting 500 example(s)... (Greedy decoding with min_output_length=1, max_output_length=-1, return_prob='none', generate_unk=True, repetition_penalty=-1, no_repeat_ngram_size=-1)
2025-04-29 18:30:58,281 - INFO - joeynmt.prediction - Evaluation result (greedy) loss:   2.91, ppl:  18.35, acc:   0.26, generation: 30.7264[sec], evaluation: 0.0000[sec]
2025-04-29 18:30:58,282 - INFO - joeynmt.training - Hooray! New best validation result [ppl]!
2025-04-29 18:30:58,364 - INFO - joeynmt.helpers - delete models/deen_transformer_prenorm/3500.ckpt
2025-04-29 18:30:58,368 - INFO - joeynmt.training - Example #0
2025-04-29 18:30:58,368 - DEBUG - joeynmt.training - 	Tokenized source:     ['die', 'Pre@@', 'mi@@', 'er@@', 'minist@@', 'er', 'Indi@@', 'ens', 'und', 'J@@', 'ap@@', 'ans', 'tra@@', 'fen', 'sich', 'in', 'T@@', 'ok@@', 'i@@', 'o', '.']
2025-04-29 18:30:58,368 - DEBUG - joeynmt.training - 	Tokenized reference:  ['Indi@@', 'a', 'and', 'J@@', 'ap@@', 'an', 'pri@@', 'me', 'minist@@', 'ers', 'me@@', 'et', 'in', 'T@@', 'ok@@', 'y@@', 'o']
2025-04-29 18:30:58,368 - DEBUG - joeynmt.training - 	Tokenized hypothesis: ['the', 'B@@', 'ra@@', 'zi@@', 'l', 'and', 'J@@', 'ap@@', 'an', '.', '</s>']
2025-04-29 18:30:58,368 - INFO - joeynmt.training - 	Source:     die Premierminister Indiens und Japans trafen sich in Tokio .
2025-04-29 18:30:58,368 - INFO - joeynmt.training - 	Reference:  India and Japan prime ministers meet in Tokyo
2025-04-29 18:30:58,368 - INFO - joeynmt.training - 	Hypothesis: the Brazil and Japan .
2025-04-29 18:30:58,368 - INFO - joeynmt.training - Example #1
2025-04-29 18:30:58,368 - DEBUG - joeynmt.training - 	Tokenized source:     ['Indi@@', 'ens', 'neu@@', 'er', 'Pre@@', 'mi@@', 'er@@', 'minist@@', 'er', 'N@@', 'ar@@', 'end@@', 'ra', 'Mo@@', 'd@@', 'i', 'tri@@', 'fft', 'bei', 's@@', 'einem', 'ersten', 'wichti@@', 'gen', 'Aus@@', 'land@@', 's@@', 'bes@@', 'u@@', 'ch', 'seit', 's@@', 'einem', 'W@@', 'ah@@', 'l@@', 'si@@', 'e@@', 'g', 'im', 'Ma@@', 'i', 'seinen', 'j@@', 'ap@@', 'an@@', 'ischen', 'Am@@', 'ts@@', 'k@@', 'olle@@', 'gen', 'S@@', 'hin@@', 'z@@', 'o', 'A@@', 'be', 'in', 'T@@', 'ok@@', 'o', ',', 'um', 'wirtschaf@@', 'tliche', 'und', 'sicher@@', 'heits@@', 'politische', 'Be@@', 'zieh@@', 'ungen', 'zu', 'bes@@', 'pre@@', 'chen', '.']
2025-04-29 18:30:58,368 - DEBUG - joeynmt.training - 	Tokenized reference:  ['Indi@@', 'a', '&apos;s', 'new', 'pri@@', 'me', 'minist@@', 'er', ',', 'N@@', 'ar@@', 'end@@', 'ra', 'Mo@@', 'd@@', 'i', ',', 'is', 'me@@', 'eting', 'his', 'J@@', 'ap@@', 'an@@', 'ese', 'coun@@', 'ter@@', 'part', ',', 'S@@', 'hin@@', 'z@@', 'o', 'A@@', 'be', ',', 'in', 'T@@', 'ok@@', 'y@@', 'o', 'to', 'disc@@', 'uss', 'economic', 'and', 'security', 'ties', ',', 'on', 'his', 'first', 'major', 'fore@@', 'ign', 'visi@@', 't', 'since', 'w@@', 'inn@@', 'ing', 'Ma@@', 'y', '&apos;s', 'elec@@', 'tion', '.']
2025-04-29 18:30:58,368 - DEBUG - joeynmt.training - 	Tokenized hypothesis: ['in', 'the', 'first', 'of', 'the', 'first', 'of', 'the', 'first', 'of', 'the', 'first', 'of', 'the', 'first', 'first', 'first', 'of', 'the', 'first', 'first', 'of', 'the', 'first', 'time', ',', 'in', 'the', 'first', 'time', ',', 'in', 'his', 'his', 'own', 're@@', 'form', 'of', 'the', 'S@@', 'ec@@', 'urity', 'urity', 'urity', 'urity', 'urity', 'urity', 'urity', ',', 'and', 'the', 'most', 'important', 'role', 'of', 'the', 'A@@', 'mer@@', 'ic@@', 'a', '.', '</s>']
2025-04-29 18:30:58,368 - INFO - joeynmt.training - 	Source:     Indiens neuer Premierminister Narendra Modi trifft bei seinem ersten wichtigen Auslandsbesuch seit seinem Wahlsieg im Mai seinen japanischen Amtskollegen Shinzo Abe in Toko , um wirtschaftliche und sicherheitspolitische Beziehungen zu besprechen .
2025-04-29 18:30:58,368 - INFO - joeynmt.training - 	Reference:  India &apos;s new prime minister , Narendra Modi , is meeting his Japanese counterpart , Shinzo Abe , in Tokyo to discuss economic and security ties , on his first major foreign visit since winning May &apos;s election .
2025-04-29 18:30:58,368 - INFO - joeynmt.training - 	Hypothesis: in the first of the first of the first of the first of the first first first of the first first of the first time , in the first time , in his his own reform of the Security urity urity urity urity urity urity , and the most important role of the America .
2025-04-29 18:30:58,368 - INFO - joeynmt.training - Example #2
2025-04-29 18:30:58,368 - DEBUG - joeynmt.training - 	Tokenized source:     ['Herr', 'Mo@@', 'd@@', 'i', 'befindet', 'sich', 'auf', 'einer', 'fü@@', 'n@@', 'f@@', 'tä@@', 'gi@@', 'gen', 'Rei@@', 'se', 'nach', 'J@@', 'ap@@', 'an', ',', 'um', 'die', 'wirtschaf@@', 'tlichen', 'Be@@', 'zieh@@', 'ungen', 'mit', 'der', 'd@@', 'rit@@', 't@@', 'größ@@', 'ten', 'Wirtschafts@@', 'n@@', 'ation', 'der', 'Welt', 'zu', 'fes@@', 'tigen', '.']
2025-04-29 18:30:58,368 - DEBUG - joeynmt.training - 	Tokenized reference:  ['Mr', 'Mo@@', 'd@@', 'i', 'is', 'on', 'a', 'fi@@', 've', '@@@', '-@@', '@', 'day', 'tri@@', 'p', 'to', 'J@@', 'ap@@', 'an', 'to', 'streng@@', 'then', 'economic', 'ties', 'with', 'the', 'third', 'lar@@', 'ges@@', 't', 'econom@@', 'y', 'in', 'the', 'world', '.']
2025-04-29 18:30:58,368 - DEBUG - joeynmt.training - 	Tokenized hypothesis: ['Mr', 'President', ',', 'the', 'world', 'is', 'a', 'very', 'important', 'of', 'the', 'world', ',', 'the', 'world', ',', 'and', 'the', 'world', ',', 'and', 'the', 'world', ',', 'and', 'the', 'world', ',', 'with', 'the', 'world', ',', 'and', 'the', 'world', '.', '</s>']
2025-04-29 18:30:58,369 - INFO - joeynmt.training - 	Source:     Herr Modi befindet sich auf einer fünftägigen Reise nach Japan , um die wirtschaftlichen Beziehungen mit der drittgrößten Wirtschaftsnation der Welt zu festigen .
2025-04-29 18:30:58,369 - INFO - joeynmt.training - 	Reference:  Mr Modi is on a five @-@ day trip to Japan to strengthen economic ties with the third largest economy in the world .
2025-04-29 18:30:58,369 - INFO - joeynmt.training - 	Hypothesis: Mr President , the world is a very important of the world , the world , and the world , and the world , and the world , with the world , and the world .
2025-04-29 18:30:58,369 - INFO - joeynmt.training - Example #3
2025-04-29 18:30:58,369 - DEBUG - joeynmt.training - 	Tokenized source:     ['P@@', 'län@@', 'e', 'für', 'eine', 'stärk@@', 'ere', 'k@@', 'ern@@', 'techn@@', 'ische', 'Zusammenarbeit', 'stehen', 'ganz', 'ob@@', 'en', 'auf', 'der', 'Tag@@', 'es@@', 'ordnung', '.']
2025-04-29 18:30:58,369 - DEBUG - joeynmt.training - 	Tokenized reference:  ['high', 'on', 'the', 'agen@@', 'da', 'are', 'pl@@', 'ans', 'for', 'gre@@', 'ater', 'nu@@', 'clear', 'c@@', 'o', '@@@', '-@@', '@', 'operation', '.']
2025-04-29 18:30:58,369 - DEBUG - joeynmt.training - 	Tokenized hypothesis: ['the', 'A@@', 'c@@', 'le', 'is', 'a', 'European', 'level', 'of', 'the', 'European', 'cooperation', '.', '</s>']
2025-04-29 18:30:58,369 - INFO - joeynmt.training - 	Source:     Pläne für eine stärkere kerntechnische Zusammenarbeit stehen ganz oben auf der Tagesordnung .
2025-04-29 18:30:58,369 - INFO - joeynmt.training - 	Reference:  high on the agenda are plans for greater nuclear co @-@ operation .
2025-04-29 18:30:58,369 - INFO - joeynmt.training - 	Hypothesis: the Acle is a European level of the European cooperation .
2025-04-29 18:30:58,369 - INFO - joeynmt.training - Example #4
2025-04-29 18:30:58,369 - DEBUG - joeynmt.training - 	Tokenized source:     ['Berich@@', 'ten', 'zu@@', 'fol@@', 'ge', 'ho@@', 'fft', 'Indi@@', 'en', 'darüber', 'hinaus', 'auf', 'einen', 'Ver@@', 'trag', 'zur', 'Ver@@', 'tei@@', 'dig@@', 'ungs@@', 'zusammen@@', 'arbeit', 'zwischen', 'den', 'beiden', 'N@@', 'ationen', '.']
2025-04-29 18:30:58,369 - DEBUG - joeynmt.training - 	Tokenized reference:  ['Indi@@', 'a', 'is', 'also', 're@@', 'porte@@', 'dly', 'hop@@', 'ing', 'for', 'a', 'de@@', 'al', 'on', 'def@@', 'ence', 'c@@', 'oll@@', 'ab@@', 'or@@', 'ation', 'between', 'the', 'two', 'n@@', 'ations', '.']
2025-04-29 18:30:58,369 - DEBUG - joeynmt.training - 	Tokenized hypothesis: ['the', 'report', 're@@', 'st', 'of', 'the', 're@@', 'st', 'of', 'the', 're@@', 'lev@@', 'ant', 'to', 'the', 're@@', 'st', 'of', 'the', 'two', 'two', 'two', 'two', 'two', 'two', 'two', '.', '</s>']
2025-04-29 18:30:58,369 - INFO - joeynmt.training - 	Source:     Berichten zufolge hofft Indien darüber hinaus auf einen Vertrag zur Verteidigungszusammenarbeit zwischen den beiden Nationen .
2025-04-29 18:30:58,369 - INFO - joeynmt.training - 	Reference:  India is also reportedly hoping for a deal on defence collaboration between the two nations .
2025-04-29 18:30:58,369 - INFO - joeynmt.training - 	Hypothesis: the report rest of the rest of the relevant to the rest of the two two two two two two two .
2025-04-29 18:31:16,287 - INFO - joeynmt.training - Epoch   2, Step:     6100, Batch Loss:     2.403983, Batch Acc: 0.320631, Tokens per Sec:     5100, Lr: 0.000300
2025-04-29 18:31:33,158 - INFO - joeynmt.training - Epoch   2, Step:     6200, Batch Loss:     2.588213, Batch Acc: 0.324701, Tokens per Sec:     5432, Lr: 0.000300
2025-04-29 18:31:52,735 - INFO - joeynmt.training - Epoch   2, Step:     6300, Batch Loss:     2.436661, Batch Acc: 0.328795, Tokens per Sec:     4735, Lr: 0.000300
2025-04-29 18:32:11,318 - INFO - joeynmt.training - Epoch   2, Step:     6400, Batch Loss:     2.307818, Batch Acc: 0.335521, Tokens per Sec:     4911, Lr: 0.000300
2025-04-29 18:32:29,155 - INFO - joeynmt.training - Epoch   2, Step:     6500, Batch Loss:     2.543735, Batch Acc: 0.335142, Tokens per Sec:     5022, Lr: 0.000300
2025-04-29 18:32:29,155 - INFO - joeynmt.prediction - Predicting 500 example(s)... (Greedy decoding with min_output_length=1, max_output_length=-1, return_prob='none', generate_unk=True, repetition_penalty=-1, no_repeat_ngram_size=-1)
2025-04-29 18:32:59,576 - INFO - joeynmt.prediction - Evaluation result (greedy) loss:   2.85, ppl:  17.35, acc:   0.27, generation: 30.4176[sec], evaluation: 0.0000[sec]
2025-04-29 18:32:59,577 - INFO - joeynmt.training - Hooray! New best validation result [ppl]!
2025-04-29 18:32:59,655 - INFO - joeynmt.helpers - delete models/deen_transformer_prenorm/4000.ckpt
2025-04-29 18:32:59,662 - INFO - joeynmt.training - Example #0
2025-04-29 18:32:59,662 - DEBUG - joeynmt.training - 	Tokenized source:     ['die', 'Pre@@', 'mi@@', 'er@@', 'minist@@', 'er', 'Indi@@', 'ens', 'und', 'J@@', 'ap@@', 'ans', 'tra@@', 'fen', 'sich', 'in', 'T@@', 'ok@@', 'i@@', 'o', '.']
2025-04-29 18:32:59,662 - DEBUG - joeynmt.training - 	Tokenized reference:  ['Indi@@', 'a', 'and', 'J@@', 'ap@@', 'an', 'pri@@', 'me', 'minist@@', 'ers', 'me@@', 'et', 'in', 'T@@', 'ok@@', 'y@@', 'o']
2025-04-29 18:32:59,662 - DEBUG - joeynmt.training - 	Tokenized hypothesis: ['the', 'm@@', 'em@@', 'b@@', 'ed', 'by', 'the', 'J@@', 'ap@@', 'an', 'and', 'J@@', 'ap@@', 'an', '.', '</s>']
2025-04-29 18:32:59,662 - INFO - joeynmt.training - 	Source:     die Premierminister Indiens und Japans trafen sich in Tokio .
2025-04-29 18:32:59,662 - INFO - joeynmt.training - 	Reference:  India and Japan prime ministers meet in Tokyo
2025-04-29 18:32:59,662 - INFO - joeynmt.training - 	Hypothesis: the membed by the Japan and Japan .
2025-04-29 18:32:59,662 - INFO - joeynmt.training - Example #1
2025-04-29 18:32:59,662 - DEBUG - joeynmt.training - 	Tokenized source:     ['Indi@@', 'ens', 'neu@@', 'er', 'Pre@@', 'mi@@', 'er@@', 'minist@@', 'er', 'N@@', 'ar@@', 'end@@', 'ra', 'Mo@@', 'd@@', 'i', 'tri@@', 'fft', 'bei', 's@@', 'einem', 'ersten', 'wichti@@', 'gen', 'Aus@@', 'land@@', 's@@', 'bes@@', 'u@@', 'ch', 'seit', 's@@', 'einem', 'W@@', 'ah@@', 'l@@', 'si@@', 'e@@', 'g', 'im', 'Ma@@', 'i', 'seinen', 'j@@', 'ap@@', 'an@@', 'ischen', 'Am@@', 'ts@@', 'k@@', 'olle@@', 'gen', 'S@@', 'hin@@', 'z@@', 'o', 'A@@', 'be', 'in', 'T@@', 'ok@@', 'o', ',', 'um', 'wirtschaf@@', 'tliche', 'und', 'sicher@@', 'heits@@', 'politische', 'Be@@', 'zieh@@', 'ungen', 'zu', 'bes@@', 'pre@@', 'chen', '.']
2025-04-29 18:32:59,662 - DEBUG - joeynmt.training - 	Tokenized reference:  ['Indi@@', 'a', '&apos;s', 'new', 'pri@@', 'me', 'minist@@', 'er', ',', 'N@@', 'ar@@', 'end@@', 'ra', 'Mo@@', 'd@@', 'i', ',', 'is', 'me@@', 'eting', 'his', 'J@@', 'ap@@', 'an@@', 'ese', 'coun@@', 'ter@@', 'part', ',', 'S@@', 'hin@@', 'z@@', 'o', 'A@@', 'be', ',', 'in', 'T@@', 'ok@@', 'y@@', 'o', 'to', 'disc@@', 'uss', 'economic', 'and', 'security', 'ties', ',', 'on', 'his', 'first', 'major', 'fore@@', 'ign', 'visi@@', 't', 'since', 'w@@', 'inn@@', 'ing', 'Ma@@', 'y', '&apos;s', 'elec@@', 'tion', '.']
2025-04-29 18:32:59,662 - DEBUG - joeynmt.training - 	Tokenized hypothesis: ['in', 'the', 'first', 'of', 'the', 'first', 'of', 'the', 'first', 'of', 'the', 'first', 'first', 'of', 'the', 'first', 'first', 'of', 'a', 'first', 'first', 'time', ',', 'a', 'few', 'days', ',', 'a', 'few', 'days', ',', 'the', 'first', 'time', ',', 'in', 'the', 'first', 'time', ',', 'in', 'the', 'S@@', 'an@@', 'no@@', 'un@@', 'ced', 'the', 'S@@', 'ec@@', 'urity', 'of', 'the', 'S@@', 'wi@@', 'tz@@', 'er@@', 'land', 'and', 'the', 'political', ',', 'in', 'the', 'political', ',', 'and', 'the', 'political', ',', 'in', 'the', 'region', '.', '</s>']
2025-04-29 18:32:59,662 - INFO - joeynmt.training - 	Source:     Indiens neuer Premierminister Narendra Modi trifft bei seinem ersten wichtigen Auslandsbesuch seit seinem Wahlsieg im Mai seinen japanischen Amtskollegen Shinzo Abe in Toko , um wirtschaftliche und sicherheitspolitische Beziehungen zu besprechen .
2025-04-29 18:32:59,662 - INFO - joeynmt.training - 	Reference:  India &apos;s new prime minister , Narendra Modi , is meeting his Japanese counterpart , Shinzo Abe , in Tokyo to discuss economic and security ties , on his first major foreign visit since winning May &apos;s election .
2025-04-29 18:32:59,662 - INFO - joeynmt.training - 	Hypothesis: in the first of the first of the first of the first first of the first first of a first first time , a few days , a few days , the first time , in the first time , in the Sannounced the Security of the Switzerland and the political , in the political , and the political , in the region .
2025-04-29 18:32:59,662 - INFO - joeynmt.training - Example #2
2025-04-29 18:32:59,662 - DEBUG - joeynmt.training - 	Tokenized source:     ['Herr', 'Mo@@', 'd@@', 'i', 'befindet', 'sich', 'auf', 'einer', 'fü@@', 'n@@', 'f@@', 'tä@@', 'gi@@', 'gen', 'Rei@@', 'se', 'nach', 'J@@', 'ap@@', 'an', ',', 'um', 'die', 'wirtschaf@@', 'tlichen', 'Be@@', 'zieh@@', 'ungen', 'mit', 'der', 'd@@', 'rit@@', 't@@', 'größ@@', 'ten', 'Wirtschafts@@', 'n@@', 'ation', 'der', 'Welt', 'zu', 'fes@@', 'tigen', '.']
2025-04-29 18:32:59,662 - DEBUG - joeynmt.training - 	Tokenized reference:  ['Mr', 'Mo@@', 'd@@', 'i', 'is', 'on', 'a', 'fi@@', 've', '@@@', '-@@', '@', 'day', 'tri@@', 'p', 'to', 'J@@', 'ap@@', 'an', 'to', 'streng@@', 'then', 'economic', 'ties', 'with', 'the', 'third', 'lar@@', 'ges@@', 't', 'econom@@', 'y', 'in', 'the', 'world', '.']
2025-04-29 18:32:59,662 - DEBUG - joeynmt.training - 	Tokenized hypothesis: ['Mr', 'President', ',', 'Mr', 'J@@', 'ap@@', 'an', ',', 'the', 'world', '&apos;s', 'b@@', 'ap@@', 'er', ',', 'the', 'B@@', 'ap@@', 'an', ',', 'the', 'world', ',', 'the', 'world', '&apos;s', 'economic', ',', 'the', 'world', '&apos;s', 'world', '&apos;s', 'world', '&apos;s', 'world', '&apos;s', 'world', '&apos;s', 'world', '&apos;s', 'world', '.', '</s>']
2025-04-29 18:32:59,662 - INFO - joeynmt.training - 	Source:     Herr Modi befindet sich auf einer fünftägigen Reise nach Japan , um die wirtschaftlichen Beziehungen mit der drittgrößten Wirtschaftsnation der Welt zu festigen .
2025-04-29 18:32:59,662 - INFO - joeynmt.training - 	Reference:  Mr Modi is on a five @-@ day trip to Japan to strengthen economic ties with the third largest economy in the world .
2025-04-29 18:32:59,662 - INFO - joeynmt.training - 	Hypothesis: Mr President , Mr Japan , the world &apos;s baper , the Bapan , the world , the world &apos;s economic , the world &apos;s world &apos;s world &apos;s world &apos;s world &apos;s world &apos;s world .
2025-04-29 18:32:59,663 - INFO - joeynmt.training - Example #3
2025-04-29 18:32:59,663 - DEBUG - joeynmt.training - 	Tokenized source:     ['P@@', 'län@@', 'e', 'für', 'eine', 'stärk@@', 'ere', 'k@@', 'ern@@', 'techn@@', 'ische', 'Zusammenarbeit', 'stehen', 'ganz', 'ob@@', 'en', 'auf', 'der', 'Tag@@', 'es@@', 'ordnung', '.']
2025-04-29 18:32:59,663 - DEBUG - joeynmt.training - 	Tokenized reference:  ['high', 'on', 'the', 'agen@@', 'da', 'are', 'pl@@', 'ans', 'for', 'gre@@', 'ater', 'nu@@', 'clear', 'c@@', 'o', '@@@', '-@@', '@', 'operation', '.']
2025-04-29 18:32:59,663 - DEBUG - joeynmt.training - 	Tokenized hypothesis: ['P@@', 'P@@', 's', 'for', 'a', 'is', 'a', 'techn@@', 'ical', 'cooperation', 'and', 'the', 'techn@@', 'ical', 'cooperation', '.', '</s>']
2025-04-29 18:32:59,663 - INFO - joeynmt.training - 	Source:     Pläne für eine stärkere kerntechnische Zusammenarbeit stehen ganz oben auf der Tagesordnung .
2025-04-29 18:32:59,663 - INFO - joeynmt.training - 	Reference:  high on the agenda are plans for greater nuclear co @-@ operation .
2025-04-29 18:32:59,663 - INFO - joeynmt.training - 	Hypothesis: PPs for a is a technical cooperation and the technical cooperation .
2025-04-29 18:32:59,663 - INFO - joeynmt.training - Example #4
2025-04-29 18:32:59,663 - DEBUG - joeynmt.training - 	Tokenized source:     ['Berich@@', 'ten', 'zu@@', 'fol@@', 'ge', 'ho@@', 'fft', 'Indi@@', 'en', 'darüber', 'hinaus', 'auf', 'einen', 'Ver@@', 'trag', 'zur', 'Ver@@', 'tei@@', 'dig@@', 'ungs@@', 'zusammen@@', 'arbeit', 'zwischen', 'den', 'beiden', 'N@@', 'ationen', '.']
2025-04-29 18:32:59,663 - DEBUG - joeynmt.training - 	Tokenized reference:  ['Indi@@', 'a', 'is', 'also', 're@@', 'porte@@', 'dly', 'hop@@', 'ing', 'for', 'a', 'de@@', 'al', 'on', 'def@@', 'ence', 'c@@', 'oll@@', 'ab@@', 'or@@', 'ation', 'between', 'the', 'two', 'n@@', 'ations', '.']
2025-04-29 18:32:59,663 - DEBUG - joeynmt.training - 	Tokenized hypothesis: ['the', 'report', 'on', 'the', 'con@@', 'sequ@@', 'ences', 'of', 'the', 'Council', '&apos;s', 'report', 'on', 'the', 'con@@', 'sequ@@', 'ences', 'between', 'the', 'two', 'two', 'two', 'two', 'two', 'two', 'two', 'two', 'two', 'two', 'two', 'two', 'two', 'two', 'two', 'two', 'two', 'two', 'two', 'two', 'two', '.', '</s>']
2025-04-29 18:32:59,663 - INFO - joeynmt.training - 	Source:     Berichten zufolge hofft Indien darüber hinaus auf einen Vertrag zur Verteidigungszusammenarbeit zwischen den beiden Nationen .
2025-04-29 18:32:59,663 - INFO - joeynmt.training - 	Reference:  India is also reportedly hoping for a deal on defence collaboration between the two nations .
2025-04-29 18:32:59,663 - INFO - joeynmt.training - 	Hypothesis: the report on the consequences of the Council &apos;s report on the consequences between the two two two two two two two two two two two two two two two two two two two two two .
2025-04-29 18:33:17,886 - INFO - joeynmt.training - Epoch   2, Step:     6600, Batch Loss:     2.422010, Batch Acc: 0.334517, Tokens per Sec:     5013, Lr: 0.000300
2025-04-29 18:33:35,256 - INFO - joeynmt.training - Epoch   2, Step:     6700, Batch Loss:     2.429428, Batch Acc: 0.340501, Tokens per Sec:     5288, Lr: 0.000300
2025-04-29 18:33:53,614 - INFO - joeynmt.training - Epoch   2, Step:     6800, Batch Loss:     2.423124, Batch Acc: 0.340906, Tokens per Sec:     5004, Lr: 0.000300
2025-04-29 18:34:11,867 - INFO - joeynmt.training - Epoch   2, Step:     6900, Batch Loss:     2.379651, Batch Acc: 0.339657, Tokens per Sec:     5019, Lr: 0.000300
2025-04-29 18:34:28,821 - INFO - joeynmt.training - Epoch   2, Step:     7000, Batch Loss:     2.439104, Batch Acc: 0.344982, Tokens per Sec:     5408, Lr: 0.000300
2025-04-29 18:34:28,821 - INFO - joeynmt.prediction - Predicting 500 example(s)... (Greedy decoding with min_output_length=1, max_output_length=-1, return_prob='none', generate_unk=True, repetition_penalty=-1, no_repeat_ngram_size=-1)
2025-04-29 18:34:53,717 - INFO - joeynmt.prediction - Evaluation result (greedy) loss:   2.81, ppl:  16.57, acc:   0.29, generation: 24.8928[sec], evaluation: 0.0000[sec]
2025-04-29 18:34:53,718 - INFO - joeynmt.training - Hooray! New best validation result [ppl]!
2025-04-29 18:34:53,794 - INFO - joeynmt.helpers - delete models/deen_transformer_prenorm/4500.ckpt
2025-04-29 18:34:53,802 - INFO - joeynmt.training - Example #0
2025-04-29 18:34:53,802 - DEBUG - joeynmt.training - 	Tokenized source:     ['die', 'Pre@@', 'mi@@', 'er@@', 'minist@@', 'er', 'Indi@@', 'ens', 'und', 'J@@', 'ap@@', 'ans', 'tra@@', 'fen', 'sich', 'in', 'T@@', 'ok@@', 'i@@', 'o', '.']
2025-04-29 18:34:53,802 - DEBUG - joeynmt.training - 	Tokenized reference:  ['Indi@@', 'a', 'and', 'J@@', 'ap@@', 'an', 'pri@@', 'me', 'minist@@', 'ers', 'me@@', 'et', 'in', 'T@@', 'ok@@', 'y@@', 'o']
2025-04-29 18:34:53,802 - DEBUG - joeynmt.training - 	Tokenized hypothesis: ['the', 'F@@', 'er@@', 'er@@', 'er@@', 'er', 'and', 'J@@', 'ap@@', 'an', 'and', 'J@@', 'ap@@', 'an', 'and', 'J@@', 'ap@@', 'an', '.', '</s>']
2025-04-29 18:34:53,802 - INFO - joeynmt.training - 	Source:     die Premierminister Indiens und Japans trafen sich in Tokio .
2025-04-29 18:34:53,802 - INFO - joeynmt.training - 	Reference:  India and Japan prime ministers meet in Tokyo
2025-04-29 18:34:53,802 - INFO - joeynmt.training - 	Hypothesis: the Ferererer and Japan and Japan and Japan .
2025-04-29 18:34:53,802 - INFO - joeynmt.training - Example #1
2025-04-29 18:34:53,802 - DEBUG - joeynmt.training - 	Tokenized source:     ['Indi@@', 'ens', 'neu@@', 'er', 'Pre@@', 'mi@@', 'er@@', 'minist@@', 'er', 'N@@', 'ar@@', 'end@@', 'ra', 'Mo@@', 'd@@', 'i', 'tri@@', 'fft', 'bei', 's@@', 'einem', 'ersten', 'wichti@@', 'gen', 'Aus@@', 'land@@', 's@@', 'bes@@', 'u@@', 'ch', 'seit', 's@@', 'einem', 'W@@', 'ah@@', 'l@@', 'si@@', 'e@@', 'g', 'im', 'Ma@@', 'i', 'seinen', 'j@@', 'ap@@', 'an@@', 'ischen', 'Am@@', 'ts@@', 'k@@', 'olle@@', 'gen', 'S@@', 'hin@@', 'z@@', 'o', 'A@@', 'be', 'in', 'T@@', 'ok@@', 'o', ',', 'um', 'wirtschaf@@', 'tliche', 'und', 'sicher@@', 'heits@@', 'politische', 'Be@@', 'zieh@@', 'ungen', 'zu', 'bes@@', 'pre@@', 'chen', '.']
2025-04-29 18:34:53,802 - DEBUG - joeynmt.training - 	Tokenized reference:  ['Indi@@', 'a', '&apos;s', 'new', 'pri@@', 'me', 'minist@@', 'er', ',', 'N@@', 'ar@@', 'end@@', 'ra', 'Mo@@', 'd@@', 'i', ',', 'is', 'me@@', 'eting', 'his', 'J@@', 'ap@@', 'an@@', 'ese', 'coun@@', 'ter@@', 'part', ',', 'S@@', 'hin@@', 'z@@', 'o', 'A@@', 'be', ',', 'in', 'T@@', 'ok@@', 'y@@', 'o', 'to', 'disc@@', 'uss', 'economic', 'and', 'security', 'ties', ',', 'on', 'his', 'first', 'major', 'fore@@', 'ign', 'visi@@', 't', 'since', 'w@@', 'inn@@', 'ing', 'Ma@@', 'y', '&apos;s', 'elec@@', 'tion', '.']
2025-04-29 18:34:53,802 - DEBUG - joeynmt.training - 	Tokenized hypothesis: ['as', 'a', 'result', 'of', 'the', 'F@@', 'er@@', 'er', 'of', 'N@@', 'ar@@', 'd@@', 'i', ',', 'the', 'first', 'first', 'time', ',', 'the', 'first', 'first', 'time', ',', 'the', 'first', 'time', 'was', 'a', 'few', 'days', 'in', 'the', 'Ma@@', 'y', 'of', 'his', 'first', 'time', ',', 'the', 'first', 'time', ',', 'in', 'the', 'S@@', 'an@@', 'an@@', 'an@@', 'o', ',', 'and', 'the', 'S@@', 'um@@', 'o', ',', 'and', 'the', 'political', 'di@@', 'versi@@', 'ty', 'of', 'the', 'political', 'and', 'political', 'and', 'social', '.', '</s>']
2025-04-29 18:34:53,802 - INFO - joeynmt.training - 	Source:     Indiens neuer Premierminister Narendra Modi trifft bei seinem ersten wichtigen Auslandsbesuch seit seinem Wahlsieg im Mai seinen japanischen Amtskollegen Shinzo Abe in Toko , um wirtschaftliche und sicherheitspolitische Beziehungen zu besprechen .
2025-04-29 18:34:53,802 - INFO - joeynmt.training - 	Reference:  India &apos;s new prime minister , Narendra Modi , is meeting his Japanese counterpart , Shinzo Abe , in Tokyo to discuss economic and security ties , on his first major foreign visit since winning May &apos;s election .
2025-04-29 18:34:53,802 - INFO - joeynmt.training - 	Hypothesis: as a result of the Ferer of Nardi , the first first time , the first first time , the first time was a few days in the May of his first time , the first time , in the Sananano , and the Sumo , and the political diversity of the political and political and social .
2025-04-29 18:34:53,802 - INFO - joeynmt.training - Example #2
2025-04-29 18:34:53,802 - DEBUG - joeynmt.training - 	Tokenized source:     ['Herr', 'Mo@@', 'd@@', 'i', 'befindet', 'sich', 'auf', 'einer', 'fü@@', 'n@@', 'f@@', 'tä@@', 'gi@@', 'gen', 'Rei@@', 'se', 'nach', 'J@@', 'ap@@', 'an', ',', 'um', 'die', 'wirtschaf@@', 'tlichen', 'Be@@', 'zieh@@', 'ungen', 'mit', 'der', 'd@@', 'rit@@', 't@@', 'größ@@', 'ten', 'Wirtschafts@@', 'n@@', 'ation', 'der', 'Welt', 'zu', 'fes@@', 'tigen', '.']
2025-04-29 18:34:53,802 - DEBUG - joeynmt.training - 	Tokenized reference:  ['Mr', 'Mo@@', 'd@@', 'i', 'is', 'on', 'a', 'fi@@', 've', '@@@', '-@@', '@', 'day', 'tri@@', 'p', 'to', 'J@@', 'ap@@', 'an', 'to', 'streng@@', 'then', 'economic', 'ties', 'with', 'the', 'third', 'lar@@', 'ges@@', 't', 'econom@@', 'y', 'in', 'the', 'world', '.']
2025-04-29 18:34:53,802 - DEBUG - joeynmt.training - 	Tokenized hypothesis: ['Mr', 'St@@', 'd@@', 'i', 'is', 'located', 'in', 'a', 'c@@', 'as@@', 'y', 'of', 'the', 'world', ',', 'the', 'most', 'important', 'role', 'of', 'the', 'world', ',', 'the', 'world', '&apos;s', 'econom@@', 'y', '.', '</s>']
2025-04-29 18:34:53,802 - INFO - joeynmt.training - 	Source:     Herr Modi befindet sich auf einer fünftägigen Reise nach Japan , um die wirtschaftlichen Beziehungen mit der drittgrößten Wirtschaftsnation der Welt zu festigen .
2025-04-29 18:34:53,802 - INFO - joeynmt.training - 	Reference:  Mr Modi is on a five @-@ day trip to Japan to strengthen economic ties with the third largest economy in the world .
2025-04-29 18:34:53,802 - INFO - joeynmt.training - 	Hypothesis: Mr Stdi is located in a casy of the world , the most important role of the world , the world &apos;s economy .
2025-04-29 18:34:53,802 - INFO - joeynmt.training - Example #3
2025-04-29 18:34:53,802 - DEBUG - joeynmt.training - 	Tokenized source:     ['P@@', 'län@@', 'e', 'für', 'eine', 'stärk@@', 'ere', 'k@@', 'ern@@', 'techn@@', 'ische', 'Zusammenarbeit', 'stehen', 'ganz', 'ob@@', 'en', 'auf', 'der', 'Tag@@', 'es@@', 'ordnung', '.']
2025-04-29 18:34:53,802 - DEBUG - joeynmt.training - 	Tokenized reference:  ['high', 'on', 'the', 'agen@@', 'da', 'are', 'pl@@', 'ans', 'for', 'gre@@', 'ater', 'nu@@', 'clear', 'c@@', 'o', '@@@', '-@@', '@', 'operation', '.']
2025-04-29 18:34:53,802 - DEBUG - joeynmt.training - 	Tokenized hypothesis: ['P@@', 'P@@', 'P@@', 's', 'a', 'offers', 'a', 'techn@@', 'ical', 'cooperation', 'and', 'the', 'techn@@', 'ical', 'cooperation', '.', '</s>']
2025-04-29 18:34:53,803 - INFO - joeynmt.training - 	Source:     Pläne für eine stärkere kerntechnische Zusammenarbeit stehen ganz oben auf der Tagesordnung .
2025-04-29 18:34:53,803 - INFO - joeynmt.training - 	Reference:  high on the agenda are plans for greater nuclear co @-@ operation .
2025-04-29 18:34:53,803 - INFO - joeynmt.training - 	Hypothesis: PPPs a offers a technical cooperation and the technical cooperation .
2025-04-29 18:34:53,803 - INFO - joeynmt.training - Example #4
2025-04-29 18:34:53,803 - DEBUG - joeynmt.training - 	Tokenized source:     ['Berich@@', 'ten', 'zu@@', 'fol@@', 'ge', 'ho@@', 'fft', 'Indi@@', 'en', 'darüber', 'hinaus', 'auf', 'einen', 'Ver@@', 'trag', 'zur', 'Ver@@', 'tei@@', 'dig@@', 'ungs@@', 'zusammen@@', 'arbeit', 'zwischen', 'den', 'beiden', 'N@@', 'ationen', '.']
2025-04-29 18:34:53,803 - DEBUG - joeynmt.training - 	Tokenized reference:  ['Indi@@', 'a', 'is', 'also', 're@@', 'porte@@', 'dly', 'hop@@', 'ing', 'for', 'a', 'de@@', 'al', 'on', 'def@@', 'ence', 'c@@', 'oll@@', 'ab@@', 'or@@', 'ation', 'between', 'the', 'two', 'n@@', 'ations', '.']
2025-04-29 18:34:53,803 - DEBUG - joeynmt.training - 	Tokenized hypothesis: ['the', 'report', 're@@', 'form', 'of', 'the', 'Council', 'has', 'been', 're@@', 'fer@@', 'red', 'to', 'a', 're@@', 'form', 'of', 'the', 'two', '.', '</s>']
2025-04-29 18:34:53,803 - INFO - joeynmt.training - 	Source:     Berichten zufolge hofft Indien darüber hinaus auf einen Vertrag zur Verteidigungszusammenarbeit zwischen den beiden Nationen .
2025-04-29 18:34:53,803 - INFO - joeynmt.training - 	Reference:  India is also reportedly hoping for a deal on defence collaboration between the two nations .
2025-04-29 18:34:53,803 - INFO - joeynmt.training - 	Hypothesis: the report reform of the Council has been referred to a reform of the two .
2025-04-29 18:35:10,551 - INFO - joeynmt.training - Epoch   2, Step:     7100, Batch Loss:     2.403244, Batch Acc: 0.354974, Tokens per Sec:     5487, Lr: 0.000300
2025-04-29 18:35:27,598 - INFO - joeynmt.training - Epoch   2, Step:     7200, Batch Loss:     2.303198, Batch Acc: 0.349574, Tokens per Sec:     5440, Lr: 0.000300
2025-04-29 18:35:44,730 - INFO - joeynmt.training - Epoch   2, Step:     7300, Batch Loss:     2.560899, Batch Acc: 0.354859, Tokens per Sec:     5318, Lr: 0.000300
2025-04-29 18:36:02,174 - INFO - joeynmt.training - Epoch   2, Step:     7400, Batch Loss:     2.336894, Batch Acc: 0.358396, Tokens per Sec:     5167, Lr: 0.000300
2025-04-29 18:36:18,947 - INFO - joeynmt.training - Epoch   2, Step:     7500, Batch Loss:     2.434166, Batch Acc: 0.356345, Tokens per Sec:     5559, Lr: 0.000300
2025-04-29 18:36:18,947 - INFO - joeynmt.prediction - Predicting 500 example(s)... (Greedy decoding with min_output_length=1, max_output_length=-1, return_prob='none', generate_unk=True, repetition_penalty=-1, no_repeat_ngram_size=-1)
2025-04-29 18:36:46,145 - INFO - joeynmt.prediction - Evaluation result (greedy) loss:   2.74, ppl:  15.42, acc:   0.30, generation: 27.1935[sec], evaluation: 0.0000[sec]
2025-04-29 18:36:46,146 - INFO - joeynmt.training - Hooray! New best validation result [ppl]!
2025-04-29 18:36:46,222 - INFO - joeynmt.helpers - delete models/deen_transformer_prenorm/5000.ckpt
2025-04-29 18:36:46,227 - INFO - joeynmt.training - Example #0
2025-04-29 18:36:46,227 - DEBUG - joeynmt.training - 	Tokenized source:     ['die', 'Pre@@', 'mi@@', 'er@@', 'minist@@', 'er', 'Indi@@', 'ens', 'und', 'J@@', 'ap@@', 'ans', 'tra@@', 'fen', 'sich', 'in', 'T@@', 'ok@@', 'i@@', 'o', '.']
2025-04-29 18:36:46,227 - DEBUG - joeynmt.training - 	Tokenized reference:  ['Indi@@', 'a', 'and', 'J@@', 'ap@@', 'an', 'pri@@', 'me', 'minist@@', 'ers', 'me@@', 'et', 'in', 'T@@', 'ok@@', 'y@@', 'o']
2025-04-29 18:36:46,227 - DEBUG - joeynmt.training - 	Tokenized hypothesis: ['the', 'price', 'of', 'the', 'pri@@', 'ces', 'and', 'J@@', 'ap@@', 'an', 'and', 'J@@', 'ap@@', 'an', 'A@@', 'i@@', 'o', '.', '</s>']
2025-04-29 18:36:46,227 - INFO - joeynmt.training - 	Source:     die Premierminister Indiens und Japans trafen sich in Tokio .
2025-04-29 18:36:46,227 - INFO - joeynmt.training - 	Reference:  India and Japan prime ministers meet in Tokyo
2025-04-29 18:36:46,227 - INFO - joeynmt.training - 	Hypothesis: the price of the prices and Japan and Japan Aio .
2025-04-29 18:36:46,227 - INFO - joeynmt.training - Example #1
2025-04-29 18:36:46,227 - DEBUG - joeynmt.training - 	Tokenized source:     ['Indi@@', 'ens', 'neu@@', 'er', 'Pre@@', 'mi@@', 'er@@', 'minist@@', 'er', 'N@@', 'ar@@', 'end@@', 'ra', 'Mo@@', 'd@@', 'i', 'tri@@', 'fft', 'bei', 's@@', 'einem', 'ersten', 'wichti@@', 'gen', 'Aus@@', 'land@@', 's@@', 'bes@@', 'u@@', 'ch', 'seit', 's@@', 'einem', 'W@@', 'ah@@', 'l@@', 'si@@', 'e@@', 'g', 'im', 'Ma@@', 'i', 'seinen', 'j@@', 'ap@@', 'an@@', 'ischen', 'Am@@', 'ts@@', 'k@@', 'olle@@', 'gen', 'S@@', 'hin@@', 'z@@', 'o', 'A@@', 'be', 'in', 'T@@', 'ok@@', 'o', ',', 'um', 'wirtschaf@@', 'tliche', 'und', 'sicher@@', 'heits@@', 'politische', 'Be@@', 'zieh@@', 'ungen', 'zu', 'bes@@', 'pre@@', 'chen', '.']
2025-04-29 18:36:46,227 - DEBUG - joeynmt.training - 	Tokenized reference:  ['Indi@@', 'a', '&apos;s', 'new', 'pri@@', 'me', 'minist@@', 'er', ',', 'N@@', 'ar@@', 'end@@', 'ra', 'Mo@@', 'd@@', 'i', ',', 'is', 'me@@', 'eting', 'his', 'J@@', 'ap@@', 'an@@', 'ese', 'coun@@', 'ter@@', 'part', ',', 'S@@', 'hin@@', 'z@@', 'o', 'A@@', 'be', ',', 'in', 'T@@', 'ok@@', 'y@@', 'o', 'to', 'disc@@', 'uss', 'economic', 'and', 'security', 'ties', ',', 'on', 'his', 'first', 'major', 'fore@@', 'ign', 'visi@@', 't', 'since', 'w@@', 'inn@@', 'ing', 'Ma@@', 'y', '&apos;s', 'elec@@', 'tion', '.']
2025-04-29 18:36:46,227 - DEBUG - joeynmt.training - 	Tokenized hypothesis: ['as', 'a', 'new', 're@@', 'ma@@', 'ins', ',', 'as', 'N@@', 'ar@@', 'ra', ',', 'the', 'first', 'time', ',', 'the', 'first', 'time', ',', 'a', 'first', 'time', ',', 'the', 'first', 'time', ',', 'a', 'few', 'days', 'in', 'Ma@@', 'y', ',', 'in', 'Ma@@', 'y', ',', 'the', 'J@@', 'ap@@', 'an', 'A@@', 'c@@', 'an@@', 'o', 'S@@', 'ec@@', 'urity', ',', 'and', 'in', 'A@@', 'c@@', 'an@@', 'o', ',', 'and', 'in', 'the', 'economic', 'and', 'political', 'rel@@', 'ations', '.', '</s>']
2025-04-29 18:36:46,227 - INFO - joeynmt.training - 	Source:     Indiens neuer Premierminister Narendra Modi trifft bei seinem ersten wichtigen Auslandsbesuch seit seinem Wahlsieg im Mai seinen japanischen Amtskollegen Shinzo Abe in Toko , um wirtschaftliche und sicherheitspolitische Beziehungen zu besprechen .
2025-04-29 18:36:46,227 - INFO - joeynmt.training - 	Reference:  India &apos;s new prime minister , Narendra Modi , is meeting his Japanese counterpart , Shinzo Abe , in Tokyo to discuss economic and security ties , on his first major foreign visit since winning May &apos;s election .
2025-04-29 18:36:46,227 - INFO - joeynmt.training - 	Hypothesis: as a new remains , as Narra , the first time , the first time , a first time , the first time , a few days in May , in May , the Japan Acano Security , and in Acano , and in the economic and political relations .
2025-04-29 18:36:46,227 - INFO - joeynmt.training - Example #2
2025-04-29 18:36:46,227 - DEBUG - joeynmt.training - 	Tokenized source:     ['Herr', 'Mo@@', 'd@@', 'i', 'befindet', 'sich', 'auf', 'einer', 'fü@@', 'n@@', 'f@@', 'tä@@', 'gi@@', 'gen', 'Rei@@', 'se', 'nach', 'J@@', 'ap@@', 'an', ',', 'um', 'die', 'wirtschaf@@', 'tlichen', 'Be@@', 'zieh@@', 'ungen', 'mit', 'der', 'd@@', 'rit@@', 't@@', 'größ@@', 'ten', 'Wirtschafts@@', 'n@@', 'ation', 'der', 'Welt', 'zu', 'fes@@', 'tigen', '.']
2025-04-29 18:36:46,227 - DEBUG - joeynmt.training - 	Tokenized reference:  ['Mr', 'Mo@@', 'd@@', 'i', 'is', 'on', 'a', 'fi@@', 've', '@@@', '-@@', '@', 'day', 'tri@@', 'p', 'to', 'J@@', 'ap@@', 'an', 'to', 'streng@@', 'then', 'economic', 'ties', 'with', 'the', 'third', 'lar@@', 'ges@@', 't', 'econom@@', 'y', 'in', 'the', 'world', '.']
2025-04-29 18:36:46,227 - DEBUG - joeynmt.training - 	Tokenized hypothesis: ['Mr', 'B@@', 'd@@', 'i', 'is', 'located', 'on', 'a', 'number', 'of', 'J@@', 'ap@@', 'an', ',', 'the', 'economic', 'rel@@', 'ations', 'with', 'the', 'economic', 'rel@@', 'ations', 'with', 'the', 'economic', 'rel@@', 'ations', '.', '</s>']
2025-04-29 18:36:46,227 - INFO - joeynmt.training - 	Source:     Herr Modi befindet sich auf einer fünftägigen Reise nach Japan , um die wirtschaftlichen Beziehungen mit der drittgrößten Wirtschaftsnation der Welt zu festigen .
2025-04-29 18:36:46,228 - INFO - joeynmt.training - 	Reference:  Mr Modi is on a five @-@ day trip to Japan to strengthen economic ties with the third largest economy in the world .
2025-04-29 18:36:46,228 - INFO - joeynmt.training - 	Hypothesis: Mr Bdi is located on a number of Japan , the economic relations with the economic relations with the economic relations .
2025-04-29 18:36:46,228 - INFO - joeynmt.training - Example #3
2025-04-29 18:36:46,228 - DEBUG - joeynmt.training - 	Tokenized source:     ['P@@', 'län@@', 'e', 'für', 'eine', 'stärk@@', 'ere', 'k@@', 'ern@@', 'techn@@', 'ische', 'Zusammenarbeit', 'stehen', 'ganz', 'ob@@', 'en', 'auf', 'der', 'Tag@@', 'es@@', 'ordnung', '.']
2025-04-29 18:36:46,228 - DEBUG - joeynmt.training - 	Tokenized reference:  ['high', 'on', 'the', 'agen@@', 'da', 'are', 'pl@@', 'ans', 'for', 'gre@@', 'ater', 'nu@@', 'clear', 'c@@', 'o', '@@@', '-@@', '@', 'operation', '.']
2025-04-29 18:36:46,228 - DEBUG - joeynmt.training - 	Tokenized hypothesis: ['P@@', 'P@@', 'P@@', 'ubli@@', 'c', 'is', 'a', 'more', 'techn@@', 'ical', 'cooperation', '.', '</s>']
2025-04-29 18:36:46,228 - INFO - joeynmt.training - 	Source:     Pläne für eine stärkere kerntechnische Zusammenarbeit stehen ganz oben auf der Tagesordnung .
2025-04-29 18:36:46,228 - INFO - joeynmt.training - 	Reference:  high on the agenda are plans for greater nuclear co @-@ operation .
2025-04-29 18:36:46,228 - INFO - joeynmt.training - 	Hypothesis: PPPublic is a more technical cooperation .
2025-04-29 18:36:46,228 - INFO - joeynmt.training - Example #4
2025-04-29 18:36:46,228 - DEBUG - joeynmt.training - 	Tokenized source:     ['Berich@@', 'ten', 'zu@@', 'fol@@', 'ge', 'ho@@', 'fft', 'Indi@@', 'en', 'darüber', 'hinaus', 'auf', 'einen', 'Ver@@', 'trag', 'zur', 'Ver@@', 'tei@@', 'dig@@', 'ungs@@', 'zusammen@@', 'arbeit', 'zwischen', 'den', 'beiden', 'N@@', 'ationen', '.']
2025-04-29 18:36:46,228 - DEBUG - joeynmt.training - 	Tokenized reference:  ['Indi@@', 'a', 'is', 'also', 're@@', 'porte@@', 'dly', 'hop@@', 'ing', 'for', 'a', 'de@@', 'al', 'on', 'def@@', 'ence', 'c@@', 'oll@@', 'ab@@', 'or@@', 'ation', 'between', 'the', 'two', 'n@@', 'ations', '.']
2025-04-29 18:36:46,228 - DEBUG - joeynmt.training - 	Tokenized hypothesis: ['the', 'report', 'report', 'is', 'to', 'be', 'able', 'to', 'con@@', 'gr@@', 'at@@', 'ul@@', 'ations', 'on', 'a', 'decision', 'on', 'the', 'basis', 'of', 'the', 'two', 'two', 'two', 'two', 'two', 'two', 'two', 'two', 'two', 'two', 'two', '.', '</s>']
2025-04-29 18:36:46,228 - INFO - joeynmt.training - 	Source:     Berichten zufolge hofft Indien darüber hinaus auf einen Vertrag zur Verteidigungszusammenarbeit zwischen den beiden Nationen .
2025-04-29 18:36:46,228 - INFO - joeynmt.training - 	Reference:  India is also reportedly hoping for a deal on defence collaboration between the two nations .
2025-04-29 18:36:46,228 - INFO - joeynmt.training - 	Hypothesis: the report report is to be able to congratulations on a decision on the basis of the two two two two two two two two two two two .
2025-04-29 18:37:03,001 - INFO - joeynmt.training - Epoch   2, Step:     7600, Batch Loss:     2.432168, Batch Acc: 0.364704, Tokens per Sec:     5454, Lr: 0.000300
2025-04-29 18:37:20,890 - INFO - joeynmt.training - Epoch   2, Step:     7700, Batch Loss:     2.431110, Batch Acc: 0.365510, Tokens per Sec:     5190, Lr: 0.000300
2025-04-29 18:37:38,380 - INFO - joeynmt.training - Epoch   2, Step:     7800, Batch Loss:     2.383010, Batch Acc: 0.374641, Tokens per Sec:     5219, Lr: 0.000300
2025-04-29 18:37:56,543 - INFO - joeynmt.training - Epoch   2, Step:     7900, Batch Loss:     2.281620, Batch Acc: 0.372010, Tokens per Sec:     5075, Lr: 0.000300
2025-04-29 18:38:13,827 - INFO - joeynmt.training - Epoch   2, Step:     8000, Batch Loss:     2.303728, Batch Acc: 0.380239, Tokens per Sec:     5283, Lr: 0.000300
2025-04-29 18:38:13,827 - INFO - joeynmt.prediction - Predicting 500 example(s)... (Greedy decoding with min_output_length=1, max_output_length=-1, return_prob='none', generate_unk=True, repetition_penalty=-1, no_repeat_ngram_size=-1)
2025-04-29 18:38:58,787 - INFO - joeynmt.prediction - Evaluation result (greedy) loss:   2.68, ppl:  14.64, acc:   0.31, generation: 44.9566[sec], evaluation: 0.0000[sec]
2025-04-29 18:38:58,788 - INFO - joeynmt.training - Hooray! New best validation result [ppl]!
2025-04-29 18:38:58,866 - INFO - joeynmt.helpers - delete models/deen_transformer_prenorm/5500.ckpt
2025-04-29 18:38:58,875 - INFO - joeynmt.training - Example #0
2025-04-29 18:38:58,875 - DEBUG - joeynmt.training - 	Tokenized source:     ['die', 'Pre@@', 'mi@@', 'er@@', 'minist@@', 'er', 'Indi@@', 'ens', 'und', 'J@@', 'ap@@', 'ans', 'tra@@', 'fen', 'sich', 'in', 'T@@', 'ok@@', 'i@@', 'o', '.']
2025-04-29 18:38:58,875 - DEBUG - joeynmt.training - 	Tokenized reference:  ['Indi@@', 'a', 'and', 'J@@', 'ap@@', 'an', 'pri@@', 'me', 'minist@@', 'ers', 'me@@', 'et', 'in', 'T@@', 'ok@@', 'y@@', 'o']
2025-04-29 18:38:58,875 - DEBUG - joeynmt.training - 	Tokenized hypothesis: ['the', 'price', 'of', 'the', 'A@@', 'mer@@', 'ic@@', 'ans', 'and', 'J@@', 'ap@@', 'an', 'and', 'J@@', 'ap@@', 'an', '.', '</s>']
2025-04-29 18:38:58,875 - INFO - joeynmt.training - 	Source:     die Premierminister Indiens und Japans trafen sich in Tokio .
2025-04-29 18:38:58,875 - INFO - joeynmt.training - 	Reference:  India and Japan prime ministers meet in Tokyo
2025-04-29 18:38:58,875 - INFO - joeynmt.training - 	Hypothesis: the price of the Americans and Japan and Japan .
2025-04-29 18:38:58,875 - INFO - joeynmt.training - Example #1
2025-04-29 18:38:58,875 - DEBUG - joeynmt.training - 	Tokenized source:     ['Indi@@', 'ens', 'neu@@', 'er', 'Pre@@', 'mi@@', 'er@@', 'minist@@', 'er', 'N@@', 'ar@@', 'end@@', 'ra', 'Mo@@', 'd@@', 'i', 'tri@@', 'fft', 'bei', 's@@', 'einem', 'ersten', 'wichti@@', 'gen', 'Aus@@', 'land@@', 's@@', 'bes@@', 'u@@', 'ch', 'seit', 's@@', 'einem', 'W@@', 'ah@@', 'l@@', 'si@@', 'e@@', 'g', 'im', 'Ma@@', 'i', 'seinen', 'j@@', 'ap@@', 'an@@', 'ischen', 'Am@@', 'ts@@', 'k@@', 'olle@@', 'gen', 'S@@', 'hin@@', 'z@@', 'o', 'A@@', 'be', 'in', 'T@@', 'ok@@', 'o', ',', 'um', 'wirtschaf@@', 'tliche', 'und', 'sicher@@', 'heits@@', 'politische', 'Be@@', 'zieh@@', 'ungen', 'zu', 'bes@@', 'pre@@', 'chen', '.']
2025-04-29 18:38:58,875 - DEBUG - joeynmt.training - 	Tokenized reference:  ['Indi@@', 'a', '&apos;s', 'new', 'pri@@', 'me', 'minist@@', 'er', ',', 'N@@', 'ar@@', 'end@@', 'ra', 'Mo@@', 'd@@', 'i', ',', 'is', 'me@@', 'eting', 'his', 'J@@', 'ap@@', 'an@@', 'ese', 'coun@@', 'ter@@', 'part', ',', 'S@@', 'hin@@', 'z@@', 'o', 'A@@', 'be', ',', 'in', 'T@@', 'ok@@', 'y@@', 'o', 'to', 'disc@@', 'uss', 'economic', 'and', 'security', 'ties', ',', 'on', 'his', 'first', 'major', 'fore@@', 'ign', 'visi@@', 't', 'since', 'w@@', 'inn@@', 'ing', 'Ma@@', 'y', '&apos;s', 'elec@@', 'tion', '.']
2025-04-29 18:38:58,875 - DEBUG - joeynmt.training - 	Tokenized hypothesis: ['as', 'a', 'result', 'of', 'the', 'A@@', 'mer@@', 'ic@@', 'a', 'first', 'first', 'first', 'time', ',', 'the', 'first', 'time', ',', 'the', 'first', 'important', 'important', 'important', 'important', 'important', 'important', 'important', 'role', 'in', 'the', 'Ma@@', 'y', 'of', 'the', 'J@@', 'e@@', 'ese', ',', 'the', 'J@@', 'e@@', 'ese', 'A@@', 'z@@', 'o', ',', 'the', 'A@@', 'c@@', 'an@@', 'o', 'A@@', 'ff@@', 'o', ',', 'the', 'C@@', 'ha@@', 'i', 'A@@', 'ff@@', 'o', ',', 'and', 'economic', 'rel@@', 'ations', '.', '</s>']
2025-04-29 18:38:58,875 - INFO - joeynmt.training - 	Source:     Indiens neuer Premierminister Narendra Modi trifft bei seinem ersten wichtigen Auslandsbesuch seit seinem Wahlsieg im Mai seinen japanischen Amtskollegen Shinzo Abe in Toko , um wirtschaftliche und sicherheitspolitische Beziehungen zu besprechen .
2025-04-29 18:38:58,875 - INFO - joeynmt.training - 	Reference:  India &apos;s new prime minister , Narendra Modi , is meeting his Japanese counterpart , Shinzo Abe , in Tokyo to discuss economic and security ties , on his first major foreign visit since winning May &apos;s election .
2025-04-29 18:38:58,875 - INFO - joeynmt.training - 	Hypothesis: as a result of the America first first first time , the first time , the first important important important important important important important role in the May of the Jeese , the Jeese Azo , the Acano Affo , the Chai Affo , and economic relations .
2025-04-29 18:38:58,875 - INFO - joeynmt.training - Example #2
2025-04-29 18:38:58,875 - DEBUG - joeynmt.training - 	Tokenized source:     ['Herr', 'Mo@@', 'd@@', 'i', 'befindet', 'sich', 'auf', 'einer', 'fü@@', 'n@@', 'f@@', 'tä@@', 'gi@@', 'gen', 'Rei@@', 'se', 'nach', 'J@@', 'ap@@', 'an', ',', 'um', 'die', 'wirtschaf@@', 'tlichen', 'Be@@', 'zieh@@', 'ungen', 'mit', 'der', 'd@@', 'rit@@', 't@@', 'größ@@', 'ten', 'Wirtschafts@@', 'n@@', 'ation', 'der', 'Welt', 'zu', 'fes@@', 'tigen', '.']
2025-04-29 18:38:58,875 - DEBUG - joeynmt.training - 	Tokenized reference:  ['Mr', 'Mo@@', 'd@@', 'i', 'is', 'on', 'a', 'fi@@', 've', '@@@', '-@@', '@', 'day', 'tri@@', 'p', 'to', 'J@@', 'ap@@', 'an', 'to', 'streng@@', 'then', 'economic', 'ties', 'with', 'the', 'third', 'lar@@', 'ges@@', 't', 'econom@@', 'y', 'in', 'the', 'world', '.']
2025-04-29 18:38:58,875 - DEBUG - joeynmt.training - 	Tokenized hypothesis: ['Mr', 'Mo@@', 'd@@', 'i', 'is', 'located', 'in', 'a', 'number', 'of', 'the', 'world', ',', 'the', 'economic', 'rel@@', 'ations', 'with', 'the', 'economic', 'rel@@', 'ations', 'of', 'the', 'world', '&apos;s', 'economic', 'rel@@', 'ations', 'with', 'the', 'world', '&apos;s', 'economic', 'rel@@', 'ations', '.', '</s>']
2025-04-29 18:38:58,875 - INFO - joeynmt.training - 	Source:     Herr Modi befindet sich auf einer fünftägigen Reise nach Japan , um die wirtschaftlichen Beziehungen mit der drittgrößten Wirtschaftsnation der Welt zu festigen .
2025-04-29 18:38:58,875 - INFO - joeynmt.training - 	Reference:  Mr Modi is on a five @-@ day trip to Japan to strengthen economic ties with the third largest economy in the world .
2025-04-29 18:38:58,875 - INFO - joeynmt.training - 	Hypothesis: Mr Modi is located in a number of the world , the economic relations with the economic relations of the world &apos;s economic relations with the world &apos;s economic relations .
2025-04-29 18:38:58,875 - INFO - joeynmt.training - Example #3
2025-04-29 18:38:58,875 - DEBUG - joeynmt.training - 	Tokenized source:     ['P@@', 'län@@', 'e', 'für', 'eine', 'stärk@@', 'ere', 'k@@', 'ern@@', 'techn@@', 'ische', 'Zusammenarbeit', 'stehen', 'ganz', 'ob@@', 'en', 'auf', 'der', 'Tag@@', 'es@@', 'ordnung', '.']
2025-04-29 18:38:58,875 - DEBUG - joeynmt.training - 	Tokenized reference:  ['high', 'on', 'the', 'agen@@', 'da', 'are', 'pl@@', 'ans', 'for', 'gre@@', 'ater', 'nu@@', 'clear', 'c@@', 'o', '@@@', '-@@', '@', 'operation', '.']
2025-04-29 18:38:58,875 - DEBUG - joeynmt.training - 	Tokenized hypothesis: ['P@@', 'ubli@@', 'c', 'is', 'a', 'more', 'techn@@', 'ical', 'cooperation', ',', 'techn@@', 'ical', 'cooperation', 'are', 'in', 'the', 'next', 'it@@', 'em', '.', '</s>']
2025-04-29 18:38:58,875 - INFO - joeynmt.training - 	Source:     Pläne für eine stärkere kerntechnische Zusammenarbeit stehen ganz oben auf der Tagesordnung .
2025-04-29 18:38:58,876 - INFO - joeynmt.training - 	Reference:  high on the agenda are plans for greater nuclear co @-@ operation .
2025-04-29 18:38:58,876 - INFO - joeynmt.training - 	Hypothesis: Public is a more technical cooperation , technical cooperation are in the next item .
2025-04-29 18:38:58,876 - INFO - joeynmt.training - Example #4
2025-04-29 18:38:58,876 - DEBUG - joeynmt.training - 	Tokenized source:     ['Berich@@', 'ten', 'zu@@', 'fol@@', 'ge', 'ho@@', 'fft', 'Indi@@', 'en', 'darüber', 'hinaus', 'auf', 'einen', 'Ver@@', 'trag', 'zur', 'Ver@@', 'tei@@', 'dig@@', 'ungs@@', 'zusammen@@', 'arbeit', 'zwischen', 'den', 'beiden', 'N@@', 'ationen', '.']
2025-04-29 18:38:58,876 - DEBUG - joeynmt.training - 	Tokenized reference:  ['Indi@@', 'a', 'is', 'also', 're@@', 'porte@@', 'dly', 'hop@@', 'ing', 'for', 'a', 'de@@', 'al', 'on', 'def@@', 'ence', 'c@@', 'oll@@', 'ab@@', 'or@@', 'ation', 'between', 'the', 'two', 'n@@', 'ations', '.']
2025-04-29 18:38:58,876 - DEBUG - joeynmt.training - 	Tokenized hypothesis: ['the', 'report', 're@@', 'ports', ',', 'the', 'most', 'important', 'of', 'the', 'two', 'di@@', 'versi@@', 'ty', 'of', 'the', 'two', 'two', 'two', 'two', 'two', 'two', 'two', 'two', 'two', 'two', 'two', 'two', '.', '</s>']
2025-04-29 18:38:58,876 - INFO - joeynmt.training - 	Source:     Berichten zufolge hofft Indien darüber hinaus auf einen Vertrag zur Verteidigungszusammenarbeit zwischen den beiden Nationen .
2025-04-29 18:38:58,876 - INFO - joeynmt.training - 	Reference:  India is also reportedly hoping for a deal on defence collaboration between the two nations .
2025-04-29 18:38:58,876 - INFO - joeynmt.training - 	Hypothesis: the report reports , the most important of the two diversity of the two two two two two two two two two two two two .
2025-04-29 18:39:16,294 - INFO - joeynmt.training - Epoch   2, Step:     8100, Batch Loss:     2.280624, Batch Acc: 0.382467, Tokens per Sec:     5134, Lr: 0.000300
2025-04-29 18:39:21,933 - INFO - joeynmt.training - Epoch   2: total training loss 10330.65
2025-04-29 18:39:21,933 - INFO - joeynmt.training - EPOCH 3
2025-04-29 18:39:34,959 - INFO - joeynmt.training - Epoch   3, Step:     8200, Batch Loss:     2.377312, Batch Acc: 0.388971, Tokens per Sec:     4955, Lr: 0.000300
2025-04-29 18:39:51,938 - INFO - joeynmt.training - Epoch   3, Step:     8300, Batch Loss:     2.037434, Batch Acc: 0.396276, Tokens per Sec:     5378, Lr: 0.000300
2025-04-29 18:40:09,384 - INFO - joeynmt.training - Epoch   3, Step:     8400, Batch Loss:     2.244241, Batch Acc: 0.396396, Tokens per Sec:     5210, Lr: 0.000300
2025-04-29 18:40:25,962 - INFO - joeynmt.training - Epoch   3, Step:     8500, Batch Loss:     2.430210, Batch Acc: 0.400400, Tokens per Sec:     5543, Lr: 0.000300
2025-04-29 18:40:25,962 - INFO - joeynmt.prediction - Predicting 500 example(s)... (Greedy decoding with min_output_length=1, max_output_length=-1, return_prob='none', generate_unk=True, repetition_penalty=-1, no_repeat_ngram_size=-1)
2025-04-29 18:40:57,002 - INFO - joeynmt.prediction - Evaluation result (greedy) loss:   2.61, ppl:  13.55, acc:   0.34, generation: 31.0361[sec], evaluation: 0.0000[sec]
2025-04-29 18:40:57,003 - INFO - joeynmt.training - Hooray! New best validation result [ppl]!
2025-04-29 18:40:57,079 - INFO - joeynmt.helpers - delete models/deen_transformer_prenorm/6000.ckpt
2025-04-29 18:40:57,085 - INFO - joeynmt.training - Example #0
2025-04-29 18:40:57,085 - DEBUG - joeynmt.training - 	Tokenized source:     ['die', 'Pre@@', 'mi@@', 'er@@', 'minist@@', 'er', 'Indi@@', 'ens', 'und', 'J@@', 'ap@@', 'ans', 'tra@@', 'fen', 'sich', 'in', 'T@@', 'ok@@', 'i@@', 'o', '.']
2025-04-29 18:40:57,085 - DEBUG - joeynmt.training - 	Tokenized reference:  ['Indi@@', 'a', 'and', 'J@@', 'ap@@', 'an', 'pri@@', 'me', 'minist@@', 'ers', 'me@@', 'et', 'in', 'T@@', 'ok@@', 'y@@', 'o']
2025-04-29 18:40:57,085 - DEBUG - joeynmt.training - 	Tokenized hypothesis: ['the', 'price', 'of', 'the', 'price', 'and', 'J@@', 'ap@@', 'an', 'and', 'J@@', 'ap@@', 'an', 'and', 'J@@', 'ap@@', 'an', '.', '</s>']
2025-04-29 18:40:57,085 - INFO - joeynmt.training - 	Source:     die Premierminister Indiens und Japans trafen sich in Tokio .
2025-04-29 18:40:57,085 - INFO - joeynmt.training - 	Reference:  India and Japan prime ministers meet in Tokyo
2025-04-29 18:40:57,085 - INFO - joeynmt.training - 	Hypothesis: the price of the price and Japan and Japan and Japan .
2025-04-29 18:40:57,085 - INFO - joeynmt.training - Example #1
2025-04-29 18:40:57,085 - DEBUG - joeynmt.training - 	Tokenized source:     ['Indi@@', 'ens', 'neu@@', 'er', 'Pre@@', 'mi@@', 'er@@', 'minist@@', 'er', 'N@@', 'ar@@', 'end@@', 'ra', 'Mo@@', 'd@@', 'i', 'tri@@', 'fft', 'bei', 's@@', 'einem', 'ersten', 'wichti@@', 'gen', 'Aus@@', 'land@@', 's@@', 'bes@@', 'u@@', 'ch', 'seit', 's@@', 'einem', 'W@@', 'ah@@', 'l@@', 'si@@', 'e@@', 'g', 'im', 'Ma@@', 'i', 'seinen', 'j@@', 'ap@@', 'an@@', 'ischen', 'Am@@', 'ts@@', 'k@@', 'olle@@', 'gen', 'S@@', 'hin@@', 'z@@', 'o', 'A@@', 'be', 'in', 'T@@', 'ok@@', 'o', ',', 'um', 'wirtschaf@@', 'tliche', 'und', 'sicher@@', 'heits@@', 'politische', 'Be@@', 'zieh@@', 'ungen', 'zu', 'bes@@', 'pre@@', 'chen', '.']
2025-04-29 18:40:57,085 - DEBUG - joeynmt.training - 	Tokenized reference:  ['Indi@@', 'a', '&apos;s', 'new', 'pri@@', 'me', 'minist@@', 'er', ',', 'N@@', 'ar@@', 'end@@', 'ra', 'Mo@@', 'd@@', 'i', ',', 'is', 'me@@', 'eting', 'his', 'J@@', 'ap@@', 'an@@', 'ese', 'coun@@', 'ter@@', 'part', ',', 'S@@', 'hin@@', 'z@@', 'o', 'A@@', 'be', ',', 'in', 'T@@', 'ok@@', 'y@@', 'o', 'to', 'disc@@', 'uss', 'economic', 'and', 'security', 'ties', ',', 'on', 'his', 'first', 'major', 'fore@@', 'ign', 'visi@@', 't', 'since', 'w@@', 'inn@@', 'ing', 'Ma@@', 'y', '&apos;s', 'elec@@', 'tion', '.']
2025-04-29 18:40:57,085 - DEBUG - joeynmt.training - 	Tokenized hypothesis: ['as', 'a', 'result', ',', 'the', 'N@@', 'ar@@', 'ar@@', 'ar@@', 'th', 'Ma@@', 'y', 'S@@', 'outh', 'Mo@@', 'd@@', 'i', 'S@@', 'om@@', 's@@', 'i', '&apos;s', 'first', 'important', 'has', 'been', 'made', 'in', 'Ma@@', 'j@@', 'j@@', 'ap@@', 'ap@@', 'ap@@', 'er', 'for', 'his', 'first', 'time', 'in', 'Ma@@', 'j@@', 'an', 'A@@', 'ction', ',', 'J@@', 'ap@@', 'an', 'A@@', 'cc@@', 'ession', ',', 'and', 'economic', 'policy', '.', '</s>']
2025-04-29 18:40:57,085 - INFO - joeynmt.training - 	Source:     Indiens neuer Premierminister Narendra Modi trifft bei seinem ersten wichtigen Auslandsbesuch seit seinem Wahlsieg im Mai seinen japanischen Amtskollegen Shinzo Abe in Toko , um wirtschaftliche und sicherheitspolitische Beziehungen zu besprechen .
2025-04-29 18:40:57,085 - INFO - joeynmt.training - 	Reference:  India &apos;s new prime minister , Narendra Modi , is meeting his Japanese counterpart , Shinzo Abe , in Tokyo to discuss economic and security ties , on his first major foreign visit since winning May &apos;s election .
2025-04-29 18:40:57,085 - INFO - joeynmt.training - 	Hypothesis: as a result , the Narararth May South Modi Somsi &apos;s first important has been made in Majjapapaper for his first time in Majan Action , Japan Accession , and economic policy .
2025-04-29 18:40:57,085 - INFO - joeynmt.training - Example #2
2025-04-29 18:40:57,086 - DEBUG - joeynmt.training - 	Tokenized source:     ['Herr', 'Mo@@', 'd@@', 'i', 'befindet', 'sich', 'auf', 'einer', 'fü@@', 'n@@', 'f@@', 'tä@@', 'gi@@', 'gen', 'Rei@@', 'se', 'nach', 'J@@', 'ap@@', 'an', ',', 'um', 'die', 'wirtschaf@@', 'tlichen', 'Be@@', 'zieh@@', 'ungen', 'mit', 'der', 'd@@', 'rit@@', 't@@', 'größ@@', 'ten', 'Wirtschafts@@', 'n@@', 'ation', 'der', 'Welt', 'zu', 'fes@@', 'tigen', '.']
2025-04-29 18:40:57,086 - DEBUG - joeynmt.training - 	Tokenized reference:  ['Mr', 'Mo@@', 'd@@', 'i', 'is', 'on', 'a', 'fi@@', 've', '@@@', '-@@', '@', 'day', 'tri@@', 'p', 'to', 'J@@', 'ap@@', 'an', 'to', 'streng@@', 'then', 'economic', 'ties', 'with', 'the', 'third', 'lar@@', 'ges@@', 't', 'econom@@', 'y', 'in', 'the', 'world', '.']
2025-04-29 18:40:57,086 - DEBUG - joeynmt.training - 	Tokenized hypothesis: ['Mr', 'Mo@@', 'd@@', 'i', 'is', 'located', 'on', 'a', 'f@@', 'ar@@', 'm', 'of', 'the', 'economic', 'rel@@', 'ations', 'with', 'the', 'economic', 'rel@@', 'ations', 'of', 'the', 'economic', 'rel@@', 'ations', 'with', 'the', 'economic', 'rel@@', 'ations', '.', '</s>']
2025-04-29 18:40:57,086 - INFO - joeynmt.training - 	Source:     Herr Modi befindet sich auf einer fünftägigen Reise nach Japan , um die wirtschaftlichen Beziehungen mit der drittgrößten Wirtschaftsnation der Welt zu festigen .
2025-04-29 18:40:57,086 - INFO - joeynmt.training - 	Reference:  Mr Modi is on a five @-@ day trip to Japan to strengthen economic ties with the third largest economy in the world .
2025-04-29 18:40:57,086 - INFO - joeynmt.training - 	Hypothesis: Mr Modi is located on a farm of the economic relations with the economic relations of the economic relations with the economic relations .
2025-04-29 18:40:57,086 - INFO - joeynmt.training - Example #3
2025-04-29 18:40:57,086 - DEBUG - joeynmt.training - 	Tokenized source:     ['P@@', 'län@@', 'e', 'für', 'eine', 'stärk@@', 'ere', 'k@@', 'ern@@', 'techn@@', 'ische', 'Zusammenarbeit', 'stehen', 'ganz', 'ob@@', 'en', 'auf', 'der', 'Tag@@', 'es@@', 'ordnung', '.']
2025-04-29 18:40:57,086 - DEBUG - joeynmt.training - 	Tokenized reference:  ['high', 'on', 'the', 'agen@@', 'da', 'are', 'pl@@', 'ans', 'for', 'gre@@', 'ater', 'nu@@', 'clear', 'c@@', 'o', '@@@', '-@@', '@', 'operation', '.']
2025-04-29 18:40:57,086 - DEBUG - joeynmt.training - 	Tokenized hypothesis: ['P@@', 'P@@', 'P@@', 'P@@', 'P@@', 'P@@', 'P@@', 'P@@', 'P@@', 'P@@', 'P@@', 'P@@', 'P@@', 'P@@', 'P@@', 'P@@', 'P@@', 'P@@', 'P@@', 'P@@', 'P@@', 'P@@', 'P@@', 'P@@', 'P@@', 'P@@', 'P@@', 'P@@', 'P@@', 'P@@', 'P@@', 'P@@', 'P@@', 'P@@', 'P@@', 'P@@', 'P@@', 'P@@', 'P@@', 'P@@', 'P@@', 'P@@', 'P@@', 'P@@', 'P@@', 'P@@', 'P@@', 'P@@', 'P@@', 'P@@', 'P@@', 'P@@', 'P@@', 'P@@', 'P@@', 'P@@', 'P@@', 'P@@', 'P@@', 'P@@', 'P@@', 'P@@', 'P@@', 'P@@', 'P@@', 'P@@', 'P@@', 'P@@', 'P@@', 'P@@', 'P@@', 'P@@', 'P@@', 'P@@', 'P@@', 'P@@', 'P@@', 'P@@', 'P@@', 'P@@', 'P@@', 'P@@', 'P@@', 's', '.', '</s>']
2025-04-29 18:40:57,086 - INFO - joeynmt.training - 	Source:     Pläne für eine stärkere kerntechnische Zusammenarbeit stehen ganz oben auf der Tagesordnung .
2025-04-29 18:40:57,086 - INFO - joeynmt.training - 	Reference:  high on the agenda are plans for greater nuclear co @-@ operation .
2025-04-29 18:40:57,086 - INFO - joeynmt.training - 	Hypothesis: PPPPPPPPPPPPPPPPPPPPPPPPPPPPPPPPPPPPPPPPPPPPPPPPPPPPPPPPPPPPPPPPPPPPPPPPPPPPPPPPPPPs .
2025-04-29 18:40:57,086 - INFO - joeynmt.training - Example #4
2025-04-29 18:40:57,086 - DEBUG - joeynmt.training - 	Tokenized source:     ['Berich@@', 'ten', 'zu@@', 'fol@@', 'ge', 'ho@@', 'fft', 'Indi@@', 'en', 'darüber', 'hinaus', 'auf', 'einen', 'Ver@@', 'trag', 'zur', 'Ver@@', 'tei@@', 'dig@@', 'ungs@@', 'zusammen@@', 'arbeit', 'zwischen', 'den', 'beiden', 'N@@', 'ationen', '.']
2025-04-29 18:40:57,086 - DEBUG - joeynmt.training - 	Tokenized reference:  ['Indi@@', 'a', 'is', 'also', 're@@', 'porte@@', 'dly', 'hop@@', 'ing', 'for', 'a', 'de@@', 'al', 'on', 'def@@', 'ence', 'c@@', 'oll@@', 'ab@@', 'or@@', 'ation', 'between', 'the', 'two', 'n@@', 'ations', '.']
2025-04-29 18:40:57,086 - DEBUG - joeynmt.training - 	Tokenized hypothesis: ['the', 'report', 'also', 'also', 'also', 'also', 'the', 'pro@@', 'per@@', 'ty', 'of', 'the', 'con@@', 'duc@@', 't', 'of', 'the', 'pre@@', 'vi@@', 'ous', 'cooperation', 'between', 'the', 'two', 'two', '.', '</s>']
2025-04-29 18:40:57,086 - INFO - joeynmt.training - 	Source:     Berichten zufolge hofft Indien darüber hinaus auf einen Vertrag zur Verteidigungszusammenarbeit zwischen den beiden Nationen .
2025-04-29 18:40:57,086 - INFO - joeynmt.training - 	Reference:  India is also reportedly hoping for a deal on defence collaboration between the two nations .
2025-04-29 18:40:57,086 - INFO - joeynmt.training - 	Hypothesis: the report also also also also the property of the conduct of the previous cooperation between the two two .
2025-04-29 18:41:14,271 - INFO - joeynmt.training - Epoch   3, Step:     8600, Batch Loss:     2.123883, Batch Acc: 0.406314, Tokens per Sec:     5281, Lr: 0.000300
2025-04-29 18:41:31,425 - INFO - joeynmt.training - Epoch   3, Step:     8700, Batch Loss:     2.150002, Batch Acc: 0.405835, Tokens per Sec:     5453, Lr: 0.000300
2025-04-29 18:41:48,377 - INFO - joeynmt.training - Epoch   3, Step:     8800, Batch Loss:     2.224838, Batch Acc: 0.406740, Tokens per Sec:     5565, Lr: 0.000300
2025-04-29 18:42:04,943 - INFO - joeynmt.training - Epoch   3, Step:     8900, Batch Loss:     2.113327, Batch Acc: 0.408790, Tokens per Sec:     5562, Lr: 0.000300
2025-04-29 18:42:21,860 - INFO - joeynmt.training - Epoch   3, Step:     9000, Batch Loss:     2.102776, Batch Acc: 0.412761, Tokens per Sec:     5484, Lr: 0.000300
2025-04-29 18:42:21,861 - INFO - joeynmt.prediction - Predicting 500 example(s)... (Greedy decoding with min_output_length=1, max_output_length=-1, return_prob='none', generate_unk=True, repetition_penalty=-1, no_repeat_ngram_size=-1)
2025-04-29 18:42:52,949 - INFO - joeynmt.prediction - Evaluation result (greedy) loss:   2.56, ppl:  13.00, acc:   0.35, generation: 31.0850[sec], evaluation: 0.0000[sec]
2025-04-29 18:42:52,951 - INFO - joeynmt.training - Hooray! New best validation result [ppl]!
2025-04-29 18:42:53,038 - INFO - joeynmt.helpers - delete models/deen_transformer_prenorm/6500.ckpt
2025-04-29 18:42:53,047 - INFO - joeynmt.training - Example #0
2025-04-29 18:42:53,047 - DEBUG - joeynmt.training - 	Tokenized source:     ['die', 'Pre@@', 'mi@@', 'er@@', 'minist@@', 'er', 'Indi@@', 'ens', 'und', 'J@@', 'ap@@', 'ans', 'tra@@', 'fen', 'sich', 'in', 'T@@', 'ok@@', 'i@@', 'o', '.']
2025-04-29 18:42:53,047 - DEBUG - joeynmt.training - 	Tokenized reference:  ['Indi@@', 'a', 'and', 'J@@', 'ap@@', 'an', 'pri@@', 'me', 'minist@@', 'ers', 'me@@', 'et', 'in', 'T@@', 'ok@@', 'y@@', 'o']
2025-04-29 18:42:53,047 - DEBUG - joeynmt.training - 	Tokenized hypothesis: ['the', 'price', 'of', 'the', 'Pri@@', 'me', 'Minist@@', 'er', 'and', 'J@@', 'ap@@', 'ans', ',', 'the', 'T@@', 'ok@@', 'i@@', 'o', '.', '</s>']
2025-04-29 18:42:53,047 - INFO - joeynmt.training - 	Source:     die Premierminister Indiens und Japans trafen sich in Tokio .
2025-04-29 18:42:53,047 - INFO - joeynmt.training - 	Reference:  India and Japan prime ministers meet in Tokyo
2025-04-29 18:42:53,047 - INFO - joeynmt.training - 	Hypothesis: the price of the Prime Minister and Japans , the Tokio .
2025-04-29 18:42:53,047 - INFO - joeynmt.training - Example #1
2025-04-29 18:42:53,047 - DEBUG - joeynmt.training - 	Tokenized source:     ['Indi@@', 'ens', 'neu@@', 'er', 'Pre@@', 'mi@@', 'er@@', 'minist@@', 'er', 'N@@', 'ar@@', 'end@@', 'ra', 'Mo@@', 'd@@', 'i', 'tri@@', 'fft', 'bei', 's@@', 'einem', 'ersten', 'wichti@@', 'gen', 'Aus@@', 'land@@', 's@@', 'bes@@', 'u@@', 'ch', 'seit', 's@@', 'einem', 'W@@', 'ah@@', 'l@@', 'si@@', 'e@@', 'g', 'im', 'Ma@@', 'i', 'seinen', 'j@@', 'ap@@', 'an@@', 'ischen', 'Am@@', 'ts@@', 'k@@', 'olle@@', 'gen', 'S@@', 'hin@@', 'z@@', 'o', 'A@@', 'be', 'in', 'T@@', 'ok@@', 'o', ',', 'um', 'wirtschaf@@', 'tliche', 'und', 'sicher@@', 'heits@@', 'politische', 'Be@@', 'zieh@@', 'ungen', 'zu', 'bes@@', 'pre@@', 'chen', '.']
2025-04-29 18:42:53,047 - DEBUG - joeynmt.training - 	Tokenized reference:  ['Indi@@', 'a', '&apos;s', 'new', 'pri@@', 'me', 'minist@@', 'er', ',', 'N@@', 'ar@@', 'end@@', 'ra', 'Mo@@', 'd@@', 'i', ',', 'is', 'me@@', 'eting', 'his', 'J@@', 'ap@@', 'an@@', 'ese', 'coun@@', 'ter@@', 'part', ',', 'S@@', 'hin@@', 'z@@', 'o', 'A@@', 'be', ',', 'in', 'T@@', 'ok@@', 'y@@', 'o', 'to', 'disc@@', 'uss', 'economic', 'and', 'security', 'ties', ',', 'on', 'his', 'first', 'major', 'fore@@', 'ign', 'visi@@', 't', 'since', 'w@@', 'inn@@', 'ing', 'Ma@@', 'y', '&apos;s', 'elec@@', 'tion', '.']
2025-04-29 18:42:53,047 - DEBUG - joeynmt.training - 	Tokenized hypothesis: ['as', 'a', 'result', 'of', 'the', 'pri@@', 'ces', 'N@@', 'ar@@', 'end@@', 'ra', 'N@@', 'ar@@', 'end@@', 'ra', 'N@@', 'ar@@', 'end@@', 'ra', ',', 'a', 'first', 'important', 'part', 'of', 'the', 'Ma@@', 'y', 'of', 'the', 'Ma@@', 'y', ',', 'for', 'his', 'his', 'first', 'first', 'time', 'in', 'Ma@@', 'y', ',', 'the', 'Ma@@', 'y', 'A@@', 'll', ',', 'A@@', 'gen@@', 'cy', ',', 'and', 'political', 'rel@@', 'ations', '.', '</s>']
2025-04-29 18:42:53,047 - INFO - joeynmt.training - 	Source:     Indiens neuer Premierminister Narendra Modi trifft bei seinem ersten wichtigen Auslandsbesuch seit seinem Wahlsieg im Mai seinen japanischen Amtskollegen Shinzo Abe in Toko , um wirtschaftliche und sicherheitspolitische Beziehungen zu besprechen .
2025-04-29 18:42:53,048 - INFO - joeynmt.training - 	Reference:  India &apos;s new prime minister , Narendra Modi , is meeting his Japanese counterpart , Shinzo Abe , in Tokyo to discuss economic and security ties , on his first major foreign visit since winning May &apos;s election .
2025-04-29 18:42:53,048 - INFO - joeynmt.training - 	Hypothesis: as a result of the prices Narendra Narendra Narendra , a first important part of the May of the May , for his his first first time in May , the May All , Agency , and political relations .
2025-04-29 18:42:53,048 - INFO - joeynmt.training - Example #2
2025-04-29 18:42:53,048 - DEBUG - joeynmt.training - 	Tokenized source:     ['Herr', 'Mo@@', 'd@@', 'i', 'befindet', 'sich', 'auf', 'einer', 'fü@@', 'n@@', 'f@@', 'tä@@', 'gi@@', 'gen', 'Rei@@', 'se', 'nach', 'J@@', 'ap@@', 'an', ',', 'um', 'die', 'wirtschaf@@', 'tlichen', 'Be@@', 'zieh@@', 'ungen', 'mit', 'der', 'd@@', 'rit@@', 't@@', 'größ@@', 'ten', 'Wirtschafts@@', 'n@@', 'ation', 'der', 'Welt', 'zu', 'fes@@', 'tigen', '.']
2025-04-29 18:42:53,048 - DEBUG - joeynmt.training - 	Tokenized reference:  ['Mr', 'Mo@@', 'd@@', 'i', 'is', 'on', 'a', 'fi@@', 've', '@@@', '-@@', '@', 'day', 'tri@@', 'p', 'to', 'J@@', 'ap@@', 'an', 'to', 'streng@@', 'then', 'economic', 'ties', 'with', 'the', 'third', 'lar@@', 'ges@@', 't', 'econom@@', 'y', 'in', 'the', 'world', '.']
2025-04-29 18:42:53,048 - DEBUG - joeynmt.training - 	Tokenized hypothesis: ['Mr', 'Mo@@', 'd@@', 'i', 'is', 'located', 'on', 'a', 'fi@@', 've', 's@@', 'et@@', 'ting', 'of', 'the', 'world', ',', 'to', 'the', 'economic', 'rel@@', 'ations', 'with', 'the', 'economic', 'rel@@', 'ations', 'of', 'the', 'world', '&apos;s', 'econom@@', 'y', '.', '</s>']
2025-04-29 18:42:53,048 - INFO - joeynmt.training - 	Source:     Herr Modi befindet sich auf einer fünftägigen Reise nach Japan , um die wirtschaftlichen Beziehungen mit der drittgrößten Wirtschaftsnation der Welt zu festigen .
2025-04-29 18:42:53,048 - INFO - joeynmt.training - 	Reference:  Mr Modi is on a five @-@ day trip to Japan to strengthen economic ties with the third largest economy in the world .
2025-04-29 18:42:53,048 - INFO - joeynmt.training - 	Hypothesis: Mr Modi is located on a five setting of the world , to the economic relations with the economic relations of the world &apos;s economy .
2025-04-29 18:42:53,048 - INFO - joeynmt.training - Example #3
2025-04-29 18:42:53,048 - DEBUG - joeynmt.training - 	Tokenized source:     ['P@@', 'län@@', 'e', 'für', 'eine', 'stärk@@', 'ere', 'k@@', 'ern@@', 'techn@@', 'ische', 'Zusammenarbeit', 'stehen', 'ganz', 'ob@@', 'en', 'auf', 'der', 'Tag@@', 'es@@', 'ordnung', '.']
2025-04-29 18:42:53,048 - DEBUG - joeynmt.training - 	Tokenized reference:  ['high', 'on', 'the', 'agen@@', 'da', 'are', 'pl@@', 'ans', 'for', 'gre@@', 'ater', 'nu@@', 'clear', 'c@@', 'o', '@@@', '-@@', '@', 'operation', '.']
2025-04-29 18:42:53,048 - DEBUG - joeynmt.training - 	Tokenized hypothesis: ['P@@', 'P@@', 'e', 'for', 'a', 'more', 'seri@@', 'ous', 'cooperation', ',', 'we', 'are', 'in', 'the', 'agen@@', 'da', '.', '</s>']
2025-04-29 18:42:53,048 - INFO - joeynmt.training - 	Source:     Pläne für eine stärkere kerntechnische Zusammenarbeit stehen ganz oben auf der Tagesordnung .
2025-04-29 18:42:53,048 - INFO - joeynmt.training - 	Reference:  high on the agenda are plans for greater nuclear co @-@ operation .
2025-04-29 18:42:53,048 - INFO - joeynmt.training - 	Hypothesis: PPe for a more serious cooperation , we are in the agenda .
2025-04-29 18:42:53,048 - INFO - joeynmt.training - Example #4
2025-04-29 18:42:53,048 - DEBUG - joeynmt.training - 	Tokenized source:     ['Berich@@', 'ten', 'zu@@', 'fol@@', 'ge', 'ho@@', 'fft', 'Indi@@', 'en', 'darüber', 'hinaus', 'auf', 'einen', 'Ver@@', 'trag', 'zur', 'Ver@@', 'tei@@', 'dig@@', 'ungs@@', 'zusammen@@', 'arbeit', 'zwischen', 'den', 'beiden', 'N@@', 'ationen', '.']
2025-04-29 18:42:53,048 - DEBUG - joeynmt.training - 	Tokenized reference:  ['Indi@@', 'a', 'is', 'also', 're@@', 'porte@@', 'dly', 'hop@@', 'ing', 'for', 'a', 'de@@', 'al', 'on', 'def@@', 'ence', 'c@@', 'oll@@', 'ab@@', 'or@@', 'ation', 'between', 'the', 'two', 'n@@', 'ations', '.']
2025-04-29 18:42:53,048 - DEBUG - joeynmt.training - 	Tokenized hypothesis: ['the', 'report', 'also', 'also', ',', 'as', 'well', 'as', 'a', 'result', 'of', 'the', 'two', 'of', 'the', 'two', 'two', 'two', 'two', 'two', '.', '</s>']
2025-04-29 18:42:53,048 - INFO - joeynmt.training - 	Source:     Berichten zufolge hofft Indien darüber hinaus auf einen Vertrag zur Verteidigungszusammenarbeit zwischen den beiden Nationen .
2025-04-29 18:42:53,048 - INFO - joeynmt.training - 	Reference:  India is also reportedly hoping for a deal on defence collaboration between the two nations .
2025-04-29 18:42:53,048 - INFO - joeynmt.training - 	Hypothesis: the report also also , as well as a result of the two of the two two two two two .
2025-04-29 18:43:10,021 - INFO - joeynmt.training - Epoch   3, Step:     9100, Batch Loss:     2.112179, Batch Acc: 0.410713, Tokens per Sec:     5329, Lr: 0.000300
2025-04-29 18:43:26,537 - INFO - joeynmt.training - Epoch   3, Step:     9200, Batch Loss:     2.291337, Batch Acc: 0.408589, Tokens per Sec:     5593, Lr: 0.000300
2025-04-29 18:43:42,884 - INFO - joeynmt.training - Epoch   3, Step:     9300, Batch Loss:     2.184980, Batch Acc: 0.410488, Tokens per Sec:     5592, Lr: 0.000300
2025-04-29 18:43:59,144 - INFO - joeynmt.training - Epoch   3, Step:     9400, Batch Loss:     2.134674, Batch Acc: 0.416138, Tokens per Sec:     5684, Lr: 0.000300
2025-04-29 18:44:15,601 - INFO - joeynmt.training - Epoch   3, Step:     9500, Batch Loss:     2.230953, Batch Acc: 0.415887, Tokens per Sec:     5629, Lr: 0.000300
2025-04-29 18:44:15,601 - INFO - joeynmt.prediction - Predicting 500 example(s)... (Greedy decoding with min_output_length=1, max_output_length=-1, return_prob='none', generate_unk=True, repetition_penalty=-1, no_repeat_ngram_size=-1)
2025-04-29 18:44:42,151 - INFO - joeynmt.prediction - Evaluation result (greedy) loss:   2.52, ppl:  12.42, acc:   0.36, generation: 26.5458[sec], evaluation: 0.0000[sec]
2025-04-29 18:44:42,151 - INFO - joeynmt.training - Hooray! New best validation result [ppl]!
2025-04-29 18:44:42,228 - INFO - joeynmt.helpers - delete models/deen_transformer_prenorm/7000.ckpt
2025-04-29 18:44:42,238 - INFO - joeynmt.training - Example #0
2025-04-29 18:44:42,238 - DEBUG - joeynmt.training - 	Tokenized source:     ['die', 'Pre@@', 'mi@@', 'er@@', 'minist@@', 'er', 'Indi@@', 'ens', 'und', 'J@@', 'ap@@', 'ans', 'tra@@', 'fen', 'sich', 'in', 'T@@', 'ok@@', 'i@@', 'o', '.']
2025-04-29 18:44:42,238 - DEBUG - joeynmt.training - 	Tokenized reference:  ['Indi@@', 'a', 'and', 'J@@', 'ap@@', 'an', 'pri@@', 'me', 'minist@@', 'ers', 'me@@', 'et', 'in', 'T@@', 'ok@@', 'y@@', 'o']
2025-04-29 18:44:42,238 - DEBUG - joeynmt.training - 	Tokenized hypothesis: ['the', 'Pri@@', 'me', 'Minist@@', 'er', 'of', 'Indi@@', 'a', 'and', 'J@@', 'ap@@', 'an', 'and', 'J@@', 'ap@@', 'an', 'and', 'J@@', 'ap@@', 'an', '.', '</s>']
2025-04-29 18:44:42,238 - INFO - joeynmt.training - 	Source:     die Premierminister Indiens und Japans trafen sich in Tokio .
2025-04-29 18:44:42,238 - INFO - joeynmt.training - 	Reference:  India and Japan prime ministers meet in Tokyo
2025-04-29 18:44:42,238 - INFO - joeynmt.training - 	Hypothesis: the Prime Minister of India and Japan and Japan and Japan .
2025-04-29 18:44:42,238 - INFO - joeynmt.training - Example #1
2025-04-29 18:44:42,238 - DEBUG - joeynmt.training - 	Tokenized source:     ['Indi@@', 'ens', 'neu@@', 'er', 'Pre@@', 'mi@@', 'er@@', 'minist@@', 'er', 'N@@', 'ar@@', 'end@@', 'ra', 'Mo@@', 'd@@', 'i', 'tri@@', 'fft', 'bei', 's@@', 'einem', 'ersten', 'wichti@@', 'gen', 'Aus@@', 'land@@', 's@@', 'bes@@', 'u@@', 'ch', 'seit', 's@@', 'einem', 'W@@', 'ah@@', 'l@@', 'si@@', 'e@@', 'g', 'im', 'Ma@@', 'i', 'seinen', 'j@@', 'ap@@', 'an@@', 'ischen', 'Am@@', 'ts@@', 'k@@', 'olle@@', 'gen', 'S@@', 'hin@@', 'z@@', 'o', 'A@@', 'be', 'in', 'T@@', 'ok@@', 'o', ',', 'um', 'wirtschaf@@', 'tliche', 'und', 'sicher@@', 'heits@@', 'politische', 'Be@@', 'zieh@@', 'ungen', 'zu', 'bes@@', 'pre@@', 'chen', '.']
2025-04-29 18:44:42,238 - DEBUG - joeynmt.training - 	Tokenized reference:  ['Indi@@', 'a', '&apos;s', 'new', 'pri@@', 'me', 'minist@@', 'er', ',', 'N@@', 'ar@@', 'end@@', 'ra', 'Mo@@', 'd@@', 'i', ',', 'is', 'me@@', 'eting', 'his', 'J@@', 'ap@@', 'an@@', 'ese', 'coun@@', 'ter@@', 'part', ',', 'S@@', 'hin@@', 'z@@', 'o', 'A@@', 'be', ',', 'in', 'T@@', 'ok@@', 'y@@', 'o', 'to', 'disc@@', 'uss', 'economic', 'and', 'security', 'ties', ',', 'on', 'his', 'first', 'major', 'fore@@', 'ign', 'visi@@', 't', 'since', 'w@@', 'inn@@', 'ing', 'Ma@@', 'y', '&apos;s', 'elec@@', 'tion', '.']
2025-04-29 18:44:42,238 - DEBUG - joeynmt.training - 	Tokenized hypothesis: ['Indi@@', 'a', '&apos;s', 'lat@@', 'er', 'pri@@', 'me', 'minist@@', 'er', 'N@@', 'ar@@', 'end@@', 'ra', 'Mo@@', 'd@@', 'i', ',', 'a', 'first', 'important', 'important', 'important', 'important', 'important', 'was', 'a', 'first', 'important', 'for', 'his', 'his', 'first', 'time', 'in', 'Ma@@', 'y', ',', 'in', 'Ma@@', 'y', ',', 'in', 'Ma@@', 'y', ',', 'in', 'T@@', 'ok@@', 'o', ',', 'to', 'the', 'A@@', 's@@', 'soci@@', 'ety', 'and', 'political', 'rel@@', 'ations', '.', '</s>']
2025-04-29 18:44:42,238 - INFO - joeynmt.training - 	Source:     Indiens neuer Premierminister Narendra Modi trifft bei seinem ersten wichtigen Auslandsbesuch seit seinem Wahlsieg im Mai seinen japanischen Amtskollegen Shinzo Abe in Toko , um wirtschaftliche und sicherheitspolitische Beziehungen zu besprechen .
2025-04-29 18:44:42,238 - INFO - joeynmt.training - 	Reference:  India &apos;s new prime minister , Narendra Modi , is meeting his Japanese counterpart , Shinzo Abe , in Tokyo to discuss economic and security ties , on his first major foreign visit since winning May &apos;s election .
2025-04-29 18:44:42,238 - INFO - joeynmt.training - 	Hypothesis: India &apos;s later prime minister Narendra Modi , a first important important important important important was a first important for his his first time in May , in May , in May , in Toko , to the Associety and political relations .
2025-04-29 18:44:42,238 - INFO - joeynmt.training - Example #2
2025-04-29 18:44:42,238 - DEBUG - joeynmt.training - 	Tokenized source:     ['Herr', 'Mo@@', 'd@@', 'i', 'befindet', 'sich', 'auf', 'einer', 'fü@@', 'n@@', 'f@@', 'tä@@', 'gi@@', 'gen', 'Rei@@', 'se', 'nach', 'J@@', 'ap@@', 'an', ',', 'um', 'die', 'wirtschaf@@', 'tlichen', 'Be@@', 'zieh@@', 'ungen', 'mit', 'der', 'd@@', 'rit@@', 't@@', 'größ@@', 'ten', 'Wirtschafts@@', 'n@@', 'ation', 'der', 'Welt', 'zu', 'fes@@', 'tigen', '.']
2025-04-29 18:44:42,238 - DEBUG - joeynmt.training - 	Tokenized reference:  ['Mr', 'Mo@@', 'd@@', 'i', 'is', 'on', 'a', 'fi@@', 've', '@@@', '-@@', '@', 'day', 'tri@@', 'p', 'to', 'J@@', 'ap@@', 'an', 'to', 'streng@@', 'then', 'economic', 'ties', 'with', 'the', 'third', 'lar@@', 'ges@@', 't', 'econom@@', 'y', 'in', 'the', 'world', '.']
2025-04-29 18:44:42,238 - DEBUG - joeynmt.training - 	Tokenized hypothesis: ['Mr', 'Mo@@', 'd@@', 'i', 'is', 'located', 'on', 'a', 'fi@@', 've', 'fi@@', 've', ',', 'the', 'economic', 'rel@@', 'ations', 'with', 'the', 'economic', 'rel@@', 'ations', 'with', 'the', 'world', '&apos;s', 'economic', 'rel@@', 'ations', 'with', 'the', 'world', '.', '</s>']
2025-04-29 18:44:42,238 - INFO - joeynmt.training - 	Source:     Herr Modi befindet sich auf einer fünftägigen Reise nach Japan , um die wirtschaftlichen Beziehungen mit der drittgrößten Wirtschaftsnation der Welt zu festigen .
2025-04-29 18:44:42,238 - INFO - joeynmt.training - 	Reference:  Mr Modi is on a five @-@ day trip to Japan to strengthen economic ties with the third largest economy in the world .
2025-04-29 18:44:42,238 - INFO - joeynmt.training - 	Hypothesis: Mr Modi is located on a five five , the economic relations with the economic relations with the world &apos;s economic relations with the world .
2025-04-29 18:44:42,238 - INFO - joeynmt.training - Example #3
2025-04-29 18:44:42,238 - DEBUG - joeynmt.training - 	Tokenized source:     ['P@@', 'län@@', 'e', 'für', 'eine', 'stärk@@', 'ere', 'k@@', 'ern@@', 'techn@@', 'ische', 'Zusammenarbeit', 'stehen', 'ganz', 'ob@@', 'en', 'auf', 'der', 'Tag@@', 'es@@', 'ordnung', '.']
2025-04-29 18:44:42,238 - DEBUG - joeynmt.training - 	Tokenized reference:  ['high', 'on', 'the', 'agen@@', 'da', 'are', 'pl@@', 'ans', 'for', 'gre@@', 'ater', 'nu@@', 'clear', 'c@@', 'o', '@@@', '-@@', '@', 'operation', '.']
2025-04-29 18:44:42,238 - DEBUG - joeynmt.training - 	Tokenized hypothesis: ['P@@', 'P@@', 'e', 'for', 'a', 'more', 'techn@@', 'ical', 'cooperation', 'and', 'will', 'be', 'able', 'to', 'be', 'able', 'to', 'be', 'the', 'next', 'it@@', 'em', '.', '</s>']
2025-04-29 18:44:42,238 - INFO - joeynmt.training - 	Source:     Pläne für eine stärkere kerntechnische Zusammenarbeit stehen ganz oben auf der Tagesordnung .
2025-04-29 18:44:42,238 - INFO - joeynmt.training - 	Reference:  high on the agenda are plans for greater nuclear co @-@ operation .
2025-04-29 18:44:42,239 - INFO - joeynmt.training - 	Hypothesis: PPe for a more technical cooperation and will be able to be able to be the next item .
2025-04-29 18:44:42,239 - INFO - joeynmt.training - Example #4
2025-04-29 18:44:42,239 - DEBUG - joeynmt.training - 	Tokenized source:     ['Berich@@', 'ten', 'zu@@', 'fol@@', 'ge', 'ho@@', 'fft', 'Indi@@', 'en', 'darüber', 'hinaus', 'auf', 'einen', 'Ver@@', 'trag', 'zur', 'Ver@@', 'tei@@', 'dig@@', 'ungs@@', 'zusammen@@', 'arbeit', 'zwischen', 'den', 'beiden', 'N@@', 'ationen', '.']
2025-04-29 18:44:42,239 - DEBUG - joeynmt.training - 	Tokenized reference:  ['Indi@@', 'a', 'is', 'also', 're@@', 'porte@@', 'dly', 'hop@@', 'ing', 'for', 'a', 'de@@', 'al', 'on', 'def@@', 'ence', 'c@@', 'oll@@', 'ab@@', 'or@@', 'ation', 'between', 'the', 'two', 'n@@', 'ations', '.']
2025-04-29 18:44:42,239 - DEBUG - joeynmt.training - 	Tokenized hypothesis: ['it', 'is', 'also', 'a', 'high', 'de@@', 'termin@@', 'ed', 'by', 'the', 'Council', 'of', 'the', 'Council', 'to', 're@@', 'ach', 'the', 'two', 'N@@', 'ations', '.', '</s>']
2025-04-29 18:44:42,239 - INFO - joeynmt.training - 	Source:     Berichten zufolge hofft Indien darüber hinaus auf einen Vertrag zur Verteidigungszusammenarbeit zwischen den beiden Nationen .
2025-04-29 18:44:42,239 - INFO - joeynmt.training - 	Reference:  India is also reportedly hoping for a deal on defence collaboration between the two nations .
2025-04-29 18:44:42,239 - INFO - joeynmt.training - 	Hypothesis: it is also a high determined by the Council of the Council to reach the two Nations .
2025-04-29 18:44:58,637 - INFO - joeynmt.training - Epoch   3, Step:     9600, Batch Loss:     2.227497, Batch Acc: 0.419153, Tokens per Sec:     5487, Lr: 0.000300
2025-04-29 18:45:15,091 - INFO - joeynmt.training - Epoch   3, Step:     9700, Batch Loss:     1.997890, Batch Acc: 0.430339, Tokens per Sec:     5458, Lr: 0.000300
2025-04-29 18:45:31,590 - INFO - joeynmt.training - Epoch   3, Step:     9800, Batch Loss:     2.130080, Batch Acc: 0.417545, Tokens per Sec:     5675, Lr: 0.000300
2025-04-29 18:45:48,152 - INFO - joeynmt.training - Epoch   3, Step:     9900, Batch Loss:     2.062456, Batch Acc: 0.425524, Tokens per Sec:     5570, Lr: 0.000300
2025-04-29 18:46:04,522 - INFO - joeynmt.training - Epoch   3, Step:    10000, Batch Loss:     2.246259, Batch Acc: 0.428324, Tokens per Sec:     5650, Lr: 0.000300
2025-04-29 18:46:04,522 - INFO - joeynmt.prediction - Predicting 500 example(s)... (Greedy decoding with min_output_length=1, max_output_length=-1, return_prob='none', generate_unk=True, repetition_penalty=-1, no_repeat_ngram_size=-1)
2025-04-29 18:46:30,439 - INFO - joeynmt.prediction - Evaluation result (greedy) loss:   2.48, ppl:  11.98, acc:   0.37, generation: 25.9127[sec], evaluation: 0.0000[sec]
2025-04-29 18:46:30,440 - INFO - joeynmt.training - Hooray! New best validation result [ppl]!
2025-04-29 18:46:30,518 - INFO - joeynmt.helpers - delete models/deen_transformer_prenorm/7500.ckpt
2025-04-29 18:46:30,525 - INFO - joeynmt.training - Example #0
2025-04-29 18:46:30,525 - DEBUG - joeynmt.training - 	Tokenized source:     ['die', 'Pre@@', 'mi@@', 'er@@', 'minist@@', 'er', 'Indi@@', 'ens', 'und', 'J@@', 'ap@@', 'ans', 'tra@@', 'fen', 'sich', 'in', 'T@@', 'ok@@', 'i@@', 'o', '.']
2025-04-29 18:46:30,525 - DEBUG - joeynmt.training - 	Tokenized reference:  ['Indi@@', 'a', 'and', 'J@@', 'ap@@', 'an', 'pri@@', 'me', 'minist@@', 'ers', 'me@@', 'et', 'in', 'T@@', 'ok@@', 'y@@', 'o']
2025-04-29 18:46:30,525 - DEBUG - joeynmt.training - 	Tokenized hypothesis: ['the', 'price', 'of', 'the', 'price', 'of', 'the', 'price', 'and', 'J@@', 'ap@@', 'an', 'and', 'J@@', 'ap@@', 'an', '.', '</s>']
2025-04-29 18:46:30,526 - INFO - joeynmt.training - 	Source:     die Premierminister Indiens und Japans trafen sich in Tokio .
2025-04-29 18:46:30,526 - INFO - joeynmt.training - 	Reference:  India and Japan prime ministers meet in Tokyo
2025-04-29 18:46:30,526 - INFO - joeynmt.training - 	Hypothesis: the price of the price of the price and Japan and Japan .
2025-04-29 18:46:30,526 - INFO - joeynmt.training - Example #1
2025-04-29 18:46:30,526 - DEBUG - joeynmt.training - 	Tokenized source:     ['Indi@@', 'ens', 'neu@@', 'er', 'Pre@@', 'mi@@', 'er@@', 'minist@@', 'er', 'N@@', 'ar@@', 'end@@', 'ra', 'Mo@@', 'd@@', 'i', 'tri@@', 'fft', 'bei', 's@@', 'einem', 'ersten', 'wichti@@', 'gen', 'Aus@@', 'land@@', 's@@', 'bes@@', 'u@@', 'ch', 'seit', 's@@', 'einem', 'W@@', 'ah@@', 'l@@', 'si@@', 'e@@', 'g', 'im', 'Ma@@', 'i', 'seinen', 'j@@', 'ap@@', 'an@@', 'ischen', 'Am@@', 'ts@@', 'k@@', 'olle@@', 'gen', 'S@@', 'hin@@', 'z@@', 'o', 'A@@', 'be', 'in', 'T@@', 'ok@@', 'o', ',', 'um', 'wirtschaf@@', 'tliche', 'und', 'sicher@@', 'heits@@', 'politische', 'Be@@', 'zieh@@', 'ungen', 'zu', 'bes@@', 'pre@@', 'chen', '.']
2025-04-29 18:46:30,526 - DEBUG - joeynmt.training - 	Tokenized reference:  ['Indi@@', 'a', '&apos;s', 'new', 'pri@@', 'me', 'minist@@', 'er', ',', 'N@@', 'ar@@', 'end@@', 'ra', 'Mo@@', 'd@@', 'i', ',', 'is', 'me@@', 'eting', 'his', 'J@@', 'ap@@', 'an@@', 'ese', 'coun@@', 'ter@@', 'part', ',', 'S@@', 'hin@@', 'z@@', 'o', 'A@@', 'be', ',', 'in', 'T@@', 'ok@@', 'y@@', 'o', 'to', 'disc@@', 'uss', 'economic', 'and', 'security', 'ties', ',', 'on', 'his', 'first', 'major', 'fore@@', 'ign', 'visi@@', 't', 'since', 'w@@', 'inn@@', 'ing', 'Ma@@', 'y', '&apos;s', 'elec@@', 'tion', '.']
2025-04-29 18:46:30,526 - DEBUG - joeynmt.training - 	Tokenized hypothesis: ['Indi@@', 'a', '&apos;s', 'pri@@', 'mi@@', 'um', 'pre@@', 'mi@@', 'um', 'of', 'the', 'first', 'pri@@', 'mi@@', 'um', 'has', 'been', 'a', 'first', 'important', 'for', 'the', 'first', 'important', 'for', 'the', 'first', 'important', 'for', 'the', 'first', 'time', 'in', 'Ma@@', 'y', ',', 'in', 'Ma@@', 'y', ',', 'the', 'M@@', 'ap@@', 'an@@', 'o', 'A@@', 'in', 'T@@', 'ok@@', 'o', 'A@@', 'sia', ',', 'to', 'the', 'A@@', 'c@@', 't@@', 'an', 'A@@', 'ss@@', 'em@@', 'b@@', 'ly', 'and', 'political', 'rel@@', 'ations', '.', '</s>']
2025-04-29 18:46:30,526 - INFO - joeynmt.training - 	Source:     Indiens neuer Premierminister Narendra Modi trifft bei seinem ersten wichtigen Auslandsbesuch seit seinem Wahlsieg im Mai seinen japanischen Amtskollegen Shinzo Abe in Toko , um wirtschaftliche und sicherheitspolitische Beziehungen zu besprechen .
2025-04-29 18:46:30,526 - INFO - joeynmt.training - 	Reference:  India &apos;s new prime minister , Narendra Modi , is meeting his Japanese counterpart , Shinzo Abe , in Tokyo to discuss economic and security ties , on his first major foreign visit since winning May &apos;s election .
2025-04-29 18:46:30,526 - INFO - joeynmt.training - 	Hypothesis: India &apos;s primium premium of the first primium has been a first important for the first important for the first important for the first time in May , in May , the Mapano Ain Toko Asia , to the Actan Assembly and political relations .
2025-04-29 18:46:30,526 - INFO - joeynmt.training - Example #2
2025-04-29 18:46:30,526 - DEBUG - joeynmt.training - 	Tokenized source:     ['Herr', 'Mo@@', 'd@@', 'i', 'befindet', 'sich', 'auf', 'einer', 'fü@@', 'n@@', 'f@@', 'tä@@', 'gi@@', 'gen', 'Rei@@', 'se', 'nach', 'J@@', 'ap@@', 'an', ',', 'um', 'die', 'wirtschaf@@', 'tlichen', 'Be@@', 'zieh@@', 'ungen', 'mit', 'der', 'd@@', 'rit@@', 't@@', 'größ@@', 'ten', 'Wirtschafts@@', 'n@@', 'ation', 'der', 'Welt', 'zu', 'fes@@', 'tigen', '.']
2025-04-29 18:46:30,526 - DEBUG - joeynmt.training - 	Tokenized reference:  ['Mr', 'Mo@@', 'd@@', 'i', 'is', 'on', 'a', 'fi@@', 've', '@@@', '-@@', '@', 'day', 'tri@@', 'p', 'to', 'J@@', 'ap@@', 'an', 'to', 'streng@@', 'then', 'economic', 'ties', 'with', 'the', 'third', 'lar@@', 'ges@@', 't', 'econom@@', 'y', 'in', 'the', 'world', '.']
2025-04-29 18:46:30,526 - DEBUG - joeynmt.training - 	Tokenized hypothesis: ['Mr', 'Mo@@', 'd@@', 'i', 'is', 'located', 'on', 'a', 'fi@@', 've', 'f@@', 'f@@', 'f@@', 'f@@', 'f@@', 'f@@', 'f@@', 'f@@', 'f@@', 'f@@', 'f@@', 'f@@', 'f@@', 'f@@', 'f@@', 'f@@', 'f@@', 'our', 'economic', 'rel@@', 'ations', 'with', 'the', 'world', '.', '</s>']
2025-04-29 18:46:30,526 - INFO - joeynmt.training - 	Source:     Herr Modi befindet sich auf einer fünftägigen Reise nach Japan , um die wirtschaftlichen Beziehungen mit der drittgrößten Wirtschaftsnation der Welt zu festigen .
2025-04-29 18:46:30,526 - INFO - joeynmt.training - 	Reference:  Mr Modi is on a five @-@ day trip to Japan to strengthen economic ties with the third largest economy in the world .
2025-04-29 18:46:30,526 - INFO - joeynmt.training - 	Hypothesis: Mr Modi is located on a five fffffffffffffffffour economic relations with the world .
2025-04-29 18:46:30,526 - INFO - joeynmt.training - Example #3
2025-04-29 18:46:30,526 - DEBUG - joeynmt.training - 	Tokenized source:     ['P@@', 'län@@', 'e', 'für', 'eine', 'stärk@@', 'ere', 'k@@', 'ern@@', 'techn@@', 'ische', 'Zusammenarbeit', 'stehen', 'ganz', 'ob@@', 'en', 'auf', 'der', 'Tag@@', 'es@@', 'ordnung', '.']
2025-04-29 18:46:30,526 - DEBUG - joeynmt.training - 	Tokenized reference:  ['high', 'on', 'the', 'agen@@', 'da', 'are', 'pl@@', 'ans', 'for', 'gre@@', 'ater', 'nu@@', 'clear', 'c@@', 'o', '@@@', '-@@', '@', 'operation', '.']
2025-04-29 18:46:30,526 - DEBUG - joeynmt.training - 	Tokenized hypothesis: ['P@@', 's', 'for', 'a', 'more', 'techn@@', 'ical', 'cooperation', 'and', 'more', 'techn@@', 'ical', 'cooperation', 'are', 'in', 'the', 'agen@@', 'da', '.', '</s>']
2025-04-29 18:46:30,526 - INFO - joeynmt.training - 	Source:     Pläne für eine stärkere kerntechnische Zusammenarbeit stehen ganz oben auf der Tagesordnung .
2025-04-29 18:46:30,526 - INFO - joeynmt.training - 	Reference:  high on the agenda are plans for greater nuclear co @-@ operation .
2025-04-29 18:46:30,526 - INFO - joeynmt.training - 	Hypothesis: Ps for a more technical cooperation and more technical cooperation are in the agenda .
2025-04-29 18:46:30,526 - INFO - joeynmt.training - Example #4
2025-04-29 18:46:30,526 - DEBUG - joeynmt.training - 	Tokenized source:     ['Berich@@', 'ten', 'zu@@', 'fol@@', 'ge', 'ho@@', 'fft', 'Indi@@', 'en', 'darüber', 'hinaus', 'auf', 'einen', 'Ver@@', 'trag', 'zur', 'Ver@@', 'tei@@', 'dig@@', 'ungs@@', 'zusammen@@', 'arbeit', 'zwischen', 'den', 'beiden', 'N@@', 'ationen', '.']
2025-04-29 18:46:30,526 - DEBUG - joeynmt.training - 	Tokenized reference:  ['Indi@@', 'a', 'is', 'also', 're@@', 'porte@@', 'dly', 'hop@@', 'ing', 'for', 'a', 'de@@', 'al', 'on', 'def@@', 'ence', 'c@@', 'oll@@', 'ab@@', 'or@@', 'ation', 'between', 'the', 'two', 'n@@', 'ations', '.']
2025-04-29 18:46:30,526 - DEBUG - joeynmt.training - 	Tokenized hypothesis: ['the', 'report', 'also', 'has', 'been', 'a', 'con@@', 'sequ@@', 'ently', 'ently', ',', 'the', 'con@@', 'sequ@@', 'ences', 'between', 'the', 'two', 'N@@', 'ations', '.', '</s>']
2025-04-29 18:46:30,526 - INFO - joeynmt.training - 	Source:     Berichten zufolge hofft Indien darüber hinaus auf einen Vertrag zur Verteidigungszusammenarbeit zwischen den beiden Nationen .
2025-04-29 18:46:30,526 - INFO - joeynmt.training - 	Reference:  India is also reportedly hoping for a deal on defence collaboration between the two nations .
2025-04-29 18:46:30,527 - INFO - joeynmt.training - 	Hypothesis: the report also has been a consequently ently , the consequences between the two Nations .
2025-04-29 18:46:46,857 - INFO - joeynmt.training - Epoch   3, Step:    10100, Batch Loss:     2.286970, Batch Acc: 0.428802, Tokens per Sec:     5629, Lr: 0.000300
2025-04-29 18:47:03,301 - INFO - joeynmt.training - Epoch   3, Step:    10200, Batch Loss:     2.048381, Batch Acc: 0.433198, Tokens per Sec:     5573, Lr: 0.000300
2025-04-29 18:47:19,696 - INFO - joeynmt.training - Epoch   3, Step:    10300, Batch Loss:     2.055740, Batch Acc: 0.428810, Tokens per Sec:     5584, Lr: 0.000300
2025-04-29 18:47:36,140 - INFO - joeynmt.training - Epoch   3, Step:    10400, Batch Loss:     2.103794, Batch Acc: 0.433127, Tokens per Sec:     5647, Lr: 0.000300
2025-04-29 18:47:52,441 - INFO - joeynmt.training - Epoch   3, Step:    10500, Batch Loss:     2.111299, Batch Acc: 0.439678, Tokens per Sec:     5556, Lr: 0.000300
2025-04-29 18:47:52,441 - INFO - joeynmt.prediction - Predicting 500 example(s)... (Greedy decoding with min_output_length=1, max_output_length=-1, return_prob='none', generate_unk=True, repetition_penalty=-1, no_repeat_ngram_size=-1)
2025-04-29 18:48:15,726 - INFO - joeynmt.prediction - Evaluation result (greedy) loss:   2.45, ppl:  11.63, acc:   0.38, generation: 23.2804[sec], evaluation: 0.0000[sec]
2025-04-29 18:48:15,727 - INFO - joeynmt.training - Hooray! New best validation result [ppl]!
2025-04-29 18:48:15,808 - INFO - joeynmt.helpers - delete models/deen_transformer_prenorm/8000.ckpt
2025-04-29 18:48:15,811 - INFO - joeynmt.training - Example #0
2025-04-29 18:48:15,811 - DEBUG - joeynmt.training - 	Tokenized source:     ['die', 'Pre@@', 'mi@@', 'er@@', 'minist@@', 'er', 'Indi@@', 'ens', 'und', 'J@@', 'ap@@', 'ans', 'tra@@', 'fen', 'sich', 'in', 'T@@', 'ok@@', 'i@@', 'o', '.']
2025-04-29 18:48:15,811 - DEBUG - joeynmt.training - 	Tokenized reference:  ['Indi@@', 'a', 'and', 'J@@', 'ap@@', 'an', 'pri@@', 'me', 'minist@@', 'ers', 'me@@', 'et', 'in', 'T@@', 'ok@@', 'y@@', 'o']
2025-04-29 18:48:15,811 - DEBUG - joeynmt.training - 	Tokenized hypothesis: ['the', 'price', 'of', 'the', 'Pri@@', 'me', 'Minist@@', 'er', 'and', 'J@@', 'ap@@', 'ans', '.', '</s>']
2025-04-29 18:48:15,811 - INFO - joeynmt.training - 	Source:     die Premierminister Indiens und Japans trafen sich in Tokio .
2025-04-29 18:48:15,812 - INFO - joeynmt.training - 	Reference:  India and Japan prime ministers meet in Tokyo
2025-04-29 18:48:15,812 - INFO - joeynmt.training - 	Hypothesis: the price of the Prime Minister and Japans .
2025-04-29 18:48:15,812 - INFO - joeynmt.training - Example #1
2025-04-29 18:48:15,812 - DEBUG - joeynmt.training - 	Tokenized source:     ['Indi@@', 'ens', 'neu@@', 'er', 'Pre@@', 'mi@@', 'er@@', 'minist@@', 'er', 'N@@', 'ar@@', 'end@@', 'ra', 'Mo@@', 'd@@', 'i', 'tri@@', 'fft', 'bei', 's@@', 'einem', 'ersten', 'wichti@@', 'gen', 'Aus@@', 'land@@', 's@@', 'bes@@', 'u@@', 'ch', 'seit', 's@@', 'einem', 'W@@', 'ah@@', 'l@@', 'si@@', 'e@@', 'g', 'im', 'Ma@@', 'i', 'seinen', 'j@@', 'ap@@', 'an@@', 'ischen', 'Am@@', 'ts@@', 'k@@', 'olle@@', 'gen', 'S@@', 'hin@@', 'z@@', 'o', 'A@@', 'be', 'in', 'T@@', 'ok@@', 'o', ',', 'um', 'wirtschaf@@', 'tliche', 'und', 'sicher@@', 'heits@@', 'politische', 'Be@@', 'zieh@@', 'ungen', 'zu', 'bes@@', 'pre@@', 'chen', '.']
2025-04-29 18:48:15,812 - DEBUG - joeynmt.training - 	Tokenized reference:  ['Indi@@', 'a', '&apos;s', 'new', 'pri@@', 'me', 'minist@@', 'er', ',', 'N@@', 'ar@@', 'end@@', 'ra', 'Mo@@', 'd@@', 'i', ',', 'is', 'me@@', 'eting', 'his', 'J@@', 'ap@@', 'an@@', 'ese', 'coun@@', 'ter@@', 'part', ',', 'S@@', 'hin@@', 'z@@', 'o', 'A@@', 'be', ',', 'in', 'T@@', 'ok@@', 'y@@', 'o', 'to', 'disc@@', 'uss', 'economic', 'and', 'security', 'ties', ',', 'on', 'his', 'first', 'major', 'fore@@', 'ign', 'visi@@', 't', 'since', 'w@@', 'inn@@', 'ing', 'Ma@@', 'y', '&apos;s', 'elec@@', 'tion', '.']
2025-04-29 18:48:15,812 - DEBUG - joeynmt.training - 	Tokenized hypothesis: ['Indi@@', 'a', '&apos;s', 'pri@@', 'm@@', 'ari@@', 'ly', 'pri@@', 'm@@', 'ari@@', 'ly', 'in', 'the', 'first', 'important', 'important', 'ex@@', 'per@@', 'im@@', 'ent', ',', 'a', 'first', 'important', 'important', 'ex@@', 'am@@', 'ine', 'for', 'a', 'first', 'important', 'elec@@', 'tion', 'of', 'the', 'A@@', 's@@', 'soci@@', 'ation', 'of', 'the', 'A@@', 'be', 'in', 'T@@', 'ok@@', 'o', ',', 'in', 'T@@', 'ok@@', 'o', 'A@@', 'in', 'T@@', 'ok@@', 'o', ',', 'in', 'T@@', 'ok@@', 'o', ',', 'in', 'T@@', 'ok@@', 'o', ',', 'in', 'T@@', 'ok@@', 'o', 'A@@', 'in', 'T@@', 'ok@@', 'o', '.', '</s>']
2025-04-29 18:48:15,812 - INFO - joeynmt.training - 	Source:     Indiens neuer Premierminister Narendra Modi trifft bei seinem ersten wichtigen Auslandsbesuch seit seinem Wahlsieg im Mai seinen japanischen Amtskollegen Shinzo Abe in Toko , um wirtschaftliche und sicherheitspolitische Beziehungen zu besprechen .
2025-04-29 18:48:15,812 - INFO - joeynmt.training - 	Reference:  India &apos;s new prime minister , Narendra Modi , is meeting his Japanese counterpart , Shinzo Abe , in Tokyo to discuss economic and security ties , on his first major foreign visit since winning May &apos;s election .
2025-04-29 18:48:15,812 - INFO - joeynmt.training - 	Hypothesis: India &apos;s primarily primarily in the first important important experiment , a first important important examine for a first important election of the Association of the Abe in Toko , in Toko Ain Toko , in Toko , in Toko , in Toko Ain Toko .
2025-04-29 18:48:15,812 - INFO - joeynmt.training - Example #2
2025-04-29 18:48:15,812 - DEBUG - joeynmt.training - 	Tokenized source:     ['Herr', 'Mo@@', 'd@@', 'i', 'befindet', 'sich', 'auf', 'einer', 'fü@@', 'n@@', 'f@@', 'tä@@', 'gi@@', 'gen', 'Rei@@', 'se', 'nach', 'J@@', 'ap@@', 'an', ',', 'um', 'die', 'wirtschaf@@', 'tlichen', 'Be@@', 'zieh@@', 'ungen', 'mit', 'der', 'd@@', 'rit@@', 't@@', 'größ@@', 'ten', 'Wirtschafts@@', 'n@@', 'ation', 'der', 'Welt', 'zu', 'fes@@', 'tigen', '.']
2025-04-29 18:48:15,812 - DEBUG - joeynmt.training - 	Tokenized reference:  ['Mr', 'Mo@@', 'd@@', 'i', 'is', 'on', 'a', 'fi@@', 've', '@@@', '-@@', '@', 'day', 'tri@@', 'p', 'to', 'J@@', 'ap@@', 'an', 'to', 'streng@@', 'then', 'economic', 'ties', 'with', 'the', 'third', 'lar@@', 'ges@@', 't', 'econom@@', 'y', 'in', 'the', 'world', '.']
2025-04-29 18:48:15,812 - DEBUG - joeynmt.training - 	Tokenized hypothesis: ['Mr', 'Mo@@', 'd@@', 'i', 'is', 'located', 'on', 'a', 'fi@@', 've', 'f@@', 'ying', 'f@@', 'air', 'of', 'the', 'world', '&apos;s', 'economic', 'rel@@', 'ations', 'with', 'the', 'economic', 'rel@@', 'ations', 'with', 'the', 'third', 'world', 'world', '&apos;s', 'economic', 'rel@@', 'ations', '.', '</s>']
2025-04-29 18:48:15,812 - INFO - joeynmt.training - 	Source:     Herr Modi befindet sich auf einer fünftägigen Reise nach Japan , um die wirtschaftlichen Beziehungen mit der drittgrößten Wirtschaftsnation der Welt zu festigen .
2025-04-29 18:48:15,812 - INFO - joeynmt.training - 	Reference:  Mr Modi is on a five @-@ day trip to Japan to strengthen economic ties with the third largest economy in the world .
2025-04-29 18:48:15,812 - INFO - joeynmt.training - 	Hypothesis: Mr Modi is located on a five fying fair of the world &apos;s economic relations with the economic relations with the third world world &apos;s economic relations .
2025-04-29 18:48:15,812 - INFO - joeynmt.training - Example #3
2025-04-29 18:48:15,812 - DEBUG - joeynmt.training - 	Tokenized source:     ['P@@', 'län@@', 'e', 'für', 'eine', 'stärk@@', 'ere', 'k@@', 'ern@@', 'techn@@', 'ische', 'Zusammenarbeit', 'stehen', 'ganz', 'ob@@', 'en', 'auf', 'der', 'Tag@@', 'es@@', 'ordnung', '.']
2025-04-29 18:48:15,812 - DEBUG - joeynmt.training - 	Tokenized reference:  ['high', 'on', 'the', 'agen@@', 'da', 'are', 'pl@@', 'ans', 'for', 'gre@@', 'ater', 'nu@@', 'clear', 'c@@', 'o', '@@@', '-@@', '@', 'operation', '.']
2025-04-29 18:48:15,812 - DEBUG - joeynmt.training - 	Tokenized hypothesis: ['P@@', 's', 'for', 'a', 'more', 'seri@@', 'ous', 'techn@@', 'ical', 'cooperation', 'and', 'more', 'effective', 'techn@@', 'ical', 'cooperation', '.', '</s>']
2025-04-29 18:48:15,812 - INFO - joeynmt.training - 	Source:     Pläne für eine stärkere kerntechnische Zusammenarbeit stehen ganz oben auf der Tagesordnung .
2025-04-29 18:48:15,812 - INFO - joeynmt.training - 	Reference:  high on the agenda are plans for greater nuclear co @-@ operation .
2025-04-29 18:48:15,812 - INFO - joeynmt.training - 	Hypothesis: Ps for a more serious technical cooperation and more effective technical cooperation .
2025-04-29 18:48:15,812 - INFO - joeynmt.training - Example #4
2025-04-29 18:48:15,812 - DEBUG - joeynmt.training - 	Tokenized source:     ['Berich@@', 'ten', 'zu@@', 'fol@@', 'ge', 'ho@@', 'fft', 'Indi@@', 'en', 'darüber', 'hinaus', 'auf', 'einen', 'Ver@@', 'trag', 'zur', 'Ver@@', 'tei@@', 'dig@@', 'ungs@@', 'zusammen@@', 'arbeit', 'zwischen', 'den', 'beiden', 'N@@', 'ationen', '.']
2025-04-29 18:48:15,812 - DEBUG - joeynmt.training - 	Tokenized reference:  ['Indi@@', 'a', 'is', 'also', 're@@', 'porte@@', 'dly', 'hop@@', 'ing', 'for', 'a', 'de@@', 'al', 'on', 'def@@', 'ence', 'c@@', 'oll@@', 'ab@@', 'or@@', 'ation', 'between', 'the', 'two', 'n@@', 'ations', '.']
2025-04-29 18:48:15,812 - DEBUG - joeynmt.training - 	Tokenized hypothesis: ['the', 'report', 'also', 'also', 'high', 'level', 'of', 'con@@', 'ver@@', 'ted', 'Indi@@', 'a', ',', 'which', 'is', 'a', 'con@@', 'ver@@', 'ti@@', 'sing', 'cooperation', 'between', 'the', 'two', 'N@@', 'ations', '.', '</s>']
2025-04-29 18:48:15,812 - INFO - joeynmt.training - 	Source:     Berichten zufolge hofft Indien darüber hinaus auf einen Vertrag zur Verteidigungszusammenarbeit zwischen den beiden Nationen .
2025-04-29 18:48:15,812 - INFO - joeynmt.training - 	Reference:  India is also reportedly hoping for a deal on defence collaboration between the two nations .
2025-04-29 18:48:15,812 - INFO - joeynmt.training - 	Hypothesis: the report also also high level of converted India , which is a convertising cooperation between the two Nations .
2025-04-29 18:48:32,276 - INFO - joeynmt.training - Epoch   3, Step:    10600, Batch Loss:     2.026692, Batch Acc: 0.428537, Tokens per Sec:     5582, Lr: 0.000300
2025-04-29 18:48:49,026 - INFO - joeynmt.training - Epoch   3, Step:    10700, Batch Loss:     2.050154, Batch Acc: 0.437918, Tokens per Sec:     5504, Lr: 0.000300
2025-04-29 18:49:05,264 - INFO - joeynmt.training - Epoch   3, Step:    10800, Batch Loss:     2.152664, Batch Acc: 0.431684, Tokens per Sec:     5631, Lr: 0.000300
2025-04-29 18:49:22,034 - INFO - joeynmt.training - Epoch   3, Step:    10900, Batch Loss:     2.148059, Batch Acc: 0.435548, Tokens per Sec:     5513, Lr: 0.000300
2025-04-29 18:49:38,968 - INFO - joeynmt.training - Epoch   3, Step:    11000, Batch Loss:     1.870537, Batch Acc: 0.438057, Tokens per Sec:     5428, Lr: 0.000300
2025-04-29 18:49:38,969 - INFO - joeynmt.prediction - Predicting 500 example(s)... (Greedy decoding with min_output_length=1, max_output_length=-1, return_prob='none', generate_unk=True, repetition_penalty=-1, no_repeat_ngram_size=-1)
2025-04-29 18:50:10,548 - INFO - joeynmt.prediction - Evaluation result (greedy) loss:   2.42, ppl:  11.22, acc:   0.39, generation: 31.5748[sec], evaluation: 0.0000[sec]
2025-04-29 18:50:10,550 - INFO - joeynmt.training - Hooray! New best validation result [ppl]!
2025-04-29 18:50:10,627 - INFO - joeynmt.helpers - delete models/deen_transformer_prenorm/8500.ckpt
2025-04-29 18:50:10,634 - INFO - joeynmt.training - Example #0
2025-04-29 18:50:10,634 - DEBUG - joeynmt.training - 	Tokenized source:     ['die', 'Pre@@', 'mi@@', 'er@@', 'minist@@', 'er', 'Indi@@', 'ens', 'und', 'J@@', 'ap@@', 'ans', 'tra@@', 'fen', 'sich', 'in', 'T@@', 'ok@@', 'i@@', 'o', '.']
2025-04-29 18:50:10,634 - DEBUG - joeynmt.training - 	Tokenized reference:  ['Indi@@', 'a', 'and', 'J@@', 'ap@@', 'an', 'pri@@', 'me', 'minist@@', 'ers', 'me@@', 'et', 'in', 'T@@', 'ok@@', 'y@@', 'o']
2025-04-29 18:50:10,634 - DEBUG - joeynmt.training - 	Tokenized hypothesis: ['the', 'pri@@', 'me', 'minist@@', 'er', 'Indi@@', 'a', 'and', 'J@@', 'ap@@', 'ans', '.', '</s>']
2025-04-29 18:50:10,634 - INFO - joeynmt.training - 	Source:     die Premierminister Indiens und Japans trafen sich in Tokio .
2025-04-29 18:50:10,634 - INFO - joeynmt.training - 	Reference:  India and Japan prime ministers meet in Tokyo
2025-04-29 18:50:10,634 - INFO - joeynmt.training - 	Hypothesis: the prime minister India and Japans .
2025-04-29 18:50:10,634 - INFO - joeynmt.training - Example #1
2025-04-29 18:50:10,634 - DEBUG - joeynmt.training - 	Tokenized source:     ['Indi@@', 'ens', 'neu@@', 'er', 'Pre@@', 'mi@@', 'er@@', 'minist@@', 'er', 'N@@', 'ar@@', 'end@@', 'ra', 'Mo@@', 'd@@', 'i', 'tri@@', 'fft', 'bei', 's@@', 'einem', 'ersten', 'wichti@@', 'gen', 'Aus@@', 'land@@', 's@@', 'bes@@', 'u@@', 'ch', 'seit', 's@@', 'einem', 'W@@', 'ah@@', 'l@@', 'si@@', 'e@@', 'g', 'im', 'Ma@@', 'i', 'seinen', 'j@@', 'ap@@', 'an@@', 'ischen', 'Am@@', 'ts@@', 'k@@', 'olle@@', 'gen', 'S@@', 'hin@@', 'z@@', 'o', 'A@@', 'be', 'in', 'T@@', 'ok@@', 'o', ',', 'um', 'wirtschaf@@', 'tliche', 'und', 'sicher@@', 'heits@@', 'politische', 'Be@@', 'zieh@@', 'ungen', 'zu', 'bes@@', 'pre@@', 'chen', '.']
2025-04-29 18:50:10,634 - DEBUG - joeynmt.training - 	Tokenized reference:  ['Indi@@', 'a', '&apos;s', 'new', 'pri@@', 'me', 'minist@@', 'er', ',', 'N@@', 'ar@@', 'end@@', 'ra', 'Mo@@', 'd@@', 'i', ',', 'is', 'me@@', 'eting', 'his', 'J@@', 'ap@@', 'an@@', 'ese', 'coun@@', 'ter@@', 'part', ',', 'S@@', 'hin@@', 'z@@', 'o', 'A@@', 'be', ',', 'in', 'T@@', 'ok@@', 'y@@', 'o', 'to', 'disc@@', 'uss', 'economic', 'and', 'security', 'ties', ',', 'on', 'his', 'first', 'major', 'fore@@', 'ign', 'visi@@', 't', 'since', 'w@@', 'inn@@', 'ing', 'Ma@@', 'y', '&apos;s', 'elec@@', 'tion', '.']
2025-04-29 18:50:10,634 - DEBUG - joeynmt.training - 	Tokenized hypothesis: ['Indi@@', 'a', '&apos;s', 'pre@@', 'mi@@', 'um', 'Minist@@', 'er', 'N@@', 'ar@@', 'end@@', 'ra', 'Mo@@', 'd@@', 'i', ',', 'the', 'first', 'important', 'ex@@', 'am@@', 'ine', ',', 'a', 'first', 'important', 'ex@@', 'am@@', 'ine', 'was', 'the', 's@@', 'our@@', 'ce', 'of', 'his', 'first', 'important', 'to', 'the', 'E@@', 'con@@', 'om@@', 'ic', 'A@@', 'be', 'in', 'his', 'j@@', 'ap@@', 'an@@', 'ish', 'economic', 'and', 'security', '.', '</s>']
2025-04-29 18:50:10,634 - INFO - joeynmt.training - 	Source:     Indiens neuer Premierminister Narendra Modi trifft bei seinem ersten wichtigen Auslandsbesuch seit seinem Wahlsieg im Mai seinen japanischen Amtskollegen Shinzo Abe in Toko , um wirtschaftliche und sicherheitspolitische Beziehungen zu besprechen .
2025-04-29 18:50:10,634 - INFO - joeynmt.training - 	Reference:  India &apos;s new prime minister , Narendra Modi , is meeting his Japanese counterpart , Shinzo Abe , in Tokyo to discuss economic and security ties , on his first major foreign visit since winning May &apos;s election .
2025-04-29 18:50:10,634 - INFO - joeynmt.training - 	Hypothesis: India &apos;s premium Minister Narendra Modi , the first important examine , a first important examine was the source of his first important to the Economic Abe in his japanish economic and security .
2025-04-29 18:50:10,634 - INFO - joeynmt.training - Example #2
2025-04-29 18:50:10,634 - DEBUG - joeynmt.training - 	Tokenized source:     ['Herr', 'Mo@@', 'd@@', 'i', 'befindet', 'sich', 'auf', 'einer', 'fü@@', 'n@@', 'f@@', 'tä@@', 'gi@@', 'gen', 'Rei@@', 'se', 'nach', 'J@@', 'ap@@', 'an', ',', 'um', 'die', 'wirtschaf@@', 'tlichen', 'Be@@', 'zieh@@', 'ungen', 'mit', 'der', 'd@@', 'rit@@', 't@@', 'größ@@', 'ten', 'Wirtschafts@@', 'n@@', 'ation', 'der', 'Welt', 'zu', 'fes@@', 'tigen', '.']
2025-04-29 18:50:10,634 - DEBUG - joeynmt.training - 	Tokenized reference:  ['Mr', 'Mo@@', 'd@@', 'i', 'is', 'on', 'a', 'fi@@', 've', '@@@', '-@@', '@', 'day', 'tri@@', 'p', 'to', 'J@@', 'ap@@', 'an', 'to', 'streng@@', 'then', 'economic', 'ties', 'with', 'the', 'third', 'lar@@', 'ges@@', 't', 'econom@@', 'y', 'in', 'the', 'world', '.']
2025-04-29 18:50:10,634 - DEBUG - joeynmt.training - 	Tokenized hypothesis: ['Mr', 'Mo@@', 'd@@', 'i', 'is', 'located', 'on', 'a', 'fi@@', 've', 'f@@', 'ying', 'the', 'world', '&apos;s', 'economic', 'rel@@', 'ations', 'with', 'the', 'world', '&apos;s', 'economic', 'rel@@', 'ations', 'with', 'the', 'third', 'world', '.', '</s>']
2025-04-29 18:50:10,634 - INFO - joeynmt.training - 	Source:     Herr Modi befindet sich auf einer fünftägigen Reise nach Japan , um die wirtschaftlichen Beziehungen mit der drittgrößten Wirtschaftsnation der Welt zu festigen .
2025-04-29 18:50:10,634 - INFO - joeynmt.training - 	Reference:  Mr Modi is on a five @-@ day trip to Japan to strengthen economic ties with the third largest economy in the world .
2025-04-29 18:50:10,634 - INFO - joeynmt.training - 	Hypothesis: Mr Modi is located on a five fying the world &apos;s economic relations with the world &apos;s economic relations with the third world .
2025-04-29 18:50:10,634 - INFO - joeynmt.training - Example #3
2025-04-29 18:50:10,634 - DEBUG - joeynmt.training - 	Tokenized source:     ['P@@', 'län@@', 'e', 'für', 'eine', 'stärk@@', 'ere', 'k@@', 'ern@@', 'techn@@', 'ische', 'Zusammenarbeit', 'stehen', 'ganz', 'ob@@', 'en', 'auf', 'der', 'Tag@@', 'es@@', 'ordnung', '.']
2025-04-29 18:50:10,634 - DEBUG - joeynmt.training - 	Tokenized reference:  ['high', 'on', 'the', 'agen@@', 'da', 'are', 'pl@@', 'ans', 'for', 'gre@@', 'ater', 'nu@@', 'clear', 'c@@', 'o', '@@@', '-@@', '@', 'operation', '.']
2025-04-29 18:50:10,634 - DEBUG - joeynmt.training - 	Tokenized hypothesis: ['P@@', 'e', 'for', 'a', 'more', 'seri@@', 'ous', 'techn@@', 'ical', 'cooperation', 'will', 'be', 'able', 'to', 'be', 'able', 'to', 're@@', 'duce', 'the', 'agen@@', 'da', '.', '</s>']
2025-04-29 18:50:10,635 - INFO - joeynmt.training - 	Source:     Pläne für eine stärkere kerntechnische Zusammenarbeit stehen ganz oben auf der Tagesordnung .
2025-04-29 18:50:10,635 - INFO - joeynmt.training - 	Reference:  high on the agenda are plans for greater nuclear co @-@ operation .
2025-04-29 18:50:10,635 - INFO - joeynmt.training - 	Hypothesis: Pe for a more serious technical cooperation will be able to be able to reduce the agenda .
2025-04-29 18:50:10,635 - INFO - joeynmt.training - Example #4
2025-04-29 18:50:10,635 - DEBUG - joeynmt.training - 	Tokenized source:     ['Berich@@', 'ten', 'zu@@', 'fol@@', 'ge', 'ho@@', 'fft', 'Indi@@', 'en', 'darüber', 'hinaus', 'auf', 'einen', 'Ver@@', 'trag', 'zur', 'Ver@@', 'tei@@', 'dig@@', 'ungs@@', 'zusammen@@', 'arbeit', 'zwischen', 'den', 'beiden', 'N@@', 'ationen', '.']
2025-04-29 18:50:10,635 - DEBUG - joeynmt.training - 	Tokenized reference:  ['Indi@@', 'a', 'is', 'also', 're@@', 'porte@@', 'dly', 'hop@@', 'ing', 'for', 'a', 'de@@', 'al', 'on', 'def@@', 'ence', 'c@@', 'oll@@', 'ab@@', 'or@@', 'ation', 'between', 'the', 'two', 'n@@', 'ations', '.']
2025-04-29 18:50:10,635 - DEBUG - joeynmt.training - 	Tokenized hypothesis: ['the', 'report', 'also', 'also', 'high', 'de@@', 'gre@@', 'e', 'of', 'the', 'con@@', 'sequ@@', 'ences', 'to', 'the', 'con@@', 'sequ@@', 'ently', ',', 'with', 'the', 'two', 'N@@', 'ations', '.', '</s>']
2025-04-29 18:50:10,635 - INFO - joeynmt.training - 	Source:     Berichten zufolge hofft Indien darüber hinaus auf einen Vertrag zur Verteidigungszusammenarbeit zwischen den beiden Nationen .
2025-04-29 18:50:10,635 - INFO - joeynmt.training - 	Reference:  India is also reportedly hoping for a deal on defence collaboration between the two nations .
2025-04-29 18:50:10,635 - INFO - joeynmt.training - 	Hypothesis: the report also also high degree of the consequences to the consequently , with the two Nations .
2025-04-29 18:50:27,733 - INFO - joeynmt.training - Epoch   3, Step:    11100, Batch Loss:     2.318501, Batch Acc: 0.439188, Tokens per Sec:     5341, Lr: 0.000300
2025-04-29 18:50:44,469 - INFO - joeynmt.training - Epoch   3, Step:    11200, Batch Loss:     1.938492, Batch Acc: 0.434614, Tokens per Sec:     5562, Lr: 0.000300
2025-04-29 18:51:01,224 - INFO - joeynmt.training - Epoch   3, Step:    11300, Batch Loss:     2.094948, Batch Acc: 0.437790, Tokens per Sec:     5401, Lr: 0.000300
2025-04-29 18:51:18,045 - INFO - joeynmt.training - Epoch   3, Step:    11400, Batch Loss:     2.182802, Batch Acc: 0.443188, Tokens per Sec:     5451, Lr: 0.000300
2025-04-29 18:51:35,092 - INFO - joeynmt.training - Epoch   3, Step:    11500, Batch Loss:     2.172468, Batch Acc: 0.441638, Tokens per Sec:     5311, Lr: 0.000300
2025-04-29 18:51:35,092 - INFO - joeynmt.prediction - Predicting 500 example(s)... (Greedy decoding with min_output_length=1, max_output_length=-1, return_prob='none', generate_unk=True, repetition_penalty=-1, no_repeat_ngram_size=-1)
2025-04-29 18:52:03,012 - INFO - joeynmt.prediction - Evaluation result (greedy) loss:   2.39, ppl:  10.88, acc:   0.39, generation: 27.9160[sec], evaluation: 0.0000[sec]
2025-04-29 18:52:03,013 - INFO - joeynmt.training - Hooray! New best validation result [ppl]!
2025-04-29 18:52:03,099 - INFO - joeynmt.helpers - delete models/deen_transformer_prenorm/9000.ckpt
2025-04-29 18:52:03,106 - INFO - joeynmt.training - Example #0
2025-04-29 18:52:03,106 - DEBUG - joeynmt.training - 	Tokenized source:     ['die', 'Pre@@', 'mi@@', 'er@@', 'minist@@', 'er', 'Indi@@', 'ens', 'und', 'J@@', 'ap@@', 'ans', 'tra@@', 'fen', 'sich', 'in', 'T@@', 'ok@@', 'i@@', 'o', '.']
2025-04-29 18:52:03,106 - DEBUG - joeynmt.training - 	Tokenized reference:  ['Indi@@', 'a', 'and', 'J@@', 'ap@@', 'an', 'pri@@', 'me', 'minist@@', 'ers', 'me@@', 'et', 'in', 'T@@', 'ok@@', 'y@@', 'o']
2025-04-29 18:52:03,106 - DEBUG - joeynmt.training - 	Tokenized hypothesis: ['the', 'Pre@@', 'mi@@', 'er@@', 'ate', 'Pri@@', 'me', 'Minist@@', 'er', 'Indi@@', 'a', 'and', 'J@@', 'ap@@', 'ans', '.', '</s>']
2025-04-29 18:52:03,106 - INFO - joeynmt.training - 	Source:     die Premierminister Indiens und Japans trafen sich in Tokio .
2025-04-29 18:52:03,106 - INFO - joeynmt.training - 	Reference:  India and Japan prime ministers meet in Tokyo
2025-04-29 18:52:03,106 - INFO - joeynmt.training - 	Hypothesis: the Premierate Prime Minister India and Japans .
2025-04-29 18:52:03,106 - INFO - joeynmt.training - Example #1
2025-04-29 18:52:03,106 - DEBUG - joeynmt.training - 	Tokenized source:     ['Indi@@', 'ens', 'neu@@', 'er', 'Pre@@', 'mi@@', 'er@@', 'minist@@', 'er', 'N@@', 'ar@@', 'end@@', 'ra', 'Mo@@', 'd@@', 'i', 'tri@@', 'fft', 'bei', 's@@', 'einem', 'ersten', 'wichti@@', 'gen', 'Aus@@', 'land@@', 's@@', 'bes@@', 'u@@', 'ch', 'seit', 's@@', 'einem', 'W@@', 'ah@@', 'l@@', 'si@@', 'e@@', 'g', 'im', 'Ma@@', 'i', 'seinen', 'j@@', 'ap@@', 'an@@', 'ischen', 'Am@@', 'ts@@', 'k@@', 'olle@@', 'gen', 'S@@', 'hin@@', 'z@@', 'o', 'A@@', 'be', 'in', 'T@@', 'ok@@', 'o', ',', 'um', 'wirtschaf@@', 'tliche', 'und', 'sicher@@', 'heits@@', 'politische', 'Be@@', 'zieh@@', 'ungen', 'zu', 'bes@@', 'pre@@', 'chen', '.']
2025-04-29 18:52:03,106 - DEBUG - joeynmt.training - 	Tokenized reference:  ['Indi@@', 'a', '&apos;s', 'new', 'pri@@', 'me', 'minist@@', 'er', ',', 'N@@', 'ar@@', 'end@@', 'ra', 'Mo@@', 'd@@', 'i', ',', 'is', 'me@@', 'eting', 'his', 'J@@', 'ap@@', 'an@@', 'ese', 'coun@@', 'ter@@', 'part', ',', 'S@@', 'hin@@', 'z@@', 'o', 'A@@', 'be', ',', 'in', 'T@@', 'ok@@', 'y@@', 'o', 'to', 'disc@@', 'uss', 'economic', 'and', 'security', 'ties', ',', 'on', 'his', 'first', 'major', 'fore@@', 'ign', 'visi@@', 't', 'since', 'w@@', 'inn@@', 'ing', 'Ma@@', 'y', '&apos;s', 'elec@@', 'tion', '.']
2025-04-29 18:52:03,106 - DEBUG - joeynmt.training - 	Tokenized hypothesis: ['Indi@@', 'a', '&apos;s', 'pre@@', 'mi@@', 'mi@@', 'gration', ',', 'the', 'first', 'important', 'ex@@', 'change', 'of', 'his', 'first', 'important', 'ex@@', 'change', 'in', 'his', 'first', 'important', 'important', 'ex@@', 'ec@@', 'ution', 'in', 'Ma@@', 'y', ',', 'a', 'first', 'important', 'ex@@', 'ec@@', 'ution', 'in', 'Ma@@', 'y', ',', 'the', 'M@@', 'y', '&apos;s', '&apos;s', 'S@@', 'hin@@', 'z@@', 'o', ',', 'and', 'the', 'economic', 'and', 'social', 'rel@@', 'ations', '.', '</s>']
2025-04-29 18:52:03,107 - INFO - joeynmt.training - 	Source:     Indiens neuer Premierminister Narendra Modi trifft bei seinem ersten wichtigen Auslandsbesuch seit seinem Wahlsieg im Mai seinen japanischen Amtskollegen Shinzo Abe in Toko , um wirtschaftliche und sicherheitspolitische Beziehungen zu besprechen .
2025-04-29 18:52:03,107 - INFO - joeynmt.training - 	Reference:  India &apos;s new prime minister , Narendra Modi , is meeting his Japanese counterpart , Shinzo Abe , in Tokyo to discuss economic and security ties , on his first major foreign visit since winning May &apos;s election .
2025-04-29 18:52:03,107 - INFO - joeynmt.training - 	Hypothesis: India &apos;s premimigration , the first important exchange of his first important exchange in his first important important execution in May , a first important execution in May , the My &apos;s &apos;s Shinzo , and the economic and social relations .
2025-04-29 18:52:03,107 - INFO - joeynmt.training - Example #2
2025-04-29 18:52:03,107 - DEBUG - joeynmt.training - 	Tokenized source:     ['Herr', 'Mo@@', 'd@@', 'i', 'befindet', 'sich', 'auf', 'einer', 'fü@@', 'n@@', 'f@@', 'tä@@', 'gi@@', 'gen', 'Rei@@', 'se', 'nach', 'J@@', 'ap@@', 'an', ',', 'um', 'die', 'wirtschaf@@', 'tlichen', 'Be@@', 'zieh@@', 'ungen', 'mit', 'der', 'd@@', 'rit@@', 't@@', 'größ@@', 'ten', 'Wirtschafts@@', 'n@@', 'ation', 'der', 'Welt', 'zu', 'fes@@', 'tigen', '.']
2025-04-29 18:52:03,107 - DEBUG - joeynmt.training - 	Tokenized reference:  ['Mr', 'Mo@@', 'd@@', 'i', 'is', 'on', 'a', 'fi@@', 've', '@@@', '-@@', '@', 'day', 'tri@@', 'p', 'to', 'J@@', 'ap@@', 'an', 'to', 'streng@@', 'then', 'economic', 'ties', 'with', 'the', 'third', 'lar@@', 'ges@@', 't', 'econom@@', 'y', 'in', 'the', 'world', '.']
2025-04-29 18:52:03,107 - DEBUG - joeynmt.training - 	Tokenized hypothesis: ['Mr', 'Mo@@', 'd@@', 'i', 'is', 'located', 'on', 'a', 'fi@@', 've', 'f@@', 'ying', 'tra@@', 'v@@', 'el', 'in', 'order', 'to', 'make', 'the', 'economic', 'rel@@', 'ations', 'with', 'the', 'third', 'countries', 'of', 'the', 'world', '&apos;s', 'economic', 'rel@@', 'ations', '.', '</s>']
2025-04-29 18:52:03,107 - INFO - joeynmt.training - 	Source:     Herr Modi befindet sich auf einer fünftägigen Reise nach Japan , um die wirtschaftlichen Beziehungen mit der drittgrößten Wirtschaftsnation der Welt zu festigen .
2025-04-29 18:52:03,107 - INFO - joeynmt.training - 	Reference:  Mr Modi is on a five @-@ day trip to Japan to strengthen economic ties with the third largest economy in the world .
2025-04-29 18:52:03,107 - INFO - joeynmt.training - 	Hypothesis: Mr Modi is located on a five fying travel in order to make the economic relations with the third countries of the world &apos;s economic relations .
2025-04-29 18:52:03,107 - INFO - joeynmt.training - Example #3
2025-04-29 18:52:03,107 - DEBUG - joeynmt.training - 	Tokenized source:     ['P@@', 'län@@', 'e', 'für', 'eine', 'stärk@@', 'ere', 'k@@', 'ern@@', 'techn@@', 'ische', 'Zusammenarbeit', 'stehen', 'ganz', 'ob@@', 'en', 'auf', 'der', 'Tag@@', 'es@@', 'ordnung', '.']
2025-04-29 18:52:03,107 - DEBUG - joeynmt.training - 	Tokenized reference:  ['high', 'on', 'the', 'agen@@', 'da', 'are', 'pl@@', 'ans', 'for', 'gre@@', 'ater', 'nu@@', 'clear', 'c@@', 'o', '@@@', '-@@', '@', 'operation', '.']
2025-04-29 18:52:03,107 - DEBUG - joeynmt.training - 	Tokenized hypothesis: ['P@@', 'A@@', 's', 'for', 'a', 'high@@', '-@@', 'level', 'techn@@', 'ical', 'cooperation', 'and', 'co@@', 'sts', 'on', 'the', 'agen@@', 'da', '.', '</s>']
2025-04-29 18:52:03,107 - INFO - joeynmt.training - 	Source:     Pläne für eine stärkere kerntechnische Zusammenarbeit stehen ganz oben auf der Tagesordnung .
2025-04-29 18:52:03,107 - INFO - joeynmt.training - 	Reference:  high on the agenda are plans for greater nuclear co @-@ operation .
2025-04-29 18:52:03,107 - INFO - joeynmt.training - 	Hypothesis: PAs for a high-level technical cooperation and costs on the agenda .
2025-04-29 18:52:03,107 - INFO - joeynmt.training - Example #4
2025-04-29 18:52:03,107 - DEBUG - joeynmt.training - 	Tokenized source:     ['Berich@@', 'ten', 'zu@@', 'fol@@', 'ge', 'ho@@', 'fft', 'Indi@@', 'en', 'darüber', 'hinaus', 'auf', 'einen', 'Ver@@', 'trag', 'zur', 'Ver@@', 'tei@@', 'dig@@', 'ungs@@', 'zusammen@@', 'arbeit', 'zwischen', 'den', 'beiden', 'N@@', 'ationen', '.']
2025-04-29 18:52:03,107 - DEBUG - joeynmt.training - 	Tokenized reference:  ['Indi@@', 'a', 'is', 'also', 're@@', 'porte@@', 'dly', 'hop@@', 'ing', 'for', 'a', 'de@@', 'al', 'on', 'def@@', 'ence', 'c@@', 'oll@@', 'ab@@', 'or@@', 'ation', 'between', 'the', 'two', 'n@@', 'ations', '.']
2025-04-29 18:52:03,107 - DEBUG - joeynmt.training - 	Tokenized hypothesis: ['the', 're@@', 'ports', 'of', 'the', 'con@@', 'dem@@', 'ned', 'a', 'con@@', 'text', 'to', 'a', 'con@@', 'dem@@', 'n', 'a', 'con@@', 'dem@@', 'ned', 'between', 'both', 'both', 'two', 'N@@', 'ations', '.', '</s>']
2025-04-29 18:52:03,107 - INFO - joeynmt.training - 	Source:     Berichten zufolge hofft Indien darüber hinaus auf einen Vertrag zur Verteidigungszusammenarbeit zwischen den beiden Nationen .
2025-04-29 18:52:03,107 - INFO - joeynmt.training - 	Reference:  India is also reportedly hoping for a deal on defence collaboration between the two nations .
2025-04-29 18:52:03,107 - INFO - joeynmt.training - 	Hypothesis: the reports of the condemned a context to a condemn a condemned between both both two Nations .
2025-04-29 18:52:20,097 - INFO - joeynmt.training - Epoch   3, Step:    11600, Batch Loss:     2.043118, Batch Acc: 0.445274, Tokens per Sec:     5432, Lr: 0.000300
2025-04-29 18:52:36,934 - INFO - joeynmt.training - Epoch   3, Step:    11700, Batch Loss:     2.217705, Batch Acc: 0.445535, Tokens per Sec:     5441, Lr: 0.000300
2025-04-29 18:52:53,791 - INFO - joeynmt.training - Epoch   3, Step:    11800, Batch Loss:     2.164933, Batch Acc: 0.444063, Tokens per Sec:     5378, Lr: 0.000300
2025-04-29 18:53:10,837 - INFO - joeynmt.training - Epoch   3, Step:    11900, Batch Loss:     2.025835, Batch Acc: 0.445704, Tokens per Sec:     5414, Lr: 0.000300
2025-04-29 18:53:27,736 - INFO - joeynmt.training - Epoch   3, Step:    12000, Batch Loss:     2.256576, Batch Acc: 0.443112, Tokens per Sec:     5473, Lr: 0.000300
2025-04-29 18:53:27,736 - INFO - joeynmt.prediction - Predicting 500 example(s)... (Greedy decoding with min_output_length=1, max_output_length=-1, return_prob='none', generate_unk=True, repetition_penalty=-1, no_repeat_ngram_size=-1)
2025-04-29 18:53:50,305 - INFO - joeynmt.prediction - Evaluation result (greedy) loss:   2.37, ppl:  10.68, acc:   0.39, generation: 22.5657[sec], evaluation: 0.0000[sec]
2025-04-29 18:53:50,306 - INFO - joeynmt.training - Hooray! New best validation result [ppl]!
2025-04-29 18:53:50,413 - INFO - joeynmt.helpers - delete models/deen_transformer_prenorm/9500.ckpt
2025-04-29 18:53:50,421 - INFO - joeynmt.training - Example #0
2025-04-29 18:53:50,421 - DEBUG - joeynmt.training - 	Tokenized source:     ['die', 'Pre@@', 'mi@@', 'er@@', 'minist@@', 'er', 'Indi@@', 'ens', 'und', 'J@@', 'ap@@', 'ans', 'tra@@', 'fen', 'sich', 'in', 'T@@', 'ok@@', 'i@@', 'o', '.']
2025-04-29 18:53:50,421 - DEBUG - joeynmt.training - 	Tokenized reference:  ['Indi@@', 'a', 'and', 'J@@', 'ap@@', 'an', 'pri@@', 'me', 'minist@@', 'ers', 'me@@', 'et', 'in', 'T@@', 'ok@@', 'y@@', 'o']
2025-04-29 18:53:50,421 - DEBUG - joeynmt.training - 	Tokenized hypothesis: ['the', 'Pre@@', 'mi@@', 'er', 'Indi@@', 'a', 'and', 'J@@', 'ap@@', 'ans', 'are', 'in', 'T@@', 'ok@@', 'i@@', 'o', '.', '</s>']
2025-04-29 18:53:50,421 - INFO - joeynmt.training - 	Source:     die Premierminister Indiens und Japans trafen sich in Tokio .
2025-04-29 18:53:50,421 - INFO - joeynmt.training - 	Reference:  India and Japan prime ministers meet in Tokyo
2025-04-29 18:53:50,421 - INFO - joeynmt.training - 	Hypothesis: the Premier India and Japans are in Tokio .
2025-04-29 18:53:50,421 - INFO - joeynmt.training - Example #1
2025-04-29 18:53:50,421 - DEBUG - joeynmt.training - 	Tokenized source:     ['Indi@@', 'ens', 'neu@@', 'er', 'Pre@@', 'mi@@', 'er@@', 'minist@@', 'er', 'N@@', 'ar@@', 'end@@', 'ra', 'Mo@@', 'd@@', 'i', 'tri@@', 'fft', 'bei', 's@@', 'einem', 'ersten', 'wichti@@', 'gen', 'Aus@@', 'land@@', 's@@', 'bes@@', 'u@@', 'ch', 'seit', 's@@', 'einem', 'W@@', 'ah@@', 'l@@', 'si@@', 'e@@', 'g', 'im', 'Ma@@', 'i', 'seinen', 'j@@', 'ap@@', 'an@@', 'ischen', 'Am@@', 'ts@@', 'k@@', 'olle@@', 'gen', 'S@@', 'hin@@', 'z@@', 'o', 'A@@', 'be', 'in', 'T@@', 'ok@@', 'o', ',', 'um', 'wirtschaf@@', 'tliche', 'und', 'sicher@@', 'heits@@', 'politische', 'Be@@', 'zieh@@', 'ungen', 'zu', 'bes@@', 'pre@@', 'chen', '.']
2025-04-29 18:53:50,421 - DEBUG - joeynmt.training - 	Tokenized reference:  ['Indi@@', 'a', '&apos;s', 'new', 'pri@@', 'me', 'minist@@', 'er', ',', 'N@@', 'ar@@', 'end@@', 'ra', 'Mo@@', 'd@@', 'i', ',', 'is', 'me@@', 'eting', 'his', 'J@@', 'ap@@', 'an@@', 'ese', 'coun@@', 'ter@@', 'part', ',', 'S@@', 'hin@@', 'z@@', 'o', 'A@@', 'be', ',', 'in', 'T@@', 'ok@@', 'y@@', 'o', 'to', 'disc@@', 'uss', 'economic', 'and', 'security', 'ties', ',', 'on', 'his', 'first', 'major', 'fore@@', 'ign', 'visi@@', 't', 'since', 'w@@', 'inn@@', 'ing', 'Ma@@', 'y', '&apos;s', 'elec@@', 'tion', '.']
2025-04-29 18:53:50,421 - DEBUG - joeynmt.training - 	Tokenized hypothesis: ['Indi@@', 'a', '&apos;s', 'new', 'Pre@@', 'mi@@', 'er', 'N@@', 'ar@@', 'end@@', 'ra', 'Mo@@', 'd@@', 'i', ',', 'the', 'first', 'important', 'ex@@', 'tr@@', 'a', ',', 'the', 'first', 'important', 'ex@@', 'ec@@', 'u@@', 'tive', 'of', 'the', 'J@@', 'ap@@', 'an@@', 'ese', ',', 'in', 'Ma@@', 'y', ',', 'the', 'S@@', 'hin@@', 'z@@', 'o', 'A@@', 'in', 'T@@', 'ok@@', 'o', ',', 'to', 'the', 'economic', 'and', 'security', 'of', 'economic', 'rel@@', 'ations', '.', '</s>']
2025-04-29 18:53:50,421 - INFO - joeynmt.training - 	Source:     Indiens neuer Premierminister Narendra Modi trifft bei seinem ersten wichtigen Auslandsbesuch seit seinem Wahlsieg im Mai seinen japanischen Amtskollegen Shinzo Abe in Toko , um wirtschaftliche und sicherheitspolitische Beziehungen zu besprechen .
2025-04-29 18:53:50,421 - INFO - joeynmt.training - 	Reference:  India &apos;s new prime minister , Narendra Modi , is meeting his Japanese counterpart , Shinzo Abe , in Tokyo to discuss economic and security ties , on his first major foreign visit since winning May &apos;s election .
2025-04-29 18:53:50,421 - INFO - joeynmt.training - 	Hypothesis: India &apos;s new Premier Narendra Modi , the first important extra , the first important executive of the Japanese , in May , the Shinzo Ain Toko , to the economic and security of economic relations .
2025-04-29 18:53:50,421 - INFO - joeynmt.training - Example #2
2025-04-29 18:53:50,421 - DEBUG - joeynmt.training - 	Tokenized source:     ['Herr', 'Mo@@', 'd@@', 'i', 'befindet', 'sich', 'auf', 'einer', 'fü@@', 'n@@', 'f@@', 'tä@@', 'gi@@', 'gen', 'Rei@@', 'se', 'nach', 'J@@', 'ap@@', 'an', ',', 'um', 'die', 'wirtschaf@@', 'tlichen', 'Be@@', 'zieh@@', 'ungen', 'mit', 'der', 'd@@', 'rit@@', 't@@', 'größ@@', 'ten', 'Wirtschafts@@', 'n@@', 'ation', 'der', 'Welt', 'zu', 'fes@@', 'tigen', '.']
2025-04-29 18:53:50,421 - DEBUG - joeynmt.training - 	Tokenized reference:  ['Mr', 'Mo@@', 'd@@', 'i', 'is', 'on', 'a', 'fi@@', 've', '@@@', '-@@', '@', 'day', 'tri@@', 'p', 'to', 'J@@', 'ap@@', 'an', 'to', 'streng@@', 'then', 'economic', 'ties', 'with', 'the', 'third', 'lar@@', 'ges@@', 't', 'econom@@', 'y', 'in', 'the', 'world', '.']
2025-04-29 18:53:50,421 - DEBUG - joeynmt.training - 	Tokenized hypothesis: ['Mr', 'Mo@@', 'd@@', 'i', 'is', 'located', 'on', 'a', 'fi@@', 've', 's@@', 'et@@', 'ting', 'tra@@', 'ff@@', 'ic', 'in', 'order', 'to', 'be', 'able', 'to', 'take', 'a', 'di@@', 'st@@', 'af@@', 'f', 'of', 'the', 'world', '.', '</s>']
2025-04-29 18:53:50,421 - INFO - joeynmt.training - 	Source:     Herr Modi befindet sich auf einer fünftägigen Reise nach Japan , um die wirtschaftlichen Beziehungen mit der drittgrößten Wirtschaftsnation der Welt zu festigen .
2025-04-29 18:53:50,421 - INFO - joeynmt.training - 	Reference:  Mr Modi is on a five @-@ day trip to Japan to strengthen economic ties with the third largest economy in the world .
2025-04-29 18:53:50,421 - INFO - joeynmt.training - 	Hypothesis: Mr Modi is located on a five setting traffic in order to be able to take a distaff of the world .
2025-04-29 18:53:50,421 - INFO - joeynmt.training - Example #3
2025-04-29 18:53:50,421 - DEBUG - joeynmt.training - 	Tokenized source:     ['P@@', 'län@@', 'e', 'für', 'eine', 'stärk@@', 'ere', 'k@@', 'ern@@', 'techn@@', 'ische', 'Zusammenarbeit', 'stehen', 'ganz', 'ob@@', 'en', 'auf', 'der', 'Tag@@', 'es@@', 'ordnung', '.']
2025-04-29 18:53:50,421 - DEBUG - joeynmt.training - 	Tokenized reference:  ['high', 'on', 'the', 'agen@@', 'da', 'are', 'pl@@', 'ans', 'for', 'gre@@', 'ater', 'nu@@', 'clear', 'c@@', 'o', '@@@', '-@@', '@', 'operation', '.']
2025-04-29 18:53:50,422 - DEBUG - joeynmt.training - 	Tokenized hypothesis: ['P@@', 'countries', 'are', 'also', 'available', 'for', 'more', 'seri@@', 'ous', 'techn@@', 'ical', 'cooperation', '.', '</s>']
2025-04-29 18:53:50,422 - INFO - joeynmt.training - 	Source:     Pläne für eine stärkere kerntechnische Zusammenarbeit stehen ganz oben auf der Tagesordnung .
2025-04-29 18:53:50,422 - INFO - joeynmt.training - 	Reference:  high on the agenda are plans for greater nuclear co @-@ operation .
2025-04-29 18:53:50,422 - INFO - joeynmt.training - 	Hypothesis: Pcountries are also available for more serious technical cooperation .
2025-04-29 18:53:50,422 - INFO - joeynmt.training - Example #4
2025-04-29 18:53:50,422 - DEBUG - joeynmt.training - 	Tokenized source:     ['Berich@@', 'ten', 'zu@@', 'fol@@', 'ge', 'ho@@', 'fft', 'Indi@@', 'en', 'darüber', 'hinaus', 'auf', 'einen', 'Ver@@', 'trag', 'zur', 'Ver@@', 'tei@@', 'dig@@', 'ungs@@', 'zusammen@@', 'arbeit', 'zwischen', 'den', 'beiden', 'N@@', 'ationen', '.']
2025-04-29 18:53:50,422 - DEBUG - joeynmt.training - 	Tokenized reference:  ['Indi@@', 'a', 'is', 'also', 're@@', 'porte@@', 'dly', 'hop@@', 'ing', 'for', 'a', 'de@@', 'al', 'on', 'def@@', 'ence', 'c@@', 'oll@@', 'ab@@', 'or@@', 'ation', 'between', 'the', 'two', 'n@@', 'ations', '.']
2025-04-29 18:53:50,422 - DEBUG - joeynmt.training - 	Tokenized hypothesis: ['the', 're@@', 'ports', 'of', 'the', 'whole', 'of', 'the', 'con@@', 'text', 'of', 'the', 'con@@', 'text', 'of', 'the', 'two', 'N@@', 'ations', '.', '</s>']
2025-04-29 18:53:50,422 - INFO - joeynmt.training - 	Source:     Berichten zufolge hofft Indien darüber hinaus auf einen Vertrag zur Verteidigungszusammenarbeit zwischen den beiden Nationen .
2025-04-29 18:53:50,422 - INFO - joeynmt.training - 	Reference:  India is also reportedly hoping for a deal on defence collaboration between the two nations .
2025-04-29 18:53:50,422 - INFO - joeynmt.training - 	Hypothesis: the reports of the whole of the context of the context of the two Nations .
2025-04-29 18:54:07,064 - INFO - joeynmt.training - Epoch   3, Step:    12100, Batch Loss:     1.936081, Batch Acc: 0.447347, Tokens per Sec:     5492, Lr: 0.000300
2025-04-29 18:54:22,311 - INFO - joeynmt.training - Epoch   3: total training loss 8738.07
2025-04-29 18:54:22,311 - INFO - joeynmt.training - EPOCH 4
2025-04-29 18:54:23,145 - INFO - joeynmt.training - Epoch   4, Step:    12200, Batch Loss:     2.058398, Batch Acc: 0.458821, Tokens per Sec:     5638, Lr: 0.000300
2025-04-29 18:54:39,259 - INFO - joeynmt.training - Epoch   4, Step:    12300, Batch Loss:     1.967455, Batch Acc: 0.465672, Tokens per Sec:     5735, Lr: 0.000300
2025-04-29 18:54:55,313 - INFO - joeynmt.training - Epoch   4, Step:    12400, Batch Loss:     2.215027, Batch Acc: 0.463000, Tokens per Sec:     5744, Lr: 0.000300
2025-04-29 18:55:11,341 - INFO - joeynmt.training - Epoch   4, Step:    12500, Batch Loss:     2.148460, Batch Acc: 0.465834, Tokens per Sec:     5758, Lr: 0.000300
2025-04-29 18:55:11,341 - INFO - joeynmt.prediction - Predicting 500 example(s)... (Greedy decoding with min_output_length=1, max_output_length=-1, return_prob='none', generate_unk=True, repetition_penalty=-1, no_repeat_ngram_size=-1)
2025-04-29 18:55:42,129 - INFO - joeynmt.prediction - Evaluation result (greedy) loss:   2.35, ppl:  10.52, acc:   0.40, generation: 30.7835[sec], evaluation: 0.0000[sec]
2025-04-29 18:55:42,130 - INFO - joeynmt.training - Hooray! New best validation result [ppl]!
2025-04-29 18:55:42,207 - INFO - joeynmt.helpers - delete models/deen_transformer_prenorm/10000.ckpt
2025-04-29 18:55:42,218 - INFO - joeynmt.training - Example #0
2025-04-29 18:55:42,218 - DEBUG - joeynmt.training - 	Tokenized source:     ['die', 'Pre@@', 'mi@@', 'er@@', 'minist@@', 'er', 'Indi@@', 'ens', 'und', 'J@@', 'ap@@', 'ans', 'tra@@', 'fen', 'sich', 'in', 'T@@', 'ok@@', 'i@@', 'o', '.']
2025-04-29 18:55:42,218 - DEBUG - joeynmt.training - 	Tokenized reference:  ['Indi@@', 'a', 'and', 'J@@', 'ap@@', 'an', 'pri@@', 'me', 'minist@@', 'ers', 'me@@', 'et', 'in', 'T@@', 'ok@@', 'y@@', 'o']
2025-04-29 18:55:42,218 - DEBUG - joeynmt.training - 	Tokenized hypothesis: ['the', 'Pri@@', 'me', 'Minist@@', 'er', 'Indi@@', 'a', 'and', 'J@@', 'ap@@', 'ans', ',', 'the', 'Pri@@', 'me', 'Minist@@', 'ers', 'and', 'J@@', 'ap@@', 'ans', '.', '</s>']
2025-04-29 18:55:42,218 - INFO - joeynmt.training - 	Source:     die Premierminister Indiens und Japans trafen sich in Tokio .
2025-04-29 18:55:42,218 - INFO - joeynmt.training - 	Reference:  India and Japan prime ministers meet in Tokyo
2025-04-29 18:55:42,218 - INFO - joeynmt.training - 	Hypothesis: the Prime Minister India and Japans , the Prime Ministers and Japans .
2025-04-29 18:55:42,218 - INFO - joeynmt.training - Example #1
2025-04-29 18:55:42,218 - DEBUG - joeynmt.training - 	Tokenized source:     ['Indi@@', 'ens', 'neu@@', 'er', 'Pre@@', 'mi@@', 'er@@', 'minist@@', 'er', 'N@@', 'ar@@', 'end@@', 'ra', 'Mo@@', 'd@@', 'i', 'tri@@', 'fft', 'bei', 's@@', 'einem', 'ersten', 'wichti@@', 'gen', 'Aus@@', 'land@@', 's@@', 'bes@@', 'u@@', 'ch', 'seit', 's@@', 'einem', 'W@@', 'ah@@', 'l@@', 'si@@', 'e@@', 'g', 'im', 'Ma@@', 'i', 'seinen', 'j@@', 'ap@@', 'an@@', 'ischen', 'Am@@', 'ts@@', 'k@@', 'olle@@', 'gen', 'S@@', 'hin@@', 'z@@', 'o', 'A@@', 'be', 'in', 'T@@', 'ok@@', 'o', ',', 'um', 'wirtschaf@@', 'tliche', 'und', 'sicher@@', 'heits@@', 'politische', 'Be@@', 'zieh@@', 'ungen', 'zu', 'bes@@', 'pre@@', 'chen', '.']
2025-04-29 18:55:42,219 - DEBUG - joeynmt.training - 	Tokenized reference:  ['Indi@@', 'a', '&apos;s', 'new', 'pri@@', 'me', 'minist@@', 'er', ',', 'N@@', 'ar@@', 'end@@', 'ra', 'Mo@@', 'd@@', 'i', ',', 'is', 'me@@', 'eting', 'his', 'J@@', 'ap@@', 'an@@', 'ese', 'coun@@', 'ter@@', 'part', ',', 'S@@', 'hin@@', 'z@@', 'o', 'A@@', 'be', ',', 'in', 'T@@', 'ok@@', 'y@@', 'o', 'to', 'disc@@', 'uss', 'economic', 'and', 'security', 'ties', ',', 'on', 'his', 'first', 'major', 'fore@@', 'ign', 'visi@@', 't', 'since', 'w@@', 'inn@@', 'ing', 'Ma@@', 'y', '&apos;s', 'elec@@', 'tion', '.']
2025-04-29 18:55:42,219 - DEBUG - joeynmt.training - 	Tokenized hypothesis: ['Indi@@', 'a', ',', 'as', 'a', 'new', 'Pre@@', 'mi@@', 'er', 'N@@', 'ar@@', 'end@@', 'ra', 'Mo@@', 'd@@', 'i', ',', 'a', 'first', 'important', 're@@', 'f@@', 'use', 'of', 'his', 'first', 'important', 're@@', 'f@@', 'use', 'in', 'Ma@@', 'y', ',', 'in', 'Ma@@', 'y', ',', 'the', 'M@@', 'ap@@', 'an@@', 'ese', 'A@@', 'be', ',', 'in', 'Ma@@', 'y', ',', 'and', 'the', 'F@@', 'e@@', 'der@@', 'al', 'A@@', 'be', 'in', 'T@@', 'ok@@', 'o', ',', 'to', 'the', 'economic', 'and', 'political', 'rel@@', 'ations', '.', '</s>']
2025-04-29 18:55:42,219 - INFO - joeynmt.training - 	Source:     Indiens neuer Premierminister Narendra Modi trifft bei seinem ersten wichtigen Auslandsbesuch seit seinem Wahlsieg im Mai seinen japanischen Amtskollegen Shinzo Abe in Toko , um wirtschaftliche und sicherheitspolitische Beziehungen zu besprechen .
2025-04-29 18:55:42,219 - INFO - joeynmt.training - 	Reference:  India &apos;s new prime minister , Narendra Modi , is meeting his Japanese counterpart , Shinzo Abe , in Tokyo to discuss economic and security ties , on his first major foreign visit since winning May &apos;s election .
2025-04-29 18:55:42,219 - INFO - joeynmt.training - 	Hypothesis: India , as a new Premier Narendra Modi , a first important refuse of his first important refuse in May , in May , the Mapanese Abe , in May , and the Federal Abe in Toko , to the economic and political relations .
2025-04-29 18:55:42,219 - INFO - joeynmt.training - Example #2
2025-04-29 18:55:42,219 - DEBUG - joeynmt.training - 	Tokenized source:     ['Herr', 'Mo@@', 'd@@', 'i', 'befindet', 'sich', 'auf', 'einer', 'fü@@', 'n@@', 'f@@', 'tä@@', 'gi@@', 'gen', 'Rei@@', 'se', 'nach', 'J@@', 'ap@@', 'an', ',', 'um', 'die', 'wirtschaf@@', 'tlichen', 'Be@@', 'zieh@@', 'ungen', 'mit', 'der', 'd@@', 'rit@@', 't@@', 'größ@@', 'ten', 'Wirtschafts@@', 'n@@', 'ation', 'der', 'Welt', 'zu', 'fes@@', 'tigen', '.']
2025-04-29 18:55:42,219 - DEBUG - joeynmt.training - 	Tokenized reference:  ['Mr', 'Mo@@', 'd@@', 'i', 'is', 'on', 'a', 'fi@@', 've', '@@@', '-@@', '@', 'day', 'tri@@', 'p', 'to', 'J@@', 'ap@@', 'an', 'to', 'streng@@', 'then', 'economic', 'ties', 'with', 'the', 'third', 'lar@@', 'ges@@', 't', 'econom@@', 'y', 'in', 'the', 'world', '.']
2025-04-29 18:55:42,219 - DEBUG - joeynmt.training - 	Tokenized hypothesis: ['Mr', 'Mo@@', 'd@@', 'i', 'is', 'located', 'on', 'a', 'fi@@', 've', 'tra@@', 'v@@', 'el', 'in', 'the', 'world', ',', 'to', 'J@@', 'ap@@', 'an', 'to', 'the', 'economic', 'rel@@', 'ations', 'with', 'the', 'third', 'world', '&apos;s', 'economic', 'rel@@', 'ations', '.', '</s>']
2025-04-29 18:55:42,219 - INFO - joeynmt.training - 	Source:     Herr Modi befindet sich auf einer fünftägigen Reise nach Japan , um die wirtschaftlichen Beziehungen mit der drittgrößten Wirtschaftsnation der Welt zu festigen .
2025-04-29 18:55:42,219 - INFO - joeynmt.training - 	Reference:  Mr Modi is on a five @-@ day trip to Japan to strengthen economic ties with the third largest economy in the world .
2025-04-29 18:55:42,219 - INFO - joeynmt.training - 	Hypothesis: Mr Modi is located on a five travel in the world , to Japan to the economic relations with the third world &apos;s economic relations .
2025-04-29 18:55:42,219 - INFO - joeynmt.training - Example #3
2025-04-29 18:55:42,219 - DEBUG - joeynmt.training - 	Tokenized source:     ['P@@', 'län@@', 'e', 'für', 'eine', 'stärk@@', 'ere', 'k@@', 'ern@@', 'techn@@', 'ische', 'Zusammenarbeit', 'stehen', 'ganz', 'ob@@', 'en', 'auf', 'der', 'Tag@@', 'es@@', 'ordnung', '.']
2025-04-29 18:55:42,219 - DEBUG - joeynmt.training - 	Tokenized reference:  ['high', 'on', 'the', 'agen@@', 'da', 'are', 'pl@@', 'ans', 'for', 'gre@@', 'ater', 'nu@@', 'clear', 'c@@', 'o', '@@@', '-@@', '@', 'operation', '.']
2025-04-29 18:55:42,219 - DEBUG - joeynmt.training - 	Tokenized hypothesis: ['P@@', 'lon@@', 'g@@', '-@@', 'term', 'cooperation', 'are', 'more', 'more', 'than', 'more', 'c@@', 'are@@', 'ful', 'and', 'more', 're@@', 'p@@', 'ut@@', 'ation', '.', '</s>']
2025-04-29 18:55:42,219 - INFO - joeynmt.training - 	Source:     Pläne für eine stärkere kerntechnische Zusammenarbeit stehen ganz oben auf der Tagesordnung .
2025-04-29 18:55:42,219 - INFO - joeynmt.training - 	Reference:  high on the agenda are plans for greater nuclear co @-@ operation .
2025-04-29 18:55:42,219 - INFO - joeynmt.training - 	Hypothesis: Plong-term cooperation are more more than more careful and more reputation .
2025-04-29 18:55:42,219 - INFO - joeynmt.training - Example #4
2025-04-29 18:55:42,219 - DEBUG - joeynmt.training - 	Tokenized source:     ['Berich@@', 'ten', 'zu@@', 'fol@@', 'ge', 'ho@@', 'fft', 'Indi@@', 'en', 'darüber', 'hinaus', 'auf', 'einen', 'Ver@@', 'trag', 'zur', 'Ver@@', 'tei@@', 'dig@@', 'ungs@@', 'zusammen@@', 'arbeit', 'zwischen', 'den', 'beiden', 'N@@', 'ationen', '.']
2025-04-29 18:55:42,219 - DEBUG - joeynmt.training - 	Tokenized reference:  ['Indi@@', 'a', 'is', 'also', 're@@', 'porte@@', 'dly', 'hop@@', 'ing', 'for', 'a', 'de@@', 'al', 'on', 'def@@', 'ence', 'c@@', 'oll@@', 'ab@@', 'or@@', 'ation', 'between', 'the', 'two', 'n@@', 'ations', '.']
2025-04-29 18:55:42,219 - DEBUG - joeynmt.training - 	Tokenized hypothesis: ['it', 'is', 'also', 'a', 'great', 'de@@', 'al', 'of', 'Indi@@', 'a', '&apos;s', 'contri@@', 'bution', 'to', 'a', 'Tre@@', 'aty', 'on', 'dig@@', 'ital', 'work', 'with', 'the', 'two', 'N@@', 'ations', '.', '</s>']
2025-04-29 18:55:42,219 - INFO - joeynmt.training - 	Source:     Berichten zufolge hofft Indien darüber hinaus auf einen Vertrag zur Verteidigungszusammenarbeit zwischen den beiden Nationen .
2025-04-29 18:55:42,219 - INFO - joeynmt.training - 	Reference:  India is also reportedly hoping for a deal on defence collaboration between the two nations .
2025-04-29 18:55:42,219 - INFO - joeynmt.training - 	Hypothesis: it is also a great deal of India &apos;s contribution to a Treaty on digital work with the two Nations .
2025-04-29 18:55:58,473 - INFO - joeynmt.training - Epoch   4, Step:    12600, Batch Loss:     1.950973, Batch Acc: 0.462964, Tokens per Sec:     5660, Lr: 0.000300
2025-04-29 18:56:14,488 - INFO - joeynmt.training - Epoch   4, Step:    12700, Batch Loss:     1.958425, Batch Acc: 0.463842, Tokens per Sec:     5644, Lr: 0.000300
2025-04-29 18:56:30,711 - INFO - joeynmt.training - Epoch   4, Step:    12800, Batch Loss:     1.777424, Batch Acc: 0.463300, Tokens per Sec:     5659, Lr: 0.000300
2025-04-29 18:56:46,668 - INFO - joeynmt.training - Epoch   4, Step:    12900, Batch Loss:     1.839866, Batch Acc: 0.468829, Tokens per Sec:     5741, Lr: 0.000300
2025-04-29 18:57:02,774 - INFO - joeynmt.training - Epoch   4, Step:    13000, Batch Loss:     2.127256, Batch Acc: 0.465086, Tokens per Sec:     5670, Lr: 0.000300
2025-04-29 18:57:02,774 - INFO - joeynmt.prediction - Predicting 500 example(s)... (Greedy decoding with min_output_length=1, max_output_length=-1, return_prob='none', generate_unk=True, repetition_penalty=-1, no_repeat_ngram_size=-1)
2025-04-29 18:57:37,060 - INFO - joeynmt.prediction - Evaluation result (greedy) loss:   2.34, ppl:  10.39, acc:   0.41, generation: 34.2820[sec], evaluation: 0.0000[sec]
2025-04-29 18:57:37,062 - INFO - joeynmt.training - Hooray! New best validation result [ppl]!
2025-04-29 18:57:37,139 - INFO - joeynmt.helpers - delete models/deen_transformer_prenorm/10500.ckpt
2025-04-29 18:57:37,146 - INFO - joeynmt.training - Example #0
2025-04-29 18:57:37,146 - DEBUG - joeynmt.training - 	Tokenized source:     ['die', 'Pre@@', 'mi@@', 'er@@', 'minist@@', 'er', 'Indi@@', 'ens', 'und', 'J@@', 'ap@@', 'ans', 'tra@@', 'fen', 'sich', 'in', 'T@@', 'ok@@', 'i@@', 'o', '.']
2025-04-29 18:57:37,146 - DEBUG - joeynmt.training - 	Tokenized reference:  ['Indi@@', 'a', 'and', 'J@@', 'ap@@', 'an', 'pri@@', 'me', 'minist@@', 'ers', 'me@@', 'et', 'in', 'T@@', 'ok@@', 'y@@', 'o']
2025-04-29 18:57:37,147 - DEBUG - joeynmt.training - 	Tokenized hypothesis: ['the', 'pri@@', 'mi@@', 'er@@', 'ate', 'Pri@@', 'me', 'Minist@@', 'er', 'and', 'J@@', 'ap@@', 'ans', 'in', 'T@@', 'ok@@', 'i@@', 'o', '.', '</s>']
2025-04-29 18:57:37,147 - INFO - joeynmt.training - 	Source:     die Premierminister Indiens und Japans trafen sich in Tokio .
2025-04-29 18:57:37,147 - INFO - joeynmt.training - 	Reference:  India and Japan prime ministers meet in Tokyo
2025-04-29 18:57:37,147 - INFO - joeynmt.training - 	Hypothesis: the primierate Prime Minister and Japans in Tokio .
2025-04-29 18:57:37,147 - INFO - joeynmt.training - Example #1
2025-04-29 18:57:37,147 - DEBUG - joeynmt.training - 	Tokenized source:     ['Indi@@', 'ens', 'neu@@', 'er', 'Pre@@', 'mi@@', 'er@@', 'minist@@', 'er', 'N@@', 'ar@@', 'end@@', 'ra', 'Mo@@', 'd@@', 'i', 'tri@@', 'fft', 'bei', 's@@', 'einem', 'ersten', 'wichti@@', 'gen', 'Aus@@', 'land@@', 's@@', 'bes@@', 'u@@', 'ch', 'seit', 's@@', 'einem', 'W@@', 'ah@@', 'l@@', 'si@@', 'e@@', 'g', 'im', 'Ma@@', 'i', 'seinen', 'j@@', 'ap@@', 'an@@', 'ischen', 'Am@@', 'ts@@', 'k@@', 'olle@@', 'gen', 'S@@', 'hin@@', 'z@@', 'o', 'A@@', 'be', 'in', 'T@@', 'ok@@', 'o', ',', 'um', 'wirtschaf@@', 'tliche', 'und', 'sicher@@', 'heits@@', 'politische', 'Be@@', 'zieh@@', 'ungen', 'zu', 'bes@@', 'pre@@', 'chen', '.']
2025-04-29 18:57:37,147 - DEBUG - joeynmt.training - 	Tokenized reference:  ['Indi@@', 'a', '&apos;s', 'new', 'pri@@', 'me', 'minist@@', 'er', ',', 'N@@', 'ar@@', 'end@@', 'ra', 'Mo@@', 'd@@', 'i', ',', 'is', 'me@@', 'eting', 'his', 'J@@', 'ap@@', 'an@@', 'ese', 'coun@@', 'ter@@', 'part', ',', 'S@@', 'hin@@', 'z@@', 'o', 'A@@', 'be', ',', 'in', 'T@@', 'ok@@', 'y@@', 'o', 'to', 'disc@@', 'uss', 'economic', 'and', 'security', 'ties', ',', 'on', 'his', 'first', 'major', 'fore@@', 'ign', 'visi@@', 't', 'since', 'w@@', 'inn@@', 'ing', 'Ma@@', 'y', '&apos;s', 'elec@@', 'tion', '.']
2025-04-29 18:57:37,147 - DEBUG - joeynmt.training - 	Tokenized hypothesis: ['Indi@@', 'a', '&apos;s', 'Pre@@', 'mi@@', 'er@@', 'ate', 'Pre@@', 'mi@@', 'er@@', 'ate', 'for', 'his', 'first', 'important', 'in', 'the', 'first', 'important', 'important', 'ex@@', 't@@', 'ent', ',', 'he', 'was', 'a', 's@@', 'po@@', 'ken', 'of', 'his', 'yo@@', 'ung', 'people', 'in', 'Ma@@', 'y', ',', 'in', 'Ma@@', 'y', ',', 'the', 'S@@', 'hin@@', 'z@@', 'o', 'A@@', 'in', 'T@@', 'ok@@', 'o', 'A@@', 'be', 'in', 'T@@', 'ok@@', 'o', 'to', 'the', 'A@@', 'be', 'in', 'the', 'Ma@@', 'y', '.', '</s>']
2025-04-29 18:57:37,147 - INFO - joeynmt.training - 	Source:     Indiens neuer Premierminister Narendra Modi trifft bei seinem ersten wichtigen Auslandsbesuch seit seinem Wahlsieg im Mai seinen japanischen Amtskollegen Shinzo Abe in Toko , um wirtschaftliche und sicherheitspolitische Beziehungen zu besprechen .
2025-04-29 18:57:37,147 - INFO - joeynmt.training - 	Reference:  India &apos;s new prime minister , Narendra Modi , is meeting his Japanese counterpart , Shinzo Abe , in Tokyo to discuss economic and security ties , on his first major foreign visit since winning May &apos;s election .
2025-04-29 18:57:37,147 - INFO - joeynmt.training - 	Hypothesis: India &apos;s Premierate Premierate for his first important in the first important important extent , he was a spoken of his young people in May , in May , the Shinzo Ain Toko Abe in Toko to the Abe in the May .
2025-04-29 18:57:37,147 - INFO - joeynmt.training - Example #2
2025-04-29 18:57:37,147 - DEBUG - joeynmt.training - 	Tokenized source:     ['Herr', 'Mo@@', 'd@@', 'i', 'befindet', 'sich', 'auf', 'einer', 'fü@@', 'n@@', 'f@@', 'tä@@', 'gi@@', 'gen', 'Rei@@', 'se', 'nach', 'J@@', 'ap@@', 'an', ',', 'um', 'die', 'wirtschaf@@', 'tlichen', 'Be@@', 'zieh@@', 'ungen', 'mit', 'der', 'd@@', 'rit@@', 't@@', 'größ@@', 'ten', 'Wirtschafts@@', 'n@@', 'ation', 'der', 'Welt', 'zu', 'fes@@', 'tigen', '.']
2025-04-29 18:57:37,147 - DEBUG - joeynmt.training - 	Tokenized reference:  ['Mr', 'Mo@@', 'd@@', 'i', 'is', 'on', 'a', 'fi@@', 've', '@@@', '-@@', '@', 'day', 'tri@@', 'p', 'to', 'J@@', 'ap@@', 'an', 'to', 'streng@@', 'then', 'economic', 'ties', 'with', 'the', 'third', 'lar@@', 'ges@@', 't', 'econom@@', 'y', 'in', 'the', 'world', '.']
2025-04-29 18:57:37,147 - DEBUG - joeynmt.training - 	Tokenized hypothesis: ['Mr', 'Mo@@', 'd@@', 'i', 'is', 'located', 'on', 'a', 'fi@@', 've', 's@@', 'po@@', 'ken', 'of', 'J@@', 'ap@@', 'an', 'to', 'J@@', 'ap@@', 'an', 'to', 'pro@@', 'duce', 'economic', 'rel@@', 'ations', 'with', 'the', 'third', 'world', '.', '</s>']
2025-04-29 18:57:37,147 - INFO - joeynmt.training - 	Source:     Herr Modi befindet sich auf einer fünftägigen Reise nach Japan , um die wirtschaftlichen Beziehungen mit der drittgrößten Wirtschaftsnation der Welt zu festigen .
2025-04-29 18:57:37,147 - INFO - joeynmt.training - 	Reference:  Mr Modi is on a five @-@ day trip to Japan to strengthen economic ties with the third largest economy in the world .
2025-04-29 18:57:37,147 - INFO - joeynmt.training - 	Hypothesis: Mr Modi is located on a five spoken of Japan to Japan to produce economic relations with the third world .
2025-04-29 18:57:37,147 - INFO - joeynmt.training - Example #3
2025-04-29 18:57:37,147 - DEBUG - joeynmt.training - 	Tokenized source:     ['P@@', 'län@@', 'e', 'für', 'eine', 'stärk@@', 'ere', 'k@@', 'ern@@', 'techn@@', 'ische', 'Zusammenarbeit', 'stehen', 'ganz', 'ob@@', 'en', 'auf', 'der', 'Tag@@', 'es@@', 'ordnung', '.']
2025-04-29 18:57:37,147 - DEBUG - joeynmt.training - 	Tokenized reference:  ['high', 'on', 'the', 'agen@@', 'da', 'are', 'pl@@', 'ans', 'for', 'gre@@', 'ater', 'nu@@', 'clear', 'c@@', 'o', '@@@', '-@@', '@', 'operation', '.']
2025-04-29 18:57:37,147 - DEBUG - joeynmt.training - 	Tokenized hypothesis: ['P@@', 's', 'for', 'a', 'more', 'seri@@', 'ous', 'techn@@', 'ical', 'cooperation', 'is', 'very', 'much', 'to', 'the', 'agen@@', 'da', '.', '</s>']
2025-04-29 18:57:37,147 - INFO - joeynmt.training - 	Source:     Pläne für eine stärkere kerntechnische Zusammenarbeit stehen ganz oben auf der Tagesordnung .
2025-04-29 18:57:37,147 - INFO - joeynmt.training - 	Reference:  high on the agenda are plans for greater nuclear co @-@ operation .
2025-04-29 18:57:37,147 - INFO - joeynmt.training - 	Hypothesis: Ps for a more serious technical cooperation is very much to the agenda .
2025-04-29 18:57:37,147 - INFO - joeynmt.training - Example #4
2025-04-29 18:57:37,147 - DEBUG - joeynmt.training - 	Tokenized source:     ['Berich@@', 'ten', 'zu@@', 'fol@@', 'ge', 'ho@@', 'fft', 'Indi@@', 'en', 'darüber', 'hinaus', 'auf', 'einen', 'Ver@@', 'trag', 'zur', 'Ver@@', 'tei@@', 'dig@@', 'ungs@@', 'zusammen@@', 'arbeit', 'zwischen', 'den', 'beiden', 'N@@', 'ationen', '.']
2025-04-29 18:57:37,147 - DEBUG - joeynmt.training - 	Tokenized reference:  ['Indi@@', 'a', 'is', 'also', 're@@', 'porte@@', 'dly', 'hop@@', 'ing', 'for', 'a', 'de@@', 'al', 'on', 'def@@', 'ence', 'c@@', 'oll@@', 'ab@@', 'or@@', 'ation', 'between', 'the', 'two', 'n@@', 'ations', '.']
2025-04-29 18:57:37,147 - DEBUG - joeynmt.training - 	Tokenized hypothesis: ['the', 're@@', 'ports', 'of', 'Indi@@', 'a', '&apos;s', 'also', 'also', 'to', 'a', 'con@@', 'dem@@', 'n', 'a', 'Tre@@', 'aty', 'on', 'the', 'con@@', 'dem@@', 'n', 'the', 'two', 'N@@', 'ations', '.', '</s>']
2025-04-29 18:57:37,148 - INFO - joeynmt.training - 	Source:     Berichten zufolge hofft Indien darüber hinaus auf einen Vertrag zur Verteidigungszusammenarbeit zwischen den beiden Nationen .
2025-04-29 18:57:37,148 - INFO - joeynmt.training - 	Reference:  India is also reportedly hoping for a deal on defence collaboration between the two nations .
2025-04-29 18:57:37,148 - INFO - joeynmt.training - 	Hypothesis: the reports of India &apos;s also also to a condemn a Treaty on the condemn the two Nations .
2025-04-29 18:57:53,269 - INFO - joeynmt.training - Epoch   4, Step:    13100, Batch Loss:     2.098378, Batch Acc: 0.467196, Tokens per Sec:     5666, Lr: 0.000300
2025-04-29 18:58:10,003 - INFO - joeynmt.training - Epoch   4, Step:    13200, Batch Loss:     2.006542, Batch Acc: 0.470821, Tokens per Sec:     5486, Lr: 0.000300
2025-04-29 18:58:26,890 - INFO - joeynmt.training - Epoch   4, Step:    13300, Batch Loss:     2.062478, Batch Acc: 0.467572, Tokens per Sec:     5427, Lr: 0.000300
2025-04-29 18:58:43,503 - INFO - joeynmt.training - Epoch   4, Step:    13400, Batch Loss:     1.983506, Batch Acc: 0.469664, Tokens per Sec:     5508, Lr: 0.000300
2025-04-29 18:58:59,737 - INFO - joeynmt.training - Epoch   4, Step:    13500, Batch Loss:     2.296806, Batch Acc: 0.469775, Tokens per Sec:     5683, Lr: 0.000300
2025-04-29 18:58:59,738 - INFO - joeynmt.prediction - Predicting 500 example(s)... (Greedy decoding with min_output_length=1, max_output_length=-1, return_prob='none', generate_unk=True, repetition_penalty=-1, no_repeat_ngram_size=-1)
2025-04-29 18:59:25,067 - INFO - joeynmt.prediction - Evaluation result (greedy) loss:   2.32, ppl:  10.20, acc:   0.40, generation: 25.3258[sec], evaluation: 0.0000[sec]
2025-04-29 18:59:25,068 - INFO - joeynmt.training - Hooray! New best validation result [ppl]!
2025-04-29 18:59:25,152 - INFO - joeynmt.helpers - delete models/deen_transformer_prenorm/11000.ckpt
2025-04-29 18:59:25,159 - INFO - joeynmt.training - Example #0
2025-04-29 18:59:25,159 - DEBUG - joeynmt.training - 	Tokenized source:     ['die', 'Pre@@', 'mi@@', 'er@@', 'minist@@', 'er', 'Indi@@', 'ens', 'und', 'J@@', 'ap@@', 'ans', 'tra@@', 'fen', 'sich', 'in', 'T@@', 'ok@@', 'i@@', 'o', '.']
2025-04-29 18:59:25,159 - DEBUG - joeynmt.training - 	Tokenized reference:  ['Indi@@', 'a', 'and', 'J@@', 'ap@@', 'an', 'pri@@', 'me', 'minist@@', 'ers', 'me@@', 'et', 'in', 'T@@', 'ok@@', 'y@@', 'o']
2025-04-29 18:59:25,159 - DEBUG - joeynmt.training - 	Tokenized hypothesis: ['the', 'Pri@@', 'me', 'Minist@@', 'er', 'Indi@@', 'a', 'and', 'J@@', 'ap@@', 'ans', 'are', 'in', 'T@@', 'ok@@', 'i@@', 'o', '.', '</s>']
2025-04-29 18:59:25,160 - INFO - joeynmt.training - 	Source:     die Premierminister Indiens und Japans trafen sich in Tokio .
2025-04-29 18:59:25,160 - INFO - joeynmt.training - 	Reference:  India and Japan prime ministers meet in Tokyo
2025-04-29 18:59:25,160 - INFO - joeynmt.training - 	Hypothesis: the Prime Minister India and Japans are in Tokio .
2025-04-29 18:59:25,160 - INFO - joeynmt.training - Example #1
2025-04-29 18:59:25,160 - DEBUG - joeynmt.training - 	Tokenized source:     ['Indi@@', 'ens', 'neu@@', 'er', 'Pre@@', 'mi@@', 'er@@', 'minist@@', 'er', 'N@@', 'ar@@', 'end@@', 'ra', 'Mo@@', 'd@@', 'i', 'tri@@', 'fft', 'bei', 's@@', 'einem', 'ersten', 'wichti@@', 'gen', 'Aus@@', 'land@@', 's@@', 'bes@@', 'u@@', 'ch', 'seit', 's@@', 'einem', 'W@@', 'ah@@', 'l@@', 'si@@', 'e@@', 'g', 'im', 'Ma@@', 'i', 'seinen', 'j@@', 'ap@@', 'an@@', 'ischen', 'Am@@', 'ts@@', 'k@@', 'olle@@', 'gen', 'S@@', 'hin@@', 'z@@', 'o', 'A@@', 'be', 'in', 'T@@', 'ok@@', 'o', ',', 'um', 'wirtschaf@@', 'tliche', 'und', 'sicher@@', 'heits@@', 'politische', 'Be@@', 'zieh@@', 'ungen', 'zu', 'bes@@', 'pre@@', 'chen', '.']
2025-04-29 18:59:25,160 - DEBUG - joeynmt.training - 	Tokenized reference:  ['Indi@@', 'a', '&apos;s', 'new', 'pri@@', 'me', 'minist@@', 'er', ',', 'N@@', 'ar@@', 'end@@', 'ra', 'Mo@@', 'd@@', 'i', ',', 'is', 'me@@', 'eting', 'his', 'J@@', 'ap@@', 'an@@', 'ese', 'coun@@', 'ter@@', 'part', ',', 'S@@', 'hin@@', 'z@@', 'o', 'A@@', 'be', ',', 'in', 'T@@', 'ok@@', 'y@@', 'o', 'to', 'disc@@', 'uss', 'economic', 'and', 'security', 'ties', ',', 'on', 'his', 'first', 'major', 'fore@@', 'ign', 'visi@@', 't', 'since', 'w@@', 'inn@@', 'ing', 'Ma@@', 'y', '&apos;s', 'elec@@', 'tion', '.']
2025-04-29 18:59:25,160 - DEBUG - joeynmt.training - 	Tokenized hypothesis: ['Indi@@', 'a', '&apos;s', 'new', 'Pre@@', 'mi@@', 'er', 'N@@', 'ar@@', 'end@@', 'ra', 'Mo@@', 'd@@', 'i', 'is', 'a', 'first', 'important', 'for', 'his', 'first', 'important', 'el@@', 'ements', 'in', 'his', 'first', 'important', 'to', 'the', 'S@@', 'hin@@', 'z@@', 'o', 'A@@', 'in', 'T@@', 'ok@@', 'o', 'A@@', 'be', 'in', 'T@@', 'ok@@', 'o', ',', 'as', 'a', 'result', 'of', 'the', 'A@@', 'be', 'in', 'T@@', 'ok@@', 'o', ',', 'to', 'be', 'a', 'pro@@', 'per@@', 'ty', 'of', 'the', 'S@@', 'hin@@', 'z@@', 'o', '.', '</s>']
2025-04-29 18:59:25,160 - INFO - joeynmt.training - 	Source:     Indiens neuer Premierminister Narendra Modi trifft bei seinem ersten wichtigen Auslandsbesuch seit seinem Wahlsieg im Mai seinen japanischen Amtskollegen Shinzo Abe in Toko , um wirtschaftliche und sicherheitspolitische Beziehungen zu besprechen .
2025-04-29 18:59:25,160 - INFO - joeynmt.training - 	Reference:  India &apos;s new prime minister , Narendra Modi , is meeting his Japanese counterpart , Shinzo Abe , in Tokyo to discuss economic and security ties , on his first major foreign visit since winning May &apos;s election .
2025-04-29 18:59:25,160 - INFO - joeynmt.training - 	Hypothesis: India &apos;s new Premier Narendra Modi is a first important for his first important elements in his first important to the Shinzo Ain Toko Abe in Toko , as a result of the Abe in Toko , to be a property of the Shinzo .
2025-04-29 18:59:25,160 - INFO - joeynmt.training - Example #2
2025-04-29 18:59:25,160 - DEBUG - joeynmt.training - 	Tokenized source:     ['Herr', 'Mo@@', 'd@@', 'i', 'befindet', 'sich', 'auf', 'einer', 'fü@@', 'n@@', 'f@@', 'tä@@', 'gi@@', 'gen', 'Rei@@', 'se', 'nach', 'J@@', 'ap@@', 'an', ',', 'um', 'die', 'wirtschaf@@', 'tlichen', 'Be@@', 'zieh@@', 'ungen', 'mit', 'der', 'd@@', 'rit@@', 't@@', 'größ@@', 'ten', 'Wirtschafts@@', 'n@@', 'ation', 'der', 'Welt', 'zu', 'fes@@', 'tigen', '.']
2025-04-29 18:59:25,160 - DEBUG - joeynmt.training - 	Tokenized reference:  ['Mr', 'Mo@@', 'd@@', 'i', 'is', 'on', 'a', 'fi@@', 've', '@@@', '-@@', '@', 'day', 'tri@@', 'p', 'to', 'J@@', 'ap@@', 'an', 'to', 'streng@@', 'then', 'economic', 'ties', 'with', 'the', 'third', 'lar@@', 'ges@@', 't', 'econom@@', 'y', 'in', 'the', 'world', '.']
2025-04-29 18:59:25,160 - DEBUG - joeynmt.training - 	Tokenized hypothesis: ['Mr', 'Mo@@', 'd@@', 'i', 'is', 'located', 'on', 'a', 'fi@@', 've', 'tra@@', 'v@@', 'el', 'to', 'J@@', 'ap@@', 'an', ',', 'to', 'J@@', 'ap@@', 'an', ',', 'to', 'the', 'economic', 'rel@@', 'ations', 'with', 'the', 'third', 'world', '&apos;s', 'economic', 'rel@@', 'ations', 'with', 'the', 'third', 'world', '.', '</s>']
2025-04-29 18:59:25,160 - INFO - joeynmt.training - 	Source:     Herr Modi befindet sich auf einer fünftägigen Reise nach Japan , um die wirtschaftlichen Beziehungen mit der drittgrößten Wirtschaftsnation der Welt zu festigen .
2025-04-29 18:59:25,160 - INFO - joeynmt.training - 	Reference:  Mr Modi is on a five @-@ day trip to Japan to strengthen economic ties with the third largest economy in the world .
2025-04-29 18:59:25,160 - INFO - joeynmt.training - 	Hypothesis: Mr Modi is located on a five travel to Japan , to Japan , to the economic relations with the third world &apos;s economic relations with the third world .
2025-04-29 18:59:25,160 - INFO - joeynmt.training - Example #3
2025-04-29 18:59:25,160 - DEBUG - joeynmt.training - 	Tokenized source:     ['P@@', 'län@@', 'e', 'für', 'eine', 'stärk@@', 'ere', 'k@@', 'ern@@', 'techn@@', 'ische', 'Zusammenarbeit', 'stehen', 'ganz', 'ob@@', 'en', 'auf', 'der', 'Tag@@', 'es@@', 'ordnung', '.']
2025-04-29 18:59:25,160 - DEBUG - joeynmt.training - 	Tokenized reference:  ['high', 'on', 'the', 'agen@@', 'da', 'are', 'pl@@', 'ans', 'for', 'gre@@', 'ater', 'nu@@', 'clear', 'c@@', 'o', '@@@', '-@@', '@', 'operation', '.']
2025-04-29 18:59:25,160 - DEBUG - joeynmt.training - 	Tokenized hypothesis: ['P@@', 'ru@@', 'ral', 'for', 'more', 'seri@@', 'ous', 'techn@@', 'ical', 'cooperation', 'is', 'in', 'the', 'agen@@', 'da', '.', '</s>']
2025-04-29 18:59:25,160 - INFO - joeynmt.training - 	Source:     Pläne für eine stärkere kerntechnische Zusammenarbeit stehen ganz oben auf der Tagesordnung .
2025-04-29 18:59:25,160 - INFO - joeynmt.training - 	Reference:  high on the agenda are plans for greater nuclear co @-@ operation .
2025-04-29 18:59:25,160 - INFO - joeynmt.training - 	Hypothesis: Prural for more serious technical cooperation is in the agenda .
2025-04-29 18:59:25,160 - INFO - joeynmt.training - Example #4
2025-04-29 18:59:25,160 - DEBUG - joeynmt.training - 	Tokenized source:     ['Berich@@', 'ten', 'zu@@', 'fol@@', 'ge', 'ho@@', 'fft', 'Indi@@', 'en', 'darüber', 'hinaus', 'auf', 'einen', 'Ver@@', 'trag', 'zur', 'Ver@@', 'tei@@', 'dig@@', 'ungs@@', 'zusammen@@', 'arbeit', 'zwischen', 'den', 'beiden', 'N@@', 'ationen', '.']
2025-04-29 18:59:25,160 - DEBUG - joeynmt.training - 	Tokenized reference:  ['Indi@@', 'a', 'is', 'also', 're@@', 'porte@@', 'dly', 'hop@@', 'ing', 'for', 'a', 'de@@', 'al', 'on', 'def@@', 'ence', 'c@@', 'oll@@', 'ab@@', 'or@@', 'ation', 'between', 'the', 'two', 'n@@', 'ations', '.']
2025-04-29 18:59:25,160 - DEBUG - joeynmt.training - 	Tokenized hypothesis: ['the', 're@@', 'ports', 'of', 'Indi@@', 'a', '&apos;s', 'fo@@', 'c@@', 'us', 'also', 'to', 'con@@', 'dem@@', 'n', 'a', 'con@@', 'dem@@', 'n', 'a', 'con@@', 'text', 'of', 'the', 'two', 'N@@', 'ations', '.', '</s>']
2025-04-29 18:59:25,160 - INFO - joeynmt.training - 	Source:     Berichten zufolge hofft Indien darüber hinaus auf einen Vertrag zur Verteidigungszusammenarbeit zwischen den beiden Nationen .
2025-04-29 18:59:25,160 - INFO - joeynmt.training - 	Reference:  India is also reportedly hoping for a deal on defence collaboration between the two nations .
2025-04-29 18:59:25,160 - INFO - joeynmt.training - 	Hypothesis: the reports of India &apos;s focus also to condemn a condemn a context of the two Nations .
2025-04-29 18:59:41,741 - INFO - joeynmt.training - Epoch   4, Step:    13600, Batch Loss:     2.030005, Batch Acc: 0.466988, Tokens per Sec:     5495, Lr: 0.000300
2025-04-29 18:59:58,465 - INFO - joeynmt.training - Epoch   4, Step:    13700, Batch Loss:     1.826148, Batch Acc: 0.467154, Tokens per Sec:     5487, Lr: 0.000300
2025-04-29 19:00:15,604 - INFO - joeynmt.training - Epoch   4, Step:    13800, Batch Loss:     2.035876, Batch Acc: 0.469157, Tokens per Sec:     5357, Lr: 0.000300
2025-04-29 19:00:31,954 - INFO - joeynmt.training - Epoch   4, Step:    13900, Batch Loss:     2.050430, Batch Acc: 0.470241, Tokens per Sec:     5475, Lr: 0.000300
2025-04-29 19:00:48,834 - INFO - joeynmt.training - Epoch   4, Step:    14000, Batch Loss:     2.099749, Batch Acc: 0.472705, Tokens per Sec:     5494, Lr: 0.000300
2025-04-29 19:00:48,834 - INFO - joeynmt.prediction - Predicting 500 example(s)... (Greedy decoding with min_output_length=1, max_output_length=-1, return_prob='none', generate_unk=True, repetition_penalty=-1, no_repeat_ngram_size=-1)
2025-04-29 19:01:13,137 - INFO - joeynmt.prediction - Evaluation result (greedy) loss:   2.31, ppl:  10.04, acc:   0.41, generation: 24.2997[sec], evaluation: 0.0000[sec]
2025-04-29 19:01:13,138 - INFO - joeynmt.training - Hooray! New best validation result [ppl]!
2025-04-29 19:01:13,217 - INFO - joeynmt.helpers - delete models/deen_transformer_prenorm/11500.ckpt
2025-04-29 19:01:13,223 - INFO - joeynmt.training - Example #0
2025-04-29 19:01:13,223 - DEBUG - joeynmt.training - 	Tokenized source:     ['die', 'Pre@@', 'mi@@', 'er@@', 'minist@@', 'er', 'Indi@@', 'ens', 'und', 'J@@', 'ap@@', 'ans', 'tra@@', 'fen', 'sich', 'in', 'T@@', 'ok@@', 'i@@', 'o', '.']
2025-04-29 19:01:13,223 - DEBUG - joeynmt.training - 	Tokenized reference:  ['Indi@@', 'a', 'and', 'J@@', 'ap@@', 'an', 'pri@@', 'me', 'minist@@', 'ers', 'me@@', 'et', 'in', 'T@@', 'ok@@', 'y@@', 'o']
2025-04-29 19:01:13,223 - DEBUG - joeynmt.training - 	Tokenized hypothesis: ['the', 'price', 'of', 'the', 'Pri@@', 'me', 'Minist@@', 'er', 'Indi@@', 'a', 'and', 'J@@', 'ap@@', 'ans', '.', '</s>']
2025-04-29 19:01:13,223 - INFO - joeynmt.training - 	Source:     die Premierminister Indiens und Japans trafen sich in Tokio .
2025-04-29 19:01:13,223 - INFO - joeynmt.training - 	Reference:  India and Japan prime ministers meet in Tokyo
2025-04-29 19:01:13,223 - INFO - joeynmt.training - 	Hypothesis: the price of the Prime Minister India and Japans .
2025-04-29 19:01:13,223 - INFO - joeynmt.training - Example #1
2025-04-29 19:01:13,223 - DEBUG - joeynmt.training - 	Tokenized source:     ['Indi@@', 'ens', 'neu@@', 'er', 'Pre@@', 'mi@@', 'er@@', 'minist@@', 'er', 'N@@', 'ar@@', 'end@@', 'ra', 'Mo@@', 'd@@', 'i', 'tri@@', 'fft', 'bei', 's@@', 'einem', 'ersten', 'wichti@@', 'gen', 'Aus@@', 'land@@', 's@@', 'bes@@', 'u@@', 'ch', 'seit', 's@@', 'einem', 'W@@', 'ah@@', 'l@@', 'si@@', 'e@@', 'g', 'im', 'Ma@@', 'i', 'seinen', 'j@@', 'ap@@', 'an@@', 'ischen', 'Am@@', 'ts@@', 'k@@', 'olle@@', 'gen', 'S@@', 'hin@@', 'z@@', 'o', 'A@@', 'be', 'in', 'T@@', 'ok@@', 'o', ',', 'um', 'wirtschaf@@', 'tliche', 'und', 'sicher@@', 'heits@@', 'politische', 'Be@@', 'zieh@@', 'ungen', 'zu', 'bes@@', 'pre@@', 'chen', '.']
2025-04-29 19:01:13,223 - DEBUG - joeynmt.training - 	Tokenized reference:  ['Indi@@', 'a', '&apos;s', 'new', 'pri@@', 'me', 'minist@@', 'er', ',', 'N@@', 'ar@@', 'end@@', 'ra', 'Mo@@', 'd@@', 'i', ',', 'is', 'me@@', 'eting', 'his', 'J@@', 'ap@@', 'an@@', 'ese', 'coun@@', 'ter@@', 'part', ',', 'S@@', 'hin@@', 'z@@', 'o', 'A@@', 'be', ',', 'in', 'T@@', 'ok@@', 'y@@', 'o', 'to', 'disc@@', 'uss', 'economic', 'and', 'security', 'ties', ',', 'on', 'his', 'first', 'major', 'fore@@', 'ign', 'visi@@', 't', 'since', 'w@@', 'inn@@', 'ing', 'Ma@@', 'y', '&apos;s', 'elec@@', 'tion', '.']
2025-04-29 19:01:13,223 - DEBUG - joeynmt.training - 	Tokenized hypothesis: ['Indi@@', 'a', '&apos;s', 'lat@@', 'ter', 'pri@@', 'me', 'minist@@', 'er', 'N@@', 'ar@@', 'end@@', 'ra', 'Mo@@', 'd@@', 'i', 'is', 'now', 'the', 'first', 'important', 'for', 'his', 'first', 'important', 'ex@@', 'ec@@', 'u@@', 'tive', 'years', 'since', 's@@', 'ar@@', 'm', ',', 'in', 'Ma@@', 'y', ',', 'S@@', 'hin@@', 'z@@', 'o', 'A@@', 'be', ',', 'to', 'the', 'A@@', 'be', 'in', 'T@@', 'ok@@', 'o', ',', 'to', 'be', 'a', 're@@', 'la@@', 'x@@', 'ed', 'in', 'T@@', 'ok@@', 'o', 'A@@', 'be', '.', '</s>']
2025-04-29 19:01:13,223 - INFO - joeynmt.training - 	Source:     Indiens neuer Premierminister Narendra Modi trifft bei seinem ersten wichtigen Auslandsbesuch seit seinem Wahlsieg im Mai seinen japanischen Amtskollegen Shinzo Abe in Toko , um wirtschaftliche und sicherheitspolitische Beziehungen zu besprechen .
2025-04-29 19:01:13,223 - INFO - joeynmt.training - 	Reference:  India &apos;s new prime minister , Narendra Modi , is meeting his Japanese counterpart , Shinzo Abe , in Tokyo to discuss economic and security ties , on his first major foreign visit since winning May &apos;s election .
2025-04-29 19:01:13,223 - INFO - joeynmt.training - 	Hypothesis: India &apos;s latter prime minister Narendra Modi is now the first important for his first important executive years since sarm , in May , Shinzo Abe , to the Abe in Toko , to be a relaxed in Toko Abe .
2025-04-29 19:01:13,223 - INFO - joeynmt.training - Example #2
2025-04-29 19:01:13,223 - DEBUG - joeynmt.training - 	Tokenized source:     ['Herr', 'Mo@@', 'd@@', 'i', 'befindet', 'sich', 'auf', 'einer', 'fü@@', 'n@@', 'f@@', 'tä@@', 'gi@@', 'gen', 'Rei@@', 'se', 'nach', 'J@@', 'ap@@', 'an', ',', 'um', 'die', 'wirtschaf@@', 'tlichen', 'Be@@', 'zieh@@', 'ungen', 'mit', 'der', 'd@@', 'rit@@', 't@@', 'größ@@', 'ten', 'Wirtschafts@@', 'n@@', 'ation', 'der', 'Welt', 'zu', 'fes@@', 'tigen', '.']
2025-04-29 19:01:13,223 - DEBUG - joeynmt.training - 	Tokenized reference:  ['Mr', 'Mo@@', 'd@@', 'i', 'is', 'on', 'a', 'fi@@', 've', '@@@', '-@@', '@', 'day', 'tri@@', 'p', 'to', 'J@@', 'ap@@', 'an', 'to', 'streng@@', 'then', 'economic', 'ties', 'with', 'the', 'third', 'lar@@', 'ges@@', 't', 'econom@@', 'y', 'in', 'the', 'world', '.']
2025-04-29 19:01:13,223 - DEBUG - joeynmt.training - 	Tokenized hypothesis: ['Mr', 'Mo@@', 'd@@', 'i', 'is', 'located', 'on', 'a', 'fi@@', 'f@@', 'f@@', 'ty', 'after', 'J@@', 'ap@@', 'an', 'to', 'the', 'economic', 'rel@@', 'ation@@', 'ship', 'with', 'the', 'third', 'b@@', 'ig@@', 'ges@@', 't', 'economic', 'rel@@', 'ation@@', 'ship', 'with', 'the', 'third', 'world', '.', '</s>']
2025-04-29 19:01:13,223 - INFO - joeynmt.training - 	Source:     Herr Modi befindet sich auf einer fünftägigen Reise nach Japan , um die wirtschaftlichen Beziehungen mit der drittgrößten Wirtschaftsnation der Welt zu festigen .
2025-04-29 19:01:13,223 - INFO - joeynmt.training - 	Reference:  Mr Modi is on a five @-@ day trip to Japan to strengthen economic ties with the third largest economy in the world .
2025-04-29 19:01:13,223 - INFO - joeynmt.training - 	Hypothesis: Mr Modi is located on a fiffty after Japan to the economic relationship with the third biggest economic relationship with the third world .
2025-04-29 19:01:13,223 - INFO - joeynmt.training - Example #3
2025-04-29 19:01:13,223 - DEBUG - joeynmt.training - 	Tokenized source:     ['P@@', 'län@@', 'e', 'für', 'eine', 'stärk@@', 'ere', 'k@@', 'ern@@', 'techn@@', 'ische', 'Zusammenarbeit', 'stehen', 'ganz', 'ob@@', 'en', 'auf', 'der', 'Tag@@', 'es@@', 'ordnung', '.']
2025-04-29 19:01:13,223 - DEBUG - joeynmt.training - 	Tokenized reference:  ['high', 'on', 'the', 'agen@@', 'da', 'are', 'pl@@', 'ans', 'for', 'gre@@', 'ater', 'nu@@', 'clear', 'c@@', 'o', '@@@', '-@@', '@', 'operation', '.']
2025-04-29 19:01:13,223 - DEBUG - joeynmt.training - 	Tokenized hypothesis: ['the', 'pl@@', 'ans', 'for', 'a', 'more', 'seri@@', 'ous', 'techn@@', 'ical', 'cooperation', 'is', 'a', 'great', 'de@@', 'al', 'with', 'the', 'agen@@', 'da', '.', '</s>']
2025-04-29 19:01:13,224 - INFO - joeynmt.training - 	Source:     Pläne für eine stärkere kerntechnische Zusammenarbeit stehen ganz oben auf der Tagesordnung .
2025-04-29 19:01:13,224 - INFO - joeynmt.training - 	Reference:  high on the agenda are plans for greater nuclear co @-@ operation .
2025-04-29 19:01:13,224 - INFO - joeynmt.training - 	Hypothesis: the plans for a more serious technical cooperation is a great deal with the agenda .
2025-04-29 19:01:13,224 - INFO - joeynmt.training - Example #4
2025-04-29 19:01:13,224 - DEBUG - joeynmt.training - 	Tokenized source:     ['Berich@@', 'ten', 'zu@@', 'fol@@', 'ge', 'ho@@', 'fft', 'Indi@@', 'en', 'darüber', 'hinaus', 'auf', 'einen', 'Ver@@', 'trag', 'zur', 'Ver@@', 'tei@@', 'dig@@', 'ungs@@', 'zusammen@@', 'arbeit', 'zwischen', 'den', 'beiden', 'N@@', 'ationen', '.']
2025-04-29 19:01:13,224 - DEBUG - joeynmt.training - 	Tokenized reference:  ['Indi@@', 'a', 'is', 'also', 're@@', 'porte@@', 'dly', 'hop@@', 'ing', 'for', 'a', 'de@@', 'al', 'on', 'def@@', 'ence', 'c@@', 'oll@@', 'ab@@', 'or@@', 'ation', 'between', 'the', 'two', 'n@@', 'ations', '.']
2025-04-29 19:01:13,224 - DEBUG - joeynmt.training - 	Tokenized hypothesis: ['the', 'report', 'also', 'high', 'level', 'of', 'the', 'con@@', 'dem@@', 'n', 'a', 'con@@', 'dem@@', 'n', 'a', 'con@@', 'dem@@', 'n', 'a', 'con@@', 'dem@@', 'n', 'the', 'two', 'N@@', 'ations', '.', '</s>']
2025-04-29 19:01:13,224 - INFO - joeynmt.training - 	Source:     Berichten zufolge hofft Indien darüber hinaus auf einen Vertrag zur Verteidigungszusammenarbeit zwischen den beiden Nationen .
2025-04-29 19:01:13,224 - INFO - joeynmt.training - 	Reference:  India is also reportedly hoping for a deal on defence collaboration between the two nations .
2025-04-29 19:01:13,224 - INFO - joeynmt.training - 	Hypothesis: the report also high level of the condemn a condemn a condemn a condemn the two Nations .
2025-04-29 19:01:30,473 - INFO - joeynmt.training - Epoch   4, Step:    14100, Batch Loss:     1.902314, Batch Acc: 0.472819, Tokens per Sec:     5451, Lr: 0.000300
2025-04-29 19:01:47,251 - INFO - joeynmt.training - Epoch   4, Step:    14200, Batch Loss:     1.863105, Batch Acc: 0.478679, Tokens per Sec:     5450, Lr: 0.000300
2025-04-29 19:02:04,823 - INFO - joeynmt.training - Epoch   4, Step:    14300, Batch Loss:     1.934924, Batch Acc: 0.468973, Tokens per Sec:     5252, Lr: 0.000300
2025-04-29 19:02:21,220 - INFO - joeynmt.training - Epoch   4, Step:    14400, Batch Loss:     2.061997, Batch Acc: 0.467297, Tokens per Sec:     5667, Lr: 0.000300
2025-04-29 19:02:38,222 - INFO - joeynmt.training - Epoch   4, Step:    14500, Batch Loss:     2.160565, Batch Acc: 0.474010, Tokens per Sec:     5271, Lr: 0.000300
2025-04-29 19:02:38,222 - INFO - joeynmt.prediction - Predicting 500 example(s)... (Greedy decoding with min_output_length=1, max_output_length=-1, return_prob='none', generate_unk=True, repetition_penalty=-1, no_repeat_ngram_size=-1)
2025-04-29 19:03:03,659 - INFO - joeynmt.prediction - Evaluation result (greedy) loss:   2.29, ppl:   9.92, acc:   0.41, generation: 25.4336[sec], evaluation: 0.0000[sec]
2025-04-29 19:03:03,661 - INFO - joeynmt.training - Hooray! New best validation result [ppl]!
2025-04-29 19:03:03,740 - INFO - joeynmt.helpers - delete models/deen_transformer_prenorm/12000.ckpt
2025-04-29 19:03:03,748 - INFO - joeynmt.training - Example #0
2025-04-29 19:03:03,748 - DEBUG - joeynmt.training - 	Tokenized source:     ['die', 'Pre@@', 'mi@@', 'er@@', 'minist@@', 'er', 'Indi@@', 'ens', 'und', 'J@@', 'ap@@', 'ans', 'tra@@', 'fen', 'sich', 'in', 'T@@', 'ok@@', 'i@@', 'o', '.']
2025-04-29 19:03:03,748 - DEBUG - joeynmt.training - 	Tokenized reference:  ['Indi@@', 'a', 'and', 'J@@', 'ap@@', 'an', 'pri@@', 'me', 'minist@@', 'ers', 'me@@', 'et', 'in', 'T@@', 'ok@@', 'y@@', 'o']
2025-04-29 19:03:03,748 - DEBUG - joeynmt.training - 	Tokenized hypothesis: ['the', 'Pre@@', 'mi@@', 'er', 'Indi@@', 'a', 'and', 'J@@', 'ap@@', 'ans', 'are', 'in', 'T@@', 'ok@@', 'ok@@', 'o', '.', '</s>']
2025-04-29 19:03:03,748 - INFO - joeynmt.training - 	Source:     die Premierminister Indiens und Japans trafen sich in Tokio .
2025-04-29 19:03:03,748 - INFO - joeynmt.training - 	Reference:  India and Japan prime ministers meet in Tokyo
2025-04-29 19:03:03,748 - INFO - joeynmt.training - 	Hypothesis: the Premier India and Japans are in Tokoko .
2025-04-29 19:03:03,748 - INFO - joeynmt.training - Example #1
2025-04-29 19:03:03,748 - DEBUG - joeynmt.training - 	Tokenized source:     ['Indi@@', 'ens', 'neu@@', 'er', 'Pre@@', 'mi@@', 'er@@', 'minist@@', 'er', 'N@@', 'ar@@', 'end@@', 'ra', 'Mo@@', 'd@@', 'i', 'tri@@', 'fft', 'bei', 's@@', 'einem', 'ersten', 'wichti@@', 'gen', 'Aus@@', 'land@@', 's@@', 'bes@@', 'u@@', 'ch', 'seit', 's@@', 'einem', 'W@@', 'ah@@', 'l@@', 'si@@', 'e@@', 'g', 'im', 'Ma@@', 'i', 'seinen', 'j@@', 'ap@@', 'an@@', 'ischen', 'Am@@', 'ts@@', 'k@@', 'olle@@', 'gen', 'S@@', 'hin@@', 'z@@', 'o', 'A@@', 'be', 'in', 'T@@', 'ok@@', 'o', ',', 'um', 'wirtschaf@@', 'tliche', 'und', 'sicher@@', 'heits@@', 'politische', 'Be@@', 'zieh@@', 'ungen', 'zu', 'bes@@', 'pre@@', 'chen', '.']
2025-04-29 19:03:03,748 - DEBUG - joeynmt.training - 	Tokenized reference:  ['Indi@@', 'a', '&apos;s', 'new', 'pri@@', 'me', 'minist@@', 'er', ',', 'N@@', 'ar@@', 'end@@', 'ra', 'Mo@@', 'd@@', 'i', ',', 'is', 'me@@', 'eting', 'his', 'J@@', 'ap@@', 'an@@', 'ese', 'coun@@', 'ter@@', 'part', ',', 'S@@', 'hin@@', 'z@@', 'o', 'A@@', 'be', ',', 'in', 'T@@', 'ok@@', 'y@@', 'o', 'to', 'disc@@', 'uss', 'economic', 'and', 'security', 'ties', ',', 'on', 'his', 'first', 'major', 'fore@@', 'ign', 'visi@@', 't', 'since', 'w@@', 'inn@@', 'ing', 'Ma@@', 'y', '&apos;s', 'elec@@', 'tion', '.']
2025-04-29 19:03:03,748 - DEBUG - joeynmt.training - 	Tokenized hypothesis: ['Indi@@', 'a', '&apos;s', 'F@@', 'er@@', 'er@@', 'er', 'N@@', 'ar@@', 'end@@', 'ra', 'Mo@@', 'd@@', 'i', 'is', 'a', 'first', 'important', 'ex@@', 'ec@@', 'ution', 'for', 'his', 'first', 'important', 'ex@@', 'ec@@', 'ution', 'for', 'his', 'first', 'important', 'ex@@', 'ec@@', 'ution', 'in', 'Ma@@', 'y', ',', 'in', 'the', 'Ma@@', 'y', 'of', 'his', 'j@@', 'ap@@', 'an@@', 'ish', 'A@@', 'be', 'in', 'T@@', 'ok@@', 'o', ',', 'and', 'the', 'economic', 'and', 'security', 'political', 'rel@@', 'ations', '.', '</s>']
2025-04-29 19:03:03,748 - INFO - joeynmt.training - 	Source:     Indiens neuer Premierminister Narendra Modi trifft bei seinem ersten wichtigen Auslandsbesuch seit seinem Wahlsieg im Mai seinen japanischen Amtskollegen Shinzo Abe in Toko , um wirtschaftliche und sicherheitspolitische Beziehungen zu besprechen .
2025-04-29 19:03:03,748 - INFO - joeynmt.training - 	Reference:  India &apos;s new prime minister , Narendra Modi , is meeting his Japanese counterpart , Shinzo Abe , in Tokyo to discuss economic and security ties , on his first major foreign visit since winning May &apos;s election .
2025-04-29 19:03:03,748 - INFO - joeynmt.training - 	Hypothesis: India &apos;s Fererer Narendra Modi is a first important execution for his first important execution for his first important execution in May , in the May of his japanish Abe in Toko , and the economic and security political relations .
2025-04-29 19:03:03,748 - INFO - joeynmt.training - Example #2
2025-04-29 19:03:03,748 - DEBUG - joeynmt.training - 	Tokenized source:     ['Herr', 'Mo@@', 'd@@', 'i', 'befindet', 'sich', 'auf', 'einer', 'fü@@', 'n@@', 'f@@', 'tä@@', 'gi@@', 'gen', 'Rei@@', 'se', 'nach', 'J@@', 'ap@@', 'an', ',', 'um', 'die', 'wirtschaf@@', 'tlichen', 'Be@@', 'zieh@@', 'ungen', 'mit', 'der', 'd@@', 'rit@@', 't@@', 'größ@@', 'ten', 'Wirtschafts@@', 'n@@', 'ation', 'der', 'Welt', 'zu', 'fes@@', 'tigen', '.']
2025-04-29 19:03:03,748 - DEBUG - joeynmt.training - 	Tokenized reference:  ['Mr', 'Mo@@', 'd@@', 'i', 'is', 'on', 'a', 'fi@@', 've', '@@@', '-@@', '@', 'day', 'tri@@', 'p', 'to', 'J@@', 'ap@@', 'an', 'to', 'streng@@', 'then', 'economic', 'ties', 'with', 'the', 'third', 'lar@@', 'ges@@', 't', 'econom@@', 'y', 'in', 'the', 'world', '.']
2025-04-29 19:03:03,748 - DEBUG - joeynmt.training - 	Tokenized hypothesis: ['Mr', 'Mo@@', 'd@@', 'i', 'is', 'located', 'on', 'a', 'fi@@', 'f@@', 'f@@', 'f@@', 'f@@', 'f@@', 'ty', 'tra@@', 'ck', 'to', 'J@@', 'ap@@', 'an', 'to', 'the', 'economic', 'rel@@', 'ations', 'with', 'the', 'third', 'world', '.', '</s>']
2025-04-29 19:03:03,749 - INFO - joeynmt.training - 	Source:     Herr Modi befindet sich auf einer fünftägigen Reise nach Japan , um die wirtschaftlichen Beziehungen mit der drittgrößten Wirtschaftsnation der Welt zu festigen .
2025-04-29 19:03:03,749 - INFO - joeynmt.training - 	Reference:  Mr Modi is on a five @-@ day trip to Japan to strengthen economic ties with the third largest economy in the world .
2025-04-29 19:03:03,749 - INFO - joeynmt.training - 	Hypothesis: Mr Modi is located on a fifffffty track to Japan to the economic relations with the third world .
2025-04-29 19:03:03,749 - INFO - joeynmt.training - Example #3
2025-04-29 19:03:03,749 - DEBUG - joeynmt.training - 	Tokenized source:     ['P@@', 'län@@', 'e', 'für', 'eine', 'stärk@@', 'ere', 'k@@', 'ern@@', 'techn@@', 'ische', 'Zusammenarbeit', 'stehen', 'ganz', 'ob@@', 'en', 'auf', 'der', 'Tag@@', 'es@@', 'ordnung', '.']
2025-04-29 19:03:03,749 - DEBUG - joeynmt.training - 	Tokenized reference:  ['high', 'on', 'the', 'agen@@', 'da', 'are', 'pl@@', 'ans', 'for', 'gre@@', 'ater', 'nu@@', 'clear', 'c@@', 'o', '@@@', '-@@', '@', 'operation', '.']
2025-04-29 19:03:03,749 - DEBUG - joeynmt.training - 	Tokenized hypothesis: ['the', 'same', 'is', 'a', 'more', 'seri@@', 'ous', 'techn@@', 'ical', 'cooperation', 'is', 'based', 'on', 'the', 'agen@@', 'da', '.', '</s>']
2025-04-29 19:03:03,749 - INFO - joeynmt.training - 	Source:     Pläne für eine stärkere kerntechnische Zusammenarbeit stehen ganz oben auf der Tagesordnung .
2025-04-29 19:03:03,749 - INFO - joeynmt.training - 	Reference:  high on the agenda are plans for greater nuclear co @-@ operation .
2025-04-29 19:03:03,749 - INFO - joeynmt.training - 	Hypothesis: the same is a more serious technical cooperation is based on the agenda .
2025-04-29 19:03:03,749 - INFO - joeynmt.training - Example #4
2025-04-29 19:03:03,749 - DEBUG - joeynmt.training - 	Tokenized source:     ['Berich@@', 'ten', 'zu@@', 'fol@@', 'ge', 'ho@@', 'fft', 'Indi@@', 'en', 'darüber', 'hinaus', 'auf', 'einen', 'Ver@@', 'trag', 'zur', 'Ver@@', 'tei@@', 'dig@@', 'ungs@@', 'zusammen@@', 'arbeit', 'zwischen', 'den', 'beiden', 'N@@', 'ationen', '.']
2025-04-29 19:03:03,749 - DEBUG - joeynmt.training - 	Tokenized reference:  ['Indi@@', 'a', 'is', 'also', 're@@', 'porte@@', 'dly', 'hop@@', 'ing', 'for', 'a', 'de@@', 'al', 'on', 'def@@', 'ence', 'c@@', 'oll@@', 'ab@@', 'or@@', 'ation', 'between', 'the', 'two', 'n@@', 'ations', '.']
2025-04-29 19:03:03,749 - DEBUG - joeynmt.training - 	Tokenized hypothesis: ['the', 're@@', 'ports', 'of', 'the', 'two', 'of', 'the', 'two', 'two', 'two', 'two', 'N@@', 'ations', '.', '</s>']
2025-04-29 19:03:03,749 - INFO - joeynmt.training - 	Source:     Berichten zufolge hofft Indien darüber hinaus auf einen Vertrag zur Verteidigungszusammenarbeit zwischen den beiden Nationen .
2025-04-29 19:03:03,749 - INFO - joeynmt.training - 	Reference:  India is also reportedly hoping for a deal on defence collaboration between the two nations .
2025-04-29 19:03:03,749 - INFO - joeynmt.training - 	Hypothesis: the reports of the two of the two two two two Nations .
2025-04-29 19:03:20,856 - INFO - joeynmt.training - Epoch   4, Step:    14600, Batch Loss:     2.064932, Batch Acc: 0.474924, Tokens per Sec:     5301, Lr: 0.000300
2025-04-29 19:03:37,736 - INFO - joeynmt.training - Epoch   4, Step:    14700, Batch Loss:     1.953708, Batch Acc: 0.471248, Tokens per Sec:     5410, Lr: 0.000300
2025-04-29 19:03:55,293 - INFO - joeynmt.training - Epoch   4, Step:    14800, Batch Loss:     1.726268, Batch Acc: 0.470174, Tokens per Sec:     5236, Lr: 0.000300
2025-04-29 19:04:12,944 - INFO - joeynmt.training - Epoch   4, Step:    14900, Batch Loss:     1.847844, Batch Acc: 0.467091, Tokens per Sec:     5192, Lr: 0.000300
2025-04-29 19:04:30,133 - INFO - joeynmt.training - Epoch   4, Step:    15000, Batch Loss:     1.748114, Batch Acc: 0.475303, Tokens per Sec:     5244, Lr: 0.000300
2025-04-29 19:04:30,134 - INFO - joeynmt.prediction - Predicting 500 example(s)... (Greedy decoding with min_output_length=1, max_output_length=-1, return_prob='none', generate_unk=True, repetition_penalty=-1, no_repeat_ngram_size=-1)
2025-04-29 19:04:53,407 - INFO - joeynmt.prediction - Evaluation result (greedy) loss:   2.28, ppl:   9.78, acc:   0.42, generation: 23.2694[sec], evaluation: 0.0000[sec]
2025-04-29 19:04:53,408 - INFO - joeynmt.training - Hooray! New best validation result [ppl]!
2025-04-29 19:04:53,488 - INFO - joeynmt.helpers - delete models/deen_transformer_prenorm/12500.ckpt
2025-04-29 19:04:53,496 - INFO - joeynmt.training - Example #0
2025-04-29 19:04:53,496 - DEBUG - joeynmt.training - 	Tokenized source:     ['die', 'Pre@@', 'mi@@', 'er@@', 'minist@@', 'er', 'Indi@@', 'ens', 'und', 'J@@', 'ap@@', 'ans', 'tra@@', 'fen', 'sich', 'in', 'T@@', 'ok@@', 'i@@', 'o', '.']
2025-04-29 19:04:53,496 - DEBUG - joeynmt.training - 	Tokenized reference:  ['Indi@@', 'a', 'and', 'J@@', 'ap@@', 'an', 'pri@@', 'me', 'minist@@', 'ers', 'me@@', 'et', 'in', 'T@@', 'ok@@', 'y@@', 'o']
2025-04-29 19:04:53,496 - DEBUG - joeynmt.training - 	Tokenized hypothesis: ['the', 'Pri@@', 'me', 'Minist@@', 'er', 'Indi@@', 'a', 'and', 'J@@', 'ap@@', 'an', 'and', 'J@@', 'ap@@', 'an', '.', '</s>']
2025-04-29 19:04:53,496 - INFO - joeynmt.training - 	Source:     die Premierminister Indiens und Japans trafen sich in Tokio .
2025-04-29 19:04:53,496 - INFO - joeynmt.training - 	Reference:  India and Japan prime ministers meet in Tokyo
2025-04-29 19:04:53,496 - INFO - joeynmt.training - 	Hypothesis: the Prime Minister India and Japan and Japan .
2025-04-29 19:04:53,496 - INFO - joeynmt.training - Example #1
2025-04-29 19:04:53,497 - DEBUG - joeynmt.training - 	Tokenized source:     ['Indi@@', 'ens', 'neu@@', 'er', 'Pre@@', 'mi@@', 'er@@', 'minist@@', 'er', 'N@@', 'ar@@', 'end@@', 'ra', 'Mo@@', 'd@@', 'i', 'tri@@', 'fft', 'bei', 's@@', 'einem', 'ersten', 'wichti@@', 'gen', 'Aus@@', 'land@@', 's@@', 'bes@@', 'u@@', 'ch', 'seit', 's@@', 'einem', 'W@@', 'ah@@', 'l@@', 'si@@', 'e@@', 'g', 'im', 'Ma@@', 'i', 'seinen', 'j@@', 'ap@@', 'an@@', 'ischen', 'Am@@', 'ts@@', 'k@@', 'olle@@', 'gen', 'S@@', 'hin@@', 'z@@', 'o', 'A@@', 'be', 'in', 'T@@', 'ok@@', 'o', ',', 'um', 'wirtschaf@@', 'tliche', 'und', 'sicher@@', 'heits@@', 'politische', 'Be@@', 'zieh@@', 'ungen', 'zu', 'bes@@', 'pre@@', 'chen', '.']
2025-04-29 19:04:53,497 - DEBUG - joeynmt.training - 	Tokenized reference:  ['Indi@@', 'a', '&apos;s', 'new', 'pri@@', 'me', 'minist@@', 'er', ',', 'N@@', 'ar@@', 'end@@', 'ra', 'Mo@@', 'd@@', 'i', ',', 'is', 'me@@', 'eting', 'his', 'J@@', 'ap@@', 'an@@', 'ese', 'coun@@', 'ter@@', 'part', ',', 'S@@', 'hin@@', 'z@@', 'o', 'A@@', 'be', ',', 'in', 'T@@', 'ok@@', 'y@@', 'o', 'to', 'disc@@', 'uss', 'economic', 'and', 'security', 'ties', ',', 'on', 'his', 'first', 'major', 'fore@@', 'ign', 'visi@@', 't', 'since', 'w@@', 'inn@@', 'ing', 'Ma@@', 'y', '&apos;s', 'elec@@', 'tion', '.']
2025-04-29 19:04:53,497 - DEBUG - joeynmt.training - 	Tokenized hypothesis: ['Indi@@', 'a', '&apos;s', 'F@@', 'e@@', 'der@@', 'al', 'Minist@@', 'er', 'N@@', 'ar@@', 'end@@', 'ra', 'Mo@@', 'd@@', 'i', '&apos;s', 'first', 'important', 'ex@@', 'change', 'for', 'his', 'first', 'important', 'ex@@', 'change', 'for', 'his', 'j@@', 'ap@@', 's', ',', 'for', 'example', ',', 'in', 'Ma@@', 'y', ',', 'in', 'Ma@@', 'y', 'his', 'j@@', 'ap@@', 'ap@@', 'ap@@', 'ap@@', 'art@@', 'ments', ',', 'in', 'T@@', 'ok@@', 'o', 'A@@', 'be', 'in', 'T@@', 'ok@@', 'o', ',', 'in', 'T@@', 'ok@@', 'o', 'A@@', 'be', 'in', 'T@@', 'ok@@', 'o', '.', '</s>']
2025-04-29 19:04:53,497 - INFO - joeynmt.training - 	Source:     Indiens neuer Premierminister Narendra Modi trifft bei seinem ersten wichtigen Auslandsbesuch seit seinem Wahlsieg im Mai seinen japanischen Amtskollegen Shinzo Abe in Toko , um wirtschaftliche und sicherheitspolitische Beziehungen zu besprechen .
2025-04-29 19:04:53,497 - INFO - joeynmt.training - 	Reference:  India &apos;s new prime minister , Narendra Modi , is meeting his Japanese counterpart , Shinzo Abe , in Tokyo to discuss economic and security ties , on his first major foreign visit since winning May &apos;s election .
2025-04-29 19:04:53,497 - INFO - joeynmt.training - 	Hypothesis: India &apos;s Federal Minister Narendra Modi &apos;s first important exchange for his first important exchange for his japs , for example , in May , in May his japapapapartments , in Toko Abe in Toko , in Toko Abe in Toko .
2025-04-29 19:04:53,497 - INFO - joeynmt.training - Example #2
2025-04-29 19:04:53,497 - DEBUG - joeynmt.training - 	Tokenized source:     ['Herr', 'Mo@@', 'd@@', 'i', 'befindet', 'sich', 'auf', 'einer', 'fü@@', 'n@@', 'f@@', 'tä@@', 'gi@@', 'gen', 'Rei@@', 'se', 'nach', 'J@@', 'ap@@', 'an', ',', 'um', 'die', 'wirtschaf@@', 'tlichen', 'Be@@', 'zieh@@', 'ungen', 'mit', 'der', 'd@@', 'rit@@', 't@@', 'größ@@', 'ten', 'Wirtschafts@@', 'n@@', 'ation', 'der', 'Welt', 'zu', 'fes@@', 'tigen', '.']
2025-04-29 19:04:53,497 - DEBUG - joeynmt.training - 	Tokenized reference:  ['Mr', 'Mo@@', 'd@@', 'i', 'is', 'on', 'a', 'fi@@', 've', '@@@', '-@@', '@', 'day', 'tri@@', 'p', 'to', 'J@@', 'ap@@', 'an', 'to', 'streng@@', 'then', 'economic', 'ties', 'with', 'the', 'third', 'lar@@', 'ges@@', 't', 'econom@@', 'y', 'in', 'the', 'world', '.']
2025-04-29 19:04:53,497 - DEBUG - joeynmt.training - 	Tokenized hypothesis: ['Mr', 'Mo@@', 'd@@', 'i', 'is', 'located', 'on', 'a', 'fi@@', 'f@@', 'th', 'of', 'the', 'world', '&apos;s', 'economic', 'rel@@', 'ations', 'with', 'the', 'third', 'b@@', 'ig@@', 'ges@@', 't', 'economic', 'rel@@', 'ations', 'with', 'the', 'third', 'world', '.', '</s>']
2025-04-29 19:04:53,497 - INFO - joeynmt.training - 	Source:     Herr Modi befindet sich auf einer fünftägigen Reise nach Japan , um die wirtschaftlichen Beziehungen mit der drittgrößten Wirtschaftsnation der Welt zu festigen .
2025-04-29 19:04:53,497 - INFO - joeynmt.training - 	Reference:  Mr Modi is on a five @-@ day trip to Japan to strengthen economic ties with the third largest economy in the world .
2025-04-29 19:04:53,497 - INFO - joeynmt.training - 	Hypothesis: Mr Modi is located on a fifth of the world &apos;s economic relations with the third biggest economic relations with the third world .
2025-04-29 19:04:53,497 - INFO - joeynmt.training - Example #3
2025-04-29 19:04:53,497 - DEBUG - joeynmt.training - 	Tokenized source:     ['P@@', 'län@@', 'e', 'für', 'eine', 'stärk@@', 'ere', 'k@@', 'ern@@', 'techn@@', 'ische', 'Zusammenarbeit', 'stehen', 'ganz', 'ob@@', 'en', 'auf', 'der', 'Tag@@', 'es@@', 'ordnung', '.']
2025-04-29 19:04:53,497 - DEBUG - joeynmt.training - 	Tokenized reference:  ['high', 'on', 'the', 'agen@@', 'da', 'are', 'pl@@', 'ans', 'for', 'gre@@', 'ater', 'nu@@', 'clear', 'c@@', 'o', '@@@', '-@@', '@', 'operation', '.']
2025-04-29 19:04:53,497 - DEBUG - joeynmt.training - 	Tokenized hypothesis: ['P@@', 'A@@', 's', 'for', 'a', 'more', 'c@@', 'e@@', 'ful', 'cooperation', 'is', 'a', 'more', 'c@@', 'e@@', 'ase', '.', '</s>']
2025-04-29 19:04:53,497 - INFO - joeynmt.training - 	Source:     Pläne für eine stärkere kerntechnische Zusammenarbeit stehen ganz oben auf der Tagesordnung .
2025-04-29 19:04:53,497 - INFO - joeynmt.training - 	Reference:  high on the agenda are plans for greater nuclear co @-@ operation .
2025-04-29 19:04:53,497 - INFO - joeynmt.training - 	Hypothesis: PAs for a more ceful cooperation is a more cease .
2025-04-29 19:04:53,497 - INFO - joeynmt.training - Example #4
2025-04-29 19:04:53,497 - DEBUG - joeynmt.training - 	Tokenized source:     ['Berich@@', 'ten', 'zu@@', 'fol@@', 'ge', 'ho@@', 'fft', 'Indi@@', 'en', 'darüber', 'hinaus', 'auf', 'einen', 'Ver@@', 'trag', 'zur', 'Ver@@', 'tei@@', 'dig@@', 'ungs@@', 'zusammen@@', 'arbeit', 'zwischen', 'den', 'beiden', 'N@@', 'ationen', '.']
2025-04-29 19:04:53,497 - DEBUG - joeynmt.training - 	Tokenized reference:  ['Indi@@', 'a', 'is', 'also', 're@@', 'porte@@', 'dly', 'hop@@', 'ing', 'for', 'a', 'de@@', 'al', 'on', 'def@@', 'ence', 'c@@', 'oll@@', 'ab@@', 'or@@', 'ation', 'between', 'the', 'two', 'n@@', 'ations', '.']
2025-04-29 19:04:53,497 - DEBUG - joeynmt.training - 	Tokenized hypothesis: ['the', 'report', 'also', 'high', 'de@@', 'al', 'with', 'Indi@@', 'a', '&apos;s', 'de@@', 'par@@', 'ture', 'on', 'the', 'con@@', 'text', 'of', 'the', 'two', 'two', 'N@@', 'ations', '.', '</s>']
2025-04-29 19:04:53,497 - INFO - joeynmt.training - 	Source:     Berichten zufolge hofft Indien darüber hinaus auf einen Vertrag zur Verteidigungszusammenarbeit zwischen den beiden Nationen .
2025-04-29 19:04:53,497 - INFO - joeynmt.training - 	Reference:  India is also reportedly hoping for a deal on defence collaboration between the two nations .
2025-04-29 19:04:53,497 - INFO - joeynmt.training - 	Hypothesis: the report also high deal with India &apos;s departure on the context of the two two Nations .
2025-04-29 19:05:11,029 - INFO - joeynmt.training - Epoch   4, Step:    15100, Batch Loss:     2.031675, Batch Acc: 0.478142, Tokens per Sec:     5181, Lr: 0.000300
2025-04-29 19:05:28,185 - INFO - joeynmt.training - Epoch   4, Step:    15200, Batch Loss:     1.803692, Batch Acc: 0.476478, Tokens per Sec:     5313, Lr: 0.000300
2025-04-29 19:05:45,416 - INFO - joeynmt.training - Epoch   4, Step:    15300, Batch Loss:     1.973765, Batch Acc: 0.471847, Tokens per Sec:     5369, Lr: 0.000300
2025-04-29 19:06:02,668 - INFO - joeynmt.training - Epoch   4, Step:    15400, Batch Loss:     2.015483, Batch Acc: 0.475135, Tokens per Sec:     5303, Lr: 0.000300
2025-04-29 19:06:20,033 - INFO - joeynmt.training - Epoch   4, Step:    15500, Batch Loss:     1.947832, Batch Acc: 0.478098, Tokens per Sec:     5335, Lr: 0.000300
2025-04-29 19:06:20,034 - INFO - joeynmt.prediction - Predicting 500 example(s)... (Greedy decoding with min_output_length=1, max_output_length=-1, return_prob='none', generate_unk=True, repetition_penalty=-1, no_repeat_ngram_size=-1)
2025-04-29 19:06:49,270 - INFO - joeynmt.prediction - Evaluation result (greedy) loss:   2.27, ppl:   9.69, acc:   0.42, generation: 29.2326[sec], evaluation: 0.0000[sec]
2025-04-29 19:06:49,271 - INFO - joeynmt.training - Hooray! New best validation result [ppl]!
2025-04-29 19:06:49,352 - INFO - joeynmt.helpers - delete models/deen_transformer_prenorm/13000.ckpt
2025-04-29 19:06:49,361 - INFO - joeynmt.training - Example #0
2025-04-29 19:06:49,361 - DEBUG - joeynmt.training - 	Tokenized source:     ['die', 'Pre@@', 'mi@@', 'er@@', 'minist@@', 'er', 'Indi@@', 'ens', 'und', 'J@@', 'ap@@', 'ans', 'tra@@', 'fen', 'sich', 'in', 'T@@', 'ok@@', 'i@@', 'o', '.']
2025-04-29 19:06:49,361 - DEBUG - joeynmt.training - 	Tokenized reference:  ['Indi@@', 'a', 'and', 'J@@', 'ap@@', 'an', 'pri@@', 'me', 'minist@@', 'ers', 'me@@', 'et', 'in', 'T@@', 'ok@@', 'y@@', 'o']
2025-04-29 19:06:49,361 - DEBUG - joeynmt.training - 	Tokenized hypothesis: ['the', 'Pri@@', 'me', 'Minist@@', 'er', 'Indi@@', 'a', 'and', 'J@@', 'ap@@', 'ans', 'are', 'tra@@', 'ck', 'in', 'T@@', 'ok@@', 'ok@@', 'y@@', 'o', '.', '</s>']
2025-04-29 19:06:49,361 - INFO - joeynmt.training - 	Source:     die Premierminister Indiens und Japans trafen sich in Tokio .
2025-04-29 19:06:49,361 - INFO - joeynmt.training - 	Reference:  India and Japan prime ministers meet in Tokyo
2025-04-29 19:06:49,361 - INFO - joeynmt.training - 	Hypothesis: the Prime Minister India and Japans are track in Tokokyo .
2025-04-29 19:06:49,361 - INFO - joeynmt.training - Example #1
2025-04-29 19:06:49,361 - DEBUG - joeynmt.training - 	Tokenized source:     ['Indi@@', 'ens', 'neu@@', 'er', 'Pre@@', 'mi@@', 'er@@', 'minist@@', 'er', 'N@@', 'ar@@', 'end@@', 'ra', 'Mo@@', 'd@@', 'i', 'tri@@', 'fft', 'bei', 's@@', 'einem', 'ersten', 'wichti@@', 'gen', 'Aus@@', 'land@@', 's@@', 'bes@@', 'u@@', 'ch', 'seit', 's@@', 'einem', 'W@@', 'ah@@', 'l@@', 'si@@', 'e@@', 'g', 'im', 'Ma@@', 'i', 'seinen', 'j@@', 'ap@@', 'an@@', 'ischen', 'Am@@', 'ts@@', 'k@@', 'olle@@', 'gen', 'S@@', 'hin@@', 'z@@', 'o', 'A@@', 'be', 'in', 'T@@', 'ok@@', 'o', ',', 'um', 'wirtschaf@@', 'tliche', 'und', 'sicher@@', 'heits@@', 'politische', 'Be@@', 'zieh@@', 'ungen', 'zu', 'bes@@', 'pre@@', 'chen', '.']
2025-04-29 19:06:49,361 - DEBUG - joeynmt.training - 	Tokenized reference:  ['Indi@@', 'a', '&apos;s', 'new', 'pri@@', 'me', 'minist@@', 'er', ',', 'N@@', 'ar@@', 'end@@', 'ra', 'Mo@@', 'd@@', 'i', ',', 'is', 'me@@', 'eting', 'his', 'J@@', 'ap@@', 'an@@', 'ese', 'coun@@', 'ter@@', 'part', ',', 'S@@', 'hin@@', 'z@@', 'o', 'A@@', 'be', ',', 'in', 'T@@', 'ok@@', 'y@@', 'o', 'to', 'disc@@', 'uss', 'economic', 'and', 'security', 'ties', ',', 'on', 'his', 'first', 'major', 'fore@@', 'ign', 'visi@@', 't', 'since', 'w@@', 'inn@@', 'ing', 'Ma@@', 'y', '&apos;s', 'elec@@', 'tion', '.']
2025-04-29 19:06:49,361 - DEBUG - joeynmt.training - 	Tokenized hypothesis: ['Indi@@', 'a', '&apos;s', 'new', 'price', 'mi@@', 'gration', ',', 'the', 'first', 'important', 'ex@@', 'change', 'of', 'the', 'first', 'important', 'ex@@', 'change', 'for', 'his', 'first', 'important', 'ex@@', 'change', 'for', 'his', 'first', 'important', 'ex@@', 'ec@@', 'ution', 'for', 'his', 'years', ',', 'in', 'the', 'Ma@@', 'y', 'of', 'his', 'j@@', 'ap@@', 'an@@', 'ese', 'Am@@', 'Am@@', 'ts@@', 'k@@', 'i@@', 'an', 'Am@@', 'ts@@', 'k@@', 'i@@', 'vi@@', 'l', ',', 'to', 'economic', 'and', 'security', 'political', 'rel@@', 'ations', '.', '</s>']
2025-04-29 19:06:49,361 - INFO - joeynmt.training - 	Source:     Indiens neuer Premierminister Narendra Modi trifft bei seinem ersten wichtigen Auslandsbesuch seit seinem Wahlsieg im Mai seinen japanischen Amtskollegen Shinzo Abe in Toko , um wirtschaftliche und sicherheitspolitische Beziehungen zu besprechen .
2025-04-29 19:06:49,361 - INFO - joeynmt.training - 	Reference:  India &apos;s new prime minister , Narendra Modi , is meeting his Japanese counterpart , Shinzo Abe , in Tokyo to discuss economic and security ties , on his first major foreign visit since winning May &apos;s election .
2025-04-29 19:06:49,361 - INFO - joeynmt.training - 	Hypothesis: India &apos;s new price migration , the first important exchange of the first important exchange for his first important exchange for his first important execution for his years , in the May of his japanese AmAmtskian Amtskivil , to economic and security political relations .
2025-04-29 19:06:49,361 - INFO - joeynmt.training - Example #2
2025-04-29 19:06:49,361 - DEBUG - joeynmt.training - 	Tokenized source:     ['Herr', 'Mo@@', 'd@@', 'i', 'befindet', 'sich', 'auf', 'einer', 'fü@@', 'n@@', 'f@@', 'tä@@', 'gi@@', 'gen', 'Rei@@', 'se', 'nach', 'J@@', 'ap@@', 'an', ',', 'um', 'die', 'wirtschaf@@', 'tlichen', 'Be@@', 'zieh@@', 'ungen', 'mit', 'der', 'd@@', 'rit@@', 't@@', 'größ@@', 'ten', 'Wirtschafts@@', 'n@@', 'ation', 'der', 'Welt', 'zu', 'fes@@', 'tigen', '.']
2025-04-29 19:06:49,361 - DEBUG - joeynmt.training - 	Tokenized reference:  ['Mr', 'Mo@@', 'd@@', 'i', 'is', 'on', 'a', 'fi@@', 've', '@@@', '-@@', '@', 'day', 'tri@@', 'p', 'to', 'J@@', 'ap@@', 'an', 'to', 'streng@@', 'then', 'economic', 'ties', 'with', 'the', 'third', 'lar@@', 'ges@@', 't', 'econom@@', 'y', 'in', 'the', 'world', '.']
2025-04-29 19:06:49,361 - DEBUG - joeynmt.training - 	Tokenized hypothesis: ['Mr', 'Mo@@', 'd@@', 'i', 'is', 'located', 'on', 'a', 'fi@@', 'f@@', 'f@@', 'f@@', 'ty', 'tra@@', 'v@@', 'el', 'to', 'the', 'economic', 'rel@@', 'ations', 'with', 'the', 'third', 'world', '&apos;s', 'economic', 'rel@@', 'ations', 'with', 'the', 'third', 'world', '&apos;s', 'economic', 'rel@@', 'ations', '.', '</s>']
2025-04-29 19:06:49,361 - INFO - joeynmt.training - 	Source:     Herr Modi befindet sich auf einer fünftägigen Reise nach Japan , um die wirtschaftlichen Beziehungen mit der drittgrößten Wirtschaftsnation der Welt zu festigen .
2025-04-29 19:06:49,361 - INFO - joeynmt.training - 	Reference:  Mr Modi is on a five @-@ day trip to Japan to strengthen economic ties with the third largest economy in the world .
2025-04-29 19:06:49,361 - INFO - joeynmt.training - 	Hypothesis: Mr Modi is located on a fifffty travel to the economic relations with the third world &apos;s economic relations with the third world &apos;s economic relations .
2025-04-29 19:06:49,361 - INFO - joeynmt.training - Example #3
2025-04-29 19:06:49,361 - DEBUG - joeynmt.training - 	Tokenized source:     ['P@@', 'län@@', 'e', 'für', 'eine', 'stärk@@', 'ere', 'k@@', 'ern@@', 'techn@@', 'ische', 'Zusammenarbeit', 'stehen', 'ganz', 'ob@@', 'en', 'auf', 'der', 'Tag@@', 'es@@', 'ordnung', '.']
2025-04-29 19:06:49,361 - DEBUG - joeynmt.training - 	Tokenized reference:  ['high', 'on', 'the', 'agen@@', 'da', 'are', 'pl@@', 'ans', 'for', 'gre@@', 'ater', 'nu@@', 'clear', 'c@@', 'o', '@@@', '-@@', '@', 'operation', '.']
2025-04-29 19:06:49,361 - DEBUG - joeynmt.training - 	Tokenized hypothesis: ['the', 'p@@', 'ast', 'is', 'more', 'seri@@', 'ous', 'techn@@', 'ical', 'cooperation', 'is', 'based', 'on', 'the', 'agen@@', 'da', '.', '</s>']
2025-04-29 19:06:49,362 - INFO - joeynmt.training - 	Source:     Pläne für eine stärkere kerntechnische Zusammenarbeit stehen ganz oben auf der Tagesordnung .
2025-04-29 19:06:49,362 - INFO - joeynmt.training - 	Reference:  high on the agenda are plans for greater nuclear co @-@ operation .
2025-04-29 19:06:49,362 - INFO - joeynmt.training - 	Hypothesis: the past is more serious technical cooperation is based on the agenda .
2025-04-29 19:06:49,362 - INFO - joeynmt.training - Example #4
2025-04-29 19:06:49,362 - DEBUG - joeynmt.training - 	Tokenized source:     ['Berich@@', 'ten', 'zu@@', 'fol@@', 'ge', 'ho@@', 'fft', 'Indi@@', 'en', 'darüber', 'hinaus', 'auf', 'einen', 'Ver@@', 'trag', 'zur', 'Ver@@', 'tei@@', 'dig@@', 'ungs@@', 'zusammen@@', 'arbeit', 'zwischen', 'den', 'beiden', 'N@@', 'ationen', '.']
2025-04-29 19:06:49,362 - DEBUG - joeynmt.training - 	Tokenized reference:  ['Indi@@', 'a', 'is', 'also', 're@@', 'porte@@', 'dly', 'hop@@', 'ing', 'for', 'a', 'de@@', 'al', 'on', 'def@@', 'ence', 'c@@', 'oll@@', 'ab@@', 'or@@', 'ation', 'between', 'the', 'two', 'n@@', 'ations', '.']
2025-04-29 19:06:49,362 - DEBUG - joeynmt.training - 	Tokenized hypothesis: ['the', 're@@', 'ports', 'of', 'the', 'same', 'Indi@@', 'a', '&apos;s', 'de@@', 'par@@', 'ture', 'on', 'the', 'con@@', 'dem@@', 'ning', 'the', 'con@@', 'dem@@', 'ning', 'the', 'de@@', 'par@@', 'ture', 'of', 'the', 'two', 'N@@', 'ations', '.', '</s>']
2025-04-29 19:06:49,362 - INFO - joeynmt.training - 	Source:     Berichten zufolge hofft Indien darüber hinaus auf einen Vertrag zur Verteidigungszusammenarbeit zwischen den beiden Nationen .
2025-04-29 19:06:49,362 - INFO - joeynmt.training - 	Reference:  India is also reportedly hoping for a deal on defence collaboration between the two nations .
2025-04-29 19:06:49,362 - INFO - joeynmt.training - 	Hypothesis: the reports of the same India &apos;s departure on the condemning the condemning the departure of the two Nations .
2025-04-29 19:07:07,249 - INFO - joeynmt.training - Epoch   4, Step:    15600, Batch Loss:     1.868294, Batch Acc: 0.477175, Tokens per Sec:     5081, Lr: 0.000300
2025-04-29 19:07:24,487 - INFO - joeynmt.training - Epoch   4, Step:    15700, Batch Loss:     1.901057, Batch Acc: 0.473183, Tokens per Sec:     5374, Lr: 0.000300
2025-04-29 19:07:41,821 - INFO - joeynmt.training - Epoch   4, Step:    15800, Batch Loss:     1.826934, Batch Acc: 0.481475, Tokens per Sec:     5296, Lr: 0.000300
2025-04-29 19:07:58,796 - INFO - joeynmt.training - Epoch   4, Step:    15900, Batch Loss:     1.931187, Batch Acc: 0.473578, Tokens per Sec:     5475, Lr: 0.000300
2025-04-29 19:08:15,748 - INFO - joeynmt.training - Epoch   4, Step:    16000, Batch Loss:     1.745935, Batch Acc: 0.475680, Tokens per Sec:     5446, Lr: 0.000300
2025-04-29 19:08:15,748 - INFO - joeynmt.prediction - Predicting 500 example(s)... (Greedy decoding with min_output_length=1, max_output_length=-1, return_prob='none', generate_unk=True, repetition_penalty=-1, no_repeat_ngram_size=-1)
2025-04-29 19:08:42,484 - INFO - joeynmt.prediction - Evaluation result (greedy) loss:   2.25, ppl:   9.52, acc:   0.42, generation: 26.7315[sec], evaluation: 0.0000[sec]
2025-04-29 19:08:42,484 - INFO - joeynmt.training - Hooray! New best validation result [ppl]!
2025-04-29 19:08:42,561 - INFO - joeynmt.helpers - delete models/deen_transformer_prenorm/13500.ckpt
2025-04-29 19:08:42,576 - INFO - joeynmt.training - Example #0
2025-04-29 19:08:42,576 - DEBUG - joeynmt.training - 	Tokenized source:     ['die', 'Pre@@', 'mi@@', 'er@@', 'minist@@', 'er', 'Indi@@', 'ens', 'und', 'J@@', 'ap@@', 'ans', 'tra@@', 'fen', 'sich', 'in', 'T@@', 'ok@@', 'i@@', 'o', '.']
2025-04-29 19:08:42,576 - DEBUG - joeynmt.training - 	Tokenized reference:  ['Indi@@', 'a', 'and', 'J@@', 'ap@@', 'an', 'pri@@', 'me', 'minist@@', 'ers', 'me@@', 'et', 'in', 'T@@', 'ok@@', 'y@@', 'o']
2025-04-29 19:08:42,576 - DEBUG - joeynmt.training - 	Tokenized hypothesis: ['the', 'Pri@@', 'me', 'Minist@@', 'er', 'Indi@@', 'a', 'and', 'J@@', 'ap@@', 'an', 'and', 'J@@', 'ap@@', 'an', '.', '</s>']
2025-04-29 19:08:42,576 - INFO - joeynmt.training - 	Source:     die Premierminister Indiens und Japans trafen sich in Tokio .
2025-04-29 19:08:42,576 - INFO - joeynmt.training - 	Reference:  India and Japan prime ministers meet in Tokyo
2025-04-29 19:08:42,576 - INFO - joeynmt.training - 	Hypothesis: the Prime Minister India and Japan and Japan .
2025-04-29 19:08:42,577 - INFO - joeynmt.training - Example #1
2025-04-29 19:08:42,577 - DEBUG - joeynmt.training - 	Tokenized source:     ['Indi@@', 'ens', 'neu@@', 'er', 'Pre@@', 'mi@@', 'er@@', 'minist@@', 'er', 'N@@', 'ar@@', 'end@@', 'ra', 'Mo@@', 'd@@', 'i', 'tri@@', 'fft', 'bei', 's@@', 'einem', 'ersten', 'wichti@@', 'gen', 'Aus@@', 'land@@', 's@@', 'bes@@', 'u@@', 'ch', 'seit', 's@@', 'einem', 'W@@', 'ah@@', 'l@@', 'si@@', 'e@@', 'g', 'im', 'Ma@@', 'i', 'seinen', 'j@@', 'ap@@', 'an@@', 'ischen', 'Am@@', 'ts@@', 'k@@', 'olle@@', 'gen', 'S@@', 'hin@@', 'z@@', 'o', 'A@@', 'be', 'in', 'T@@', 'ok@@', 'o', ',', 'um', 'wirtschaf@@', 'tliche', 'und', 'sicher@@', 'heits@@', 'politische', 'Be@@', 'zieh@@', 'ungen', 'zu', 'bes@@', 'pre@@', 'chen', '.']
2025-04-29 19:08:42,577 - DEBUG - joeynmt.training - 	Tokenized reference:  ['Indi@@', 'a', '&apos;s', 'new', 'pri@@', 'me', 'minist@@', 'er', ',', 'N@@', 'ar@@', 'end@@', 'ra', 'Mo@@', 'd@@', 'i', ',', 'is', 'me@@', 'eting', 'his', 'J@@', 'ap@@', 'an@@', 'ese', 'coun@@', 'ter@@', 'part', ',', 'S@@', 'hin@@', 'z@@', 'o', 'A@@', 'be', ',', 'in', 'T@@', 'ok@@', 'y@@', 'o', 'to', 'disc@@', 'uss', 'economic', 'and', 'security', 'ties', ',', 'on', 'his', 'first', 'major', 'fore@@', 'ign', 'visi@@', 't', 'since', 'w@@', 'inn@@', 'ing', 'Ma@@', 'y', '&apos;s', 'elec@@', 'tion', '.']
2025-04-29 19:08:42,577 - DEBUG - joeynmt.training - 	Tokenized hypothesis: ['Indi@@', 'a', '&apos;s', 'Minist@@', 'er', 'N@@', 'ar@@', 'end@@', 'ra', 'Mo@@', 'd@@', 'i', '&apos;s', 'first', 'important', 'for', 'his', 'first', 'important', 'ex@@', 'ec@@', 'ut@@', 'ed', 'in', 'his', 'first', 'important', 'ex@@', 'ec@@', 'ut@@', 'ed', 'in', 'Ma@@', 'y', ',', 'his', 'j@@', 'ap@@', 'an@@', 'ish', 'Am@@', 'ts@@', 'k@@', 'i@@', 'an', 'Am@@', 'ts@@', 'man', 'colle@@', 'ag@@', 'u@@', 'es', ',', 'and', 'to', 'the', 'economic', 'and', 'security', 'political', 'rel@@', 'ations', '.', '</s>']
2025-04-29 19:08:42,577 - INFO - joeynmt.training - 	Source:     Indiens neuer Premierminister Narendra Modi trifft bei seinem ersten wichtigen Auslandsbesuch seit seinem Wahlsieg im Mai seinen japanischen Amtskollegen Shinzo Abe in Toko , um wirtschaftliche und sicherheitspolitische Beziehungen zu besprechen .
2025-04-29 19:08:42,577 - INFO - joeynmt.training - 	Reference:  India &apos;s new prime minister , Narendra Modi , is meeting his Japanese counterpart , Shinzo Abe , in Tokyo to discuss economic and security ties , on his first major foreign visit since winning May &apos;s election .
2025-04-29 19:08:42,577 - INFO - joeynmt.training - 	Hypothesis: India &apos;s Minister Narendra Modi &apos;s first important for his first important executed in his first important executed in May , his japanish Amtskian Amtsman colleagues , and to the economic and security political relations .
2025-04-29 19:08:42,577 - INFO - joeynmt.training - Example #2
2025-04-29 19:08:42,577 - DEBUG - joeynmt.training - 	Tokenized source:     ['Herr', 'Mo@@', 'd@@', 'i', 'befindet', 'sich', 'auf', 'einer', 'fü@@', 'n@@', 'f@@', 'tä@@', 'gi@@', 'gen', 'Rei@@', 'se', 'nach', 'J@@', 'ap@@', 'an', ',', 'um', 'die', 'wirtschaf@@', 'tlichen', 'Be@@', 'zieh@@', 'ungen', 'mit', 'der', 'd@@', 'rit@@', 't@@', 'größ@@', 'ten', 'Wirtschafts@@', 'n@@', 'ation', 'der', 'Welt', 'zu', 'fes@@', 'tigen', '.']
2025-04-29 19:08:42,577 - DEBUG - joeynmt.training - 	Tokenized reference:  ['Mr', 'Mo@@', 'd@@', 'i', 'is', 'on', 'a', 'fi@@', 've', '@@@', '-@@', '@', 'day', 'tri@@', 'p', 'to', 'J@@', 'ap@@', 'an', 'to', 'streng@@', 'then', 'economic', 'ties', 'with', 'the', 'third', 'lar@@', 'ges@@', 't', 'econom@@', 'y', 'in', 'the', 'world', '.']
2025-04-29 19:08:42,577 - DEBUG - joeynmt.training - 	Tokenized hypothesis: ['Mr', 'Mo@@', 'd@@', 'i', 'is', 'located', 'on', 'a', 'fi@@', 've', 'tra@@', 'ck', 'of', 'the', 'world', '&apos;s', 'economic', 'rel@@', 'ation@@', 'ship', 'with', 'the', 'third', 'b@@', 'ig@@', 'ges@@', 't', 'economic', 'rel@@', 'ation@@', 'ship', 'with', 'the', 'third', 'b@@', 'ig@@', 'ges@@', 't', 'economic', 'n@@', 'ation', '.', '</s>']
2025-04-29 19:08:42,577 - INFO - joeynmt.training - 	Source:     Herr Modi befindet sich auf einer fünftägigen Reise nach Japan , um die wirtschaftlichen Beziehungen mit der drittgrößten Wirtschaftsnation der Welt zu festigen .
2025-04-29 19:08:42,577 - INFO - joeynmt.training - 	Reference:  Mr Modi is on a five @-@ day trip to Japan to strengthen economic ties with the third largest economy in the world .
2025-04-29 19:08:42,577 - INFO - joeynmt.training - 	Hypothesis: Mr Modi is located on a five track of the world &apos;s economic relationship with the third biggest economic relationship with the third biggest economic nation .
2025-04-29 19:08:42,577 - INFO - joeynmt.training - Example #3
2025-04-29 19:08:42,577 - DEBUG - joeynmt.training - 	Tokenized source:     ['P@@', 'län@@', 'e', 'für', 'eine', 'stärk@@', 'ere', 'k@@', 'ern@@', 'techn@@', 'ische', 'Zusammenarbeit', 'stehen', 'ganz', 'ob@@', 'en', 'auf', 'der', 'Tag@@', 'es@@', 'ordnung', '.']
2025-04-29 19:08:42,577 - DEBUG - joeynmt.training - 	Tokenized reference:  ['high', 'on', 'the', 'agen@@', 'da', 'are', 'pl@@', 'ans', 'for', 'gre@@', 'ater', 'nu@@', 'clear', 'c@@', 'o', '@@@', '-@@', '@', 'operation', '.']
2025-04-29 19:08:42,577 - DEBUG - joeynmt.training - 	Tokenized hypothesis: ['P@@', 's', 'for', 'a', 'more', 'seri@@', 'ous', 'techn@@', 'ical', 'co@@', '-@@', 'co@@', '-@@', 'operation', 'is', 'a', 'more', 'c@@', 'are@@', 'ful', 'and', 'the', 'agen@@', 'da', '.', '</s>']
2025-04-29 19:08:42,577 - INFO - joeynmt.training - 	Source:     Pläne für eine stärkere kerntechnische Zusammenarbeit stehen ganz oben auf der Tagesordnung .
2025-04-29 19:08:42,577 - INFO - joeynmt.training - 	Reference:  high on the agenda are plans for greater nuclear co @-@ operation .
2025-04-29 19:08:42,577 - INFO - joeynmt.training - 	Hypothesis: Ps for a more serious technical co-co-operation is a more careful and the agenda .
2025-04-29 19:08:42,577 - INFO - joeynmt.training - Example #4
2025-04-29 19:08:42,577 - DEBUG - joeynmt.training - 	Tokenized source:     ['Berich@@', 'ten', 'zu@@', 'fol@@', 'ge', 'ho@@', 'fft', 'Indi@@', 'en', 'darüber', 'hinaus', 'auf', 'einen', 'Ver@@', 'trag', 'zur', 'Ver@@', 'tei@@', 'dig@@', 'ungs@@', 'zusammen@@', 'arbeit', 'zwischen', 'den', 'beiden', 'N@@', 'ationen', '.']
2025-04-29 19:08:42,577 - DEBUG - joeynmt.training - 	Tokenized reference:  ['Indi@@', 'a', 'is', 'also', 're@@', 'porte@@', 'dly', 'hop@@', 'ing', 'for', 'a', 'de@@', 'al', 'on', 'def@@', 'ence', 'c@@', 'oll@@', 'ab@@', 'or@@', 'ation', 'between', 'the', 'two', 'n@@', 'ations', '.']
2025-04-29 19:08:42,577 - DEBUG - joeynmt.training - 	Tokenized hypothesis: ['the', 'report', 'also', 'high', 'indi@@', 'c@@', 'ated', 'that', 'Indi@@', 'a', '&apos;s', 'con@@', 'dem@@', 'ning', 'on', 'the', 'def@@', 'ence', 'cooperation', 'between', 'the', 'two', 'N@@', 'ations', '.', '</s>']
2025-04-29 19:08:42,577 - INFO - joeynmt.training - 	Source:     Berichten zufolge hofft Indien darüber hinaus auf einen Vertrag zur Verteidigungszusammenarbeit zwischen den beiden Nationen .
2025-04-29 19:08:42,577 - INFO - joeynmt.training - 	Reference:  India is also reportedly hoping for a deal on defence collaboration between the two nations .
2025-04-29 19:08:42,577 - INFO - joeynmt.training - 	Hypothesis: the report also high indicated that India &apos;s condemning on the defence cooperation between the two Nations .
2025-04-29 19:09:00,491 - INFO - joeynmt.training - Epoch   4, Step:    16100, Batch Loss:     2.008604, Batch Acc: 0.477426, Tokens per Sec:     5089, Lr: 0.000300
2025-04-29 19:09:18,216 - INFO - joeynmt.training - Epoch   4, Step:    16200, Batch Loss:     1.974584, Batch Acc: 0.480705, Tokens per Sec:     5257, Lr: 0.000300
2025-04-29 19:09:29,287 - INFO - joeynmt.training - Epoch   4: total training loss 8000.43
2025-04-29 19:09:29,287 - INFO - joeynmt.training - EPOCH 5
2025-04-29 19:09:35,658 - INFO - joeynmt.training - Epoch   5, Step:    16300, Batch Loss:     1.856574, Batch Acc: 0.496439, Tokens per Sec:     5157, Lr: 0.000300
2025-04-29 19:09:53,116 - INFO - joeynmt.training - Epoch   5, Step:    16400, Batch Loss:     1.851734, Batch Acc: 0.499603, Tokens per Sec:     5262, Lr: 0.000300
2025-04-29 19:10:10,467 - INFO - joeynmt.training - Epoch   5, Step:    16500, Batch Loss:     1.994636, Batch Acc: 0.497799, Tokens per Sec:     5369, Lr: 0.000300
2025-04-29 19:10:10,467 - INFO - joeynmt.prediction - Predicting 500 example(s)... (Greedy decoding with min_output_length=1, max_output_length=-1, return_prob='none', generate_unk=True, repetition_penalty=-1, no_repeat_ngram_size=-1)
2025-04-29 19:10:38,098 - INFO - joeynmt.prediction - Evaluation result (greedy) loss:   2.26, ppl:   9.57, acc:   0.42, generation: 27.6267[sec], evaluation: 0.0000[sec]
2025-04-29 19:10:38,186 - INFO - joeynmt.helpers - delete models/deen_transformer_prenorm/14000.ckpt
2025-04-29 19:10:38,197 - INFO - joeynmt.training - Example #0
2025-04-29 19:10:38,197 - DEBUG - joeynmt.training - 	Tokenized source:     ['die', 'Pre@@', 'mi@@', 'er@@', 'minist@@', 'er', 'Indi@@', 'ens', 'und', 'J@@', 'ap@@', 'ans', 'tra@@', 'fen', 'sich', 'in', 'T@@', 'ok@@', 'i@@', 'o', '.']
2025-04-29 19:10:38,197 - DEBUG - joeynmt.training - 	Tokenized reference:  ['Indi@@', 'a', 'and', 'J@@', 'ap@@', 'an', 'pri@@', 'me', 'minist@@', 'ers', 'me@@', 'et', 'in', 'T@@', 'ok@@', 'y@@', 'o']
2025-04-29 19:10:38,197 - DEBUG - joeynmt.training - 	Tokenized hypothesis: ['the', 'Pri@@', 'me', 'Minist@@', 'er', 'Indi@@', 'a', 'and', 'J@@', 'ap@@', 'ans', 'in', 'T@@', 'ok@@', 'i@@', 'o', '.', '</s>']
2025-04-29 19:10:38,197 - INFO - joeynmt.training - 	Source:     die Premierminister Indiens und Japans trafen sich in Tokio .
2025-04-29 19:10:38,197 - INFO - joeynmt.training - 	Reference:  India and Japan prime ministers meet in Tokyo
2025-04-29 19:10:38,197 - INFO - joeynmt.training - 	Hypothesis: the Prime Minister India and Japans in Tokio .
2025-04-29 19:10:38,198 - INFO - joeynmt.training - Example #1
2025-04-29 19:10:38,198 - DEBUG - joeynmt.training - 	Tokenized source:     ['Indi@@', 'ens', 'neu@@', 'er', 'Pre@@', 'mi@@', 'er@@', 'minist@@', 'er', 'N@@', 'ar@@', 'end@@', 'ra', 'Mo@@', 'd@@', 'i', 'tri@@', 'fft', 'bei', 's@@', 'einem', 'ersten', 'wichti@@', 'gen', 'Aus@@', 'land@@', 's@@', 'bes@@', 'u@@', 'ch', 'seit', 's@@', 'einem', 'W@@', 'ah@@', 'l@@', 'si@@', 'e@@', 'g', 'im', 'Ma@@', 'i', 'seinen', 'j@@', 'ap@@', 'an@@', 'ischen', 'Am@@', 'ts@@', 'k@@', 'olle@@', 'gen', 'S@@', 'hin@@', 'z@@', 'o', 'A@@', 'be', 'in', 'T@@', 'ok@@', 'o', ',', 'um', 'wirtschaf@@', 'tliche', 'und', 'sicher@@', 'heits@@', 'politische', 'Be@@', 'zieh@@', 'ungen', 'zu', 'bes@@', 'pre@@', 'chen', '.']
2025-04-29 19:10:38,198 - DEBUG - joeynmt.training - 	Tokenized reference:  ['Indi@@', 'a', '&apos;s', 'new', 'pri@@', 'me', 'minist@@', 'er', ',', 'N@@', 'ar@@', 'end@@', 'ra', 'Mo@@', 'd@@', 'i', ',', 'is', 'me@@', 'eting', 'his', 'J@@', 'ap@@', 'an@@', 'ese', 'coun@@', 'ter@@', 'part', ',', 'S@@', 'hin@@', 'z@@', 'o', 'A@@', 'be', ',', 'in', 'T@@', 'ok@@', 'y@@', 'o', 'to', 'disc@@', 'uss', 'economic', 'and', 'security', 'ties', ',', 'on', 'his', 'first', 'major', 'fore@@', 'ign', 'visi@@', 't', 'since', 'w@@', 'inn@@', 'ing', 'Ma@@', 'y', '&apos;s', 'elec@@', 'tion', '.']
2025-04-29 19:10:38,198 - DEBUG - joeynmt.training - 	Tokenized hypothesis: ['Indi@@', 'a', '&apos;s', 'Pri@@', 'me', 'Minist@@', 'er', 'N@@', 'ar@@', 'end@@', 'ra', 'Mo@@', 'd@@', 'i', '&apos;s', 'first', 'important', 'ex@@', 'am@@', 'in@@', 'ed', 'in', 'his', 'first', 'important', 'ex@@', 'tra@@', 'ordin@@', 'ary', 'elec@@', 'tions', 'in', 'Ma@@', 'y', 'his', 'j@@', 'ap@@', 'an@@', 'i@@', 'an', 'Am@@', 'ts@@', 'k@@', 'o', ',', 'in', 'Ma@@', 'y', ',', 'S@@', 'hin@@', 'z@@', 'o', 'A@@', 'in', 'T@@', 'ok@@', 'o', 'to', 'be', 'a', 'm@@', 'es@@', 'sage', 'of', 'the', 'first', 'important', 'and', 'security', 'political', 'rel@@', 'ations', '.', '</s>']
2025-04-29 19:10:38,198 - INFO - joeynmt.training - 	Source:     Indiens neuer Premierminister Narendra Modi trifft bei seinem ersten wichtigen Auslandsbesuch seit seinem Wahlsieg im Mai seinen japanischen Amtskollegen Shinzo Abe in Toko , um wirtschaftliche und sicherheitspolitische Beziehungen zu besprechen .
2025-04-29 19:10:38,198 - INFO - joeynmt.training - 	Reference:  India &apos;s new prime minister , Narendra Modi , is meeting his Japanese counterpart , Shinzo Abe , in Tokyo to discuss economic and security ties , on his first major foreign visit since winning May &apos;s election .
2025-04-29 19:10:38,198 - INFO - joeynmt.training - 	Hypothesis: India &apos;s Prime Minister Narendra Modi &apos;s first important examined in his first important extraordinary elections in May his japanian Amtsko , in May , Shinzo Ain Toko to be a message of the first important and security political relations .
2025-04-29 19:10:38,198 - INFO - joeynmt.training - Example #2
2025-04-29 19:10:38,198 - DEBUG - joeynmt.training - 	Tokenized source:     ['Herr', 'Mo@@', 'd@@', 'i', 'befindet', 'sich', 'auf', 'einer', 'fü@@', 'n@@', 'f@@', 'tä@@', 'gi@@', 'gen', 'Rei@@', 'se', 'nach', 'J@@', 'ap@@', 'an', ',', 'um', 'die', 'wirtschaf@@', 'tlichen', 'Be@@', 'zieh@@', 'ungen', 'mit', 'der', 'd@@', 'rit@@', 't@@', 'größ@@', 'ten', 'Wirtschafts@@', 'n@@', 'ation', 'der', 'Welt', 'zu', 'fes@@', 'tigen', '.']
2025-04-29 19:10:38,198 - DEBUG - joeynmt.training - 	Tokenized reference:  ['Mr', 'Mo@@', 'd@@', 'i', 'is', 'on', 'a', 'fi@@', 've', '@@@', '-@@', '@', 'day', 'tri@@', 'p', 'to', 'J@@', 'ap@@', 'an', 'to', 'streng@@', 'then', 'economic', 'ties', 'with', 'the', 'third', 'lar@@', 'ges@@', 't', 'econom@@', 'y', 'in', 'the', 'world', '.']
2025-04-29 19:10:38,198 - DEBUG - joeynmt.training - 	Tokenized hypothesis: ['Mr', 'Mo@@', 'd@@', 'i', 'is', 'located', 'on', 'a', 'fi@@', 've', 'tra@@', 'v@@', 'el', 'to', 'the', 'economic', 'rel@@', 'ations', 'with', 'the', 'third', 'lar@@', 'ges@@', 't', 'econom@@', 'y', 'in', 'order', 'to', 'be', 'found', '.', '</s>']
2025-04-29 19:10:38,198 - INFO - joeynmt.training - 	Source:     Herr Modi befindet sich auf einer fünftägigen Reise nach Japan , um die wirtschaftlichen Beziehungen mit der drittgrößten Wirtschaftsnation der Welt zu festigen .
2025-04-29 19:10:38,198 - INFO - joeynmt.training - 	Reference:  Mr Modi is on a five @-@ day trip to Japan to strengthen economic ties with the third largest economy in the world .
2025-04-29 19:10:38,198 - INFO - joeynmt.training - 	Hypothesis: Mr Modi is located on a five travel to the economic relations with the third largest economy in order to be found .
2025-04-29 19:10:38,198 - INFO - joeynmt.training - Example #3
2025-04-29 19:10:38,198 - DEBUG - joeynmt.training - 	Tokenized source:     ['P@@', 'län@@', 'e', 'für', 'eine', 'stärk@@', 'ere', 'k@@', 'ern@@', 'techn@@', 'ische', 'Zusammenarbeit', 'stehen', 'ganz', 'ob@@', 'en', 'auf', 'der', 'Tag@@', 'es@@', 'ordnung', '.']
2025-04-29 19:10:38,198 - DEBUG - joeynmt.training - 	Tokenized reference:  ['high', 'on', 'the', 'agen@@', 'da', 'are', 'pl@@', 'ans', 'for', 'gre@@', 'ater', 'nu@@', 'clear', 'c@@', 'o', '@@@', '-@@', '@', 'operation', '.']
2025-04-29 19:10:38,198 - DEBUG - joeynmt.training - 	Tokenized hypothesis: ['the', 'p@@', 'e', 'of', 'a', 'str@@', 'on@@', 'ger', 'techn@@', 'ical', 'cooperation', 'is', 'very', 'important', 'to', 'the', 'agen@@', 'da', '.', '</s>']
2025-04-29 19:10:38,198 - INFO - joeynmt.training - 	Source:     Pläne für eine stärkere kerntechnische Zusammenarbeit stehen ganz oben auf der Tagesordnung .
2025-04-29 19:10:38,198 - INFO - joeynmt.training - 	Reference:  high on the agenda are plans for greater nuclear co @-@ operation .
2025-04-29 19:10:38,198 - INFO - joeynmt.training - 	Hypothesis: the pe of a stronger technical cooperation is very important to the agenda .
2025-04-29 19:10:38,198 - INFO - joeynmt.training - Example #4
2025-04-29 19:10:38,198 - DEBUG - joeynmt.training - 	Tokenized source:     ['Berich@@', 'ten', 'zu@@', 'fol@@', 'ge', 'ho@@', 'fft', 'Indi@@', 'en', 'darüber', 'hinaus', 'auf', 'einen', 'Ver@@', 'trag', 'zur', 'Ver@@', 'tei@@', 'dig@@', 'ungs@@', 'zusammen@@', 'arbeit', 'zwischen', 'den', 'beiden', 'N@@', 'ationen', '.']
2025-04-29 19:10:38,198 - DEBUG - joeynmt.training - 	Tokenized reference:  ['Indi@@', 'a', 'is', 'also', 're@@', 'porte@@', 'dly', 'hop@@', 'ing', 'for', 'a', 'de@@', 'al', 'on', 'def@@', 'ence', 'c@@', 'oll@@', 'ab@@', 'or@@', 'ation', 'between', 'the', 'two', 'n@@', 'ations', '.']
2025-04-29 19:10:38,198 - DEBUG - joeynmt.training - 	Tokenized hypothesis: ['it', 'is', 'also', 'important', 'to', 'the', 'con@@', 'dem@@', 'n', 'a', 'con@@', 'dition', 'of', 'the', 'def@@', 'ence', 'cooperation', 'between', 'the', 'two', 'N@@', 'ations', '.', '</s>']
2025-04-29 19:10:38,198 - INFO - joeynmt.training - 	Source:     Berichten zufolge hofft Indien darüber hinaus auf einen Vertrag zur Verteidigungszusammenarbeit zwischen den beiden Nationen .
2025-04-29 19:10:38,198 - INFO - joeynmt.training - 	Reference:  India is also reportedly hoping for a deal on defence collaboration between the two nations .
2025-04-29 19:10:38,198 - INFO - joeynmt.training - 	Hypothesis: it is also important to the condemn a condition of the defence cooperation between the two Nations .
2025-04-29 19:10:55,583 - INFO - joeynmt.training - Epoch   5, Step:    16600, Batch Loss:     1.943364, Batch Acc: 0.493905, Tokens per Sec:     5222, Lr: 0.000300
2025-04-29 19:11:12,926 - INFO - joeynmt.training - Epoch   5, Step:    16700, Batch Loss:     1.908141, Batch Acc: 0.496010, Tokens per Sec:     5275, Lr: 0.000300
2025-04-29 19:11:30,403 - INFO - joeynmt.training - Epoch   5, Step:    16800, Batch Loss:     1.740750, Batch Acc: 0.497544, Tokens per Sec:     5335, Lr: 0.000300
2025-04-29 19:11:47,752 - INFO - joeynmt.training - Epoch   5, Step:    16900, Batch Loss:     1.817999, Batch Acc: 0.500315, Tokens per Sec:     5307, Lr: 0.000300
2025-04-29 19:12:05,025 - INFO - joeynmt.training - Epoch   5, Step:    17000, Batch Loss:     1.853968, Batch Acc: 0.492605, Tokens per Sec:     5469, Lr: 0.000300
2025-04-29 19:12:05,025 - INFO - joeynmt.prediction - Predicting 500 example(s)... (Greedy decoding with min_output_length=1, max_output_length=-1, return_prob='none', generate_unk=True, repetition_penalty=-1, no_repeat_ngram_size=-1)
2025-04-29 19:12:35,453 - INFO - joeynmt.prediction - Evaluation result (greedy) loss:   2.25, ppl:   9.45, acc:   0.42, generation: 30.4241[sec], evaluation: 0.0000[sec]
2025-04-29 19:12:35,454 - INFO - joeynmt.training - Hooray! New best validation result [ppl]!
2025-04-29 19:12:35,544 - INFO - joeynmt.helpers - delete models/deen_transformer_prenorm/14500.ckpt
2025-04-29 19:12:35,554 - INFO - joeynmt.training - Example #0
2025-04-29 19:12:35,554 - DEBUG - joeynmt.training - 	Tokenized source:     ['die', 'Pre@@', 'mi@@', 'er@@', 'minist@@', 'er', 'Indi@@', 'ens', 'und', 'J@@', 'ap@@', 'ans', 'tra@@', 'fen', 'sich', 'in', 'T@@', 'ok@@', 'i@@', 'o', '.']
2025-04-29 19:12:35,554 - DEBUG - joeynmt.training - 	Tokenized reference:  ['Indi@@', 'a', 'and', 'J@@', 'ap@@', 'an', 'pri@@', 'me', 'minist@@', 'ers', 'me@@', 'et', 'in', 'T@@', 'ok@@', 'y@@', 'o']
2025-04-29 19:12:35,555 - DEBUG - joeynmt.training - 	Tokenized hypothesis: ['the', 'Pri@@', 'me', 'Minist@@', 'er', 'Indi@@', 'and', 'J@@', 'ap@@', 'ans', ',', 'the', 'Pri@@', 'me', 'Minist@@', 'er', 'Indi@@', 'a', 'and', 'J@@', 'ap@@', 'ans', '.', '</s>']
2025-04-29 19:12:35,555 - INFO - joeynmt.training - 	Source:     die Premierminister Indiens und Japans trafen sich in Tokio .
2025-04-29 19:12:35,555 - INFO - joeynmt.training - 	Reference:  India and Japan prime ministers meet in Tokyo
2025-04-29 19:12:35,555 - INFO - joeynmt.training - 	Hypothesis: the Prime Minister Indiand Japans , the Prime Minister India and Japans .
2025-04-29 19:12:35,555 - INFO - joeynmt.training - Example #1
2025-04-29 19:12:35,555 - DEBUG - joeynmt.training - 	Tokenized source:     ['Indi@@', 'ens', 'neu@@', 'er', 'Pre@@', 'mi@@', 'er@@', 'minist@@', 'er', 'N@@', 'ar@@', 'end@@', 'ra', 'Mo@@', 'd@@', 'i', 'tri@@', 'fft', 'bei', 's@@', 'einem', 'ersten', 'wichti@@', 'gen', 'Aus@@', 'land@@', 's@@', 'bes@@', 'u@@', 'ch', 'seit', 's@@', 'einem', 'W@@', 'ah@@', 'l@@', 'si@@', 'e@@', 'g', 'im', 'Ma@@', 'i', 'seinen', 'j@@', 'ap@@', 'an@@', 'ischen', 'Am@@', 'ts@@', 'k@@', 'olle@@', 'gen', 'S@@', 'hin@@', 'z@@', 'o', 'A@@', 'be', 'in', 'T@@', 'ok@@', 'o', ',', 'um', 'wirtschaf@@', 'tliche', 'und', 'sicher@@', 'heits@@', 'politische', 'Be@@', 'zieh@@', 'ungen', 'zu', 'bes@@', 'pre@@', 'chen', '.']
2025-04-29 19:12:35,555 - DEBUG - joeynmt.training - 	Tokenized reference:  ['Indi@@', 'a', '&apos;s', 'new', 'pri@@', 'me', 'minist@@', 'er', ',', 'N@@', 'ar@@', 'end@@', 'ra', 'Mo@@', 'd@@', 'i', ',', 'is', 'me@@', 'eting', 'his', 'J@@', 'ap@@', 'an@@', 'ese', 'coun@@', 'ter@@', 'part', ',', 'S@@', 'hin@@', 'z@@', 'o', 'A@@', 'be', ',', 'in', 'T@@', 'ok@@', 'y@@', 'o', 'to', 'disc@@', 'uss', 'economic', 'and', 'security', 'ties', ',', 'on', 'his', 'first', 'major', 'fore@@', 'ign', 'visi@@', 't', 'since', 'w@@', 'inn@@', 'ing', 'Ma@@', 'y', '&apos;s', 'elec@@', 'tion', '.']
2025-04-29 19:12:35,555 - DEBUG - joeynmt.training - 	Tokenized hypothesis: ['Indi@@', 'a', '&apos;s', 'new', 'Pri@@', 'me', 'Minist@@', 'er', 'N@@', 'ar@@', 'end@@', 'ra', 'Mo@@', 'd@@', 'i', ',', 'S@@', 'ec@@', 'on@@', 'z@@', 'o', 'A@@', 'in', 'T@@', 'ok@@', 'o', ',', 'the', 'first', 'important', 'ex@@', 'ec@@', 'u@@', 'tive', 'A@@', 'ff@@', 'air@@', 's', ',', 'in', 'Ma@@', 'y', ',', 'his', 'j@@', 'ap@@', 'an@@', 'i@@', 'an', 'Am@@', 'ts@@', 'k@@', 'i@@', 'an', 'Am@@', 'ts@@', 'k@@', 'o', ',', 'to', 'economic', 'and', 'security', 'political', 'rel@@', 'ations', '.', '</s>']
2025-04-29 19:12:35,555 - INFO - joeynmt.training - 	Source:     Indiens neuer Premierminister Narendra Modi trifft bei seinem ersten wichtigen Auslandsbesuch seit seinem Wahlsieg im Mai seinen japanischen Amtskollegen Shinzo Abe in Toko , um wirtschaftliche und sicherheitspolitische Beziehungen zu besprechen .
2025-04-29 19:12:35,555 - INFO - joeynmt.training - 	Reference:  India &apos;s new prime minister , Narendra Modi , is meeting his Japanese counterpart , Shinzo Abe , in Tokyo to discuss economic and security ties , on his first major foreign visit since winning May &apos;s election .
2025-04-29 19:12:35,555 - INFO - joeynmt.training - 	Hypothesis: India &apos;s new Prime Minister Narendra Modi , Seconzo Ain Toko , the first important executive Affairs , in May , his japanian Amtskian Amtsko , to economic and security political relations .
2025-04-29 19:12:35,555 - INFO - joeynmt.training - Example #2
2025-04-29 19:12:35,555 - DEBUG - joeynmt.training - 	Tokenized source:     ['Herr', 'Mo@@', 'd@@', 'i', 'befindet', 'sich', 'auf', 'einer', 'fü@@', 'n@@', 'f@@', 'tä@@', 'gi@@', 'gen', 'Rei@@', 'se', 'nach', 'J@@', 'ap@@', 'an', ',', 'um', 'die', 'wirtschaf@@', 'tlichen', 'Be@@', 'zieh@@', 'ungen', 'mit', 'der', 'd@@', 'rit@@', 't@@', 'größ@@', 'ten', 'Wirtschafts@@', 'n@@', 'ation', 'der', 'Welt', 'zu', 'fes@@', 'tigen', '.']
2025-04-29 19:12:35,555 - DEBUG - joeynmt.training - 	Tokenized reference:  ['Mr', 'Mo@@', 'd@@', 'i', 'is', 'on', 'a', 'fi@@', 've', '@@@', '-@@', '@', 'day', 'tri@@', 'p', 'to', 'J@@', 'ap@@', 'an', 'to', 'streng@@', 'then', 'economic', 'ties', 'with', 'the', 'third', 'lar@@', 'ges@@', 't', 'econom@@', 'y', 'in', 'the', 'world', '.']
2025-04-29 19:12:35,555 - DEBUG - joeynmt.training - 	Tokenized hypothesis: ['Mr', 'Mo@@', 'd@@', 'i', 'is', 'located', 'on', 'a', 'fi@@', 'f@@', 'f@@', 'f@@', 'f@@', 'ty', 'tra@@', 'v@@', 'el', 'to', 'J@@', 'ap@@', 'an', 'to', 'be', 'a', 'fi@@', 'f@@', 'f@@', 'f@@', 'ty', 'economic', 'rel@@', 'ations', 'with', 'the', 'third', 'b@@', 'ig@@', 'ges@@', 't', 'econom@@', 'y', '.', '</s>']
2025-04-29 19:12:35,555 - INFO - joeynmt.training - 	Source:     Herr Modi befindet sich auf einer fünftägigen Reise nach Japan , um die wirtschaftlichen Beziehungen mit der drittgrößten Wirtschaftsnation der Welt zu festigen .
2025-04-29 19:12:35,555 - INFO - joeynmt.training - 	Reference:  Mr Modi is on a five @-@ day trip to Japan to strengthen economic ties with the third largest economy in the world .
2025-04-29 19:12:35,555 - INFO - joeynmt.training - 	Hypothesis: Mr Modi is located on a fiffffty travel to Japan to be a fifffty economic relations with the third biggest economy .
2025-04-29 19:12:35,555 - INFO - joeynmt.training - Example #3
2025-04-29 19:12:35,555 - DEBUG - joeynmt.training - 	Tokenized source:     ['P@@', 'län@@', 'e', 'für', 'eine', 'stärk@@', 'ere', 'k@@', 'ern@@', 'techn@@', 'ische', 'Zusammenarbeit', 'stehen', 'ganz', 'ob@@', 'en', 'auf', 'der', 'Tag@@', 'es@@', 'ordnung', '.']
2025-04-29 19:12:35,555 - DEBUG - joeynmt.training - 	Tokenized reference:  ['high', 'on', 'the', 'agen@@', 'da', 'are', 'pl@@', 'ans', 'for', 'gre@@', 'ater', 'nu@@', 'clear', 'c@@', 'o', '@@@', '-@@', '@', 'operation', '.']
2025-04-29 19:12:35,555 - DEBUG - joeynmt.training - 	Tokenized hypothesis: ['p@@', 'at@@', 'tern', 'for', 'a', 'more', 'seri@@', 'ous', 'techn@@', 'ical', 'cooperation', ',', 'is', 'a', 'major', 'techn@@', 'ical', 'co@@', 'vers', '.', '</s>']
2025-04-29 19:12:35,555 - INFO - joeynmt.training - 	Source:     Pläne für eine stärkere kerntechnische Zusammenarbeit stehen ganz oben auf der Tagesordnung .
2025-04-29 19:12:35,555 - INFO - joeynmt.training - 	Reference:  high on the agenda are plans for greater nuclear co @-@ operation .
2025-04-29 19:12:35,555 - INFO - joeynmt.training - 	Hypothesis: pattern for a more serious technical cooperation , is a major technical covers .
2025-04-29 19:12:35,555 - INFO - joeynmt.training - Example #4
2025-04-29 19:12:35,555 - DEBUG - joeynmt.training - 	Tokenized source:     ['Berich@@', 'ten', 'zu@@', 'fol@@', 'ge', 'ho@@', 'fft', 'Indi@@', 'en', 'darüber', 'hinaus', 'auf', 'einen', 'Ver@@', 'trag', 'zur', 'Ver@@', 'tei@@', 'dig@@', 'ungs@@', 'zusammen@@', 'arbeit', 'zwischen', 'den', 'beiden', 'N@@', 'ationen', '.']
2025-04-29 19:12:35,555 - DEBUG - joeynmt.training - 	Tokenized reference:  ['Indi@@', 'a', 'is', 'also', 're@@', 'porte@@', 'dly', 'hop@@', 'ing', 'for', 'a', 'de@@', 'al', 'on', 'def@@', 'ence', 'c@@', 'oll@@', 'ab@@', 'or@@', 'ation', 'between', 'the', 'two', 'n@@', 'ations', '.']
2025-04-29 19:12:35,556 - DEBUG - joeynmt.training - 	Tokenized hypothesis: ['the', 'report', 'also', 'high', 'indi@@', 'c@@', 'ates', 'that', 'Indi@@', 'a', '&apos;s', 'con@@', 'tra@@', 'ct', 'on', 'a', 'con@@', 'tra@@', 'ct', 'cooperation', 'between', 'the', 'two', 'N@@', 'ations', '.', '</s>']
2025-04-29 19:12:35,556 - INFO - joeynmt.training - 	Source:     Berichten zufolge hofft Indien darüber hinaus auf einen Vertrag zur Verteidigungszusammenarbeit zwischen den beiden Nationen .
2025-04-29 19:12:35,556 - INFO - joeynmt.training - 	Reference:  India is also reportedly hoping for a deal on defence collaboration between the two nations .
2025-04-29 19:12:35,556 - INFO - joeynmt.training - 	Hypothesis: the report also high indicates that India &apos;s contract on a contract cooperation between the two Nations .
2025-04-29 19:12:53,130 - INFO - joeynmt.training - Epoch   5, Step:    17100, Batch Loss:     1.777757, Batch Acc: 0.491371, Tokens per Sec:     5147, Lr: 0.000300
2025-04-29 19:13:10,394 - INFO - joeynmt.training - Epoch   5, Step:    17200, Batch Loss:     1.943644, Batch Acc: 0.500187, Tokens per Sec:     5257, Lr: 0.000300
2025-04-29 19:13:27,721 - INFO - joeynmt.training - Epoch   5, Step:    17300, Batch Loss:     2.014072, Batch Acc: 0.493529, Tokens per Sec:     5329, Lr: 0.000300
2025-04-29 19:13:45,321 - INFO - joeynmt.training - Epoch   5, Step:    17400, Batch Loss:     2.316550, Batch Acc: 0.497064, Tokens per Sec:     5196, Lr: 0.000300
2025-04-29 19:14:02,256 - INFO - joeynmt.training - Epoch   5, Step:    17500, Batch Loss:     1.878308, Batch Acc: 0.495354, Tokens per Sec:     5510, Lr: 0.000300
2025-04-29 19:14:02,256 - INFO - joeynmt.prediction - Predicting 500 example(s)... (Greedy decoding with min_output_length=1, max_output_length=-1, return_prob='none', generate_unk=True, repetition_penalty=-1, no_repeat_ngram_size=-1)
2025-04-29 19:14:31,188 - INFO - joeynmt.prediction - Evaluation result (greedy) loss:   2.24, ppl:   9.36, acc:   0.43, generation: 28.9280[sec], evaluation: 0.0000[sec]
2025-04-29 19:14:31,189 - INFO - joeynmt.training - Hooray! New best validation result [ppl]!
2025-04-29 19:14:31,274 - INFO - joeynmt.helpers - delete models/deen_transformer_prenorm/15000.ckpt
2025-04-29 19:14:31,282 - INFO - joeynmt.training - Example #0
2025-04-29 19:14:31,282 - DEBUG - joeynmt.training - 	Tokenized source:     ['die', 'Pre@@', 'mi@@', 'er@@', 'minist@@', 'er', 'Indi@@', 'ens', 'und', 'J@@', 'ap@@', 'ans', 'tra@@', 'fen', 'sich', 'in', 'T@@', 'ok@@', 'i@@', 'o', '.']
2025-04-29 19:14:31,282 - DEBUG - joeynmt.training - 	Tokenized reference:  ['Indi@@', 'a', 'and', 'J@@', 'ap@@', 'an', 'pri@@', 'me', 'minist@@', 'ers', 'me@@', 'et', 'in', 'T@@', 'ok@@', 'y@@', 'o']
2025-04-29 19:14:31,282 - DEBUG - joeynmt.training - 	Tokenized hypothesis: ['the', 'Pri@@', 'me', 'Minist@@', 'er', 'Indi@@', 'a', 'and', 'J@@', 'ap@@', 'an', ',', 'the', 'Pre@@', 'mi@@', 'er', '.', '</s>']
2025-04-29 19:14:31,283 - INFO - joeynmt.training - 	Source:     die Premierminister Indiens und Japans trafen sich in Tokio .
2025-04-29 19:14:31,283 - INFO - joeynmt.training - 	Reference:  India and Japan prime ministers meet in Tokyo
2025-04-29 19:14:31,283 - INFO - joeynmt.training - 	Hypothesis: the Prime Minister India and Japan , the Premier .
2025-04-29 19:14:31,283 - INFO - joeynmt.training - Example #1
2025-04-29 19:14:31,283 - DEBUG - joeynmt.training - 	Tokenized source:     ['Indi@@', 'ens', 'neu@@', 'er', 'Pre@@', 'mi@@', 'er@@', 'minist@@', 'er', 'N@@', 'ar@@', 'end@@', 'ra', 'Mo@@', 'd@@', 'i', 'tri@@', 'fft', 'bei', 's@@', 'einem', 'ersten', 'wichti@@', 'gen', 'Aus@@', 'land@@', 's@@', 'bes@@', 'u@@', 'ch', 'seit', 's@@', 'einem', 'W@@', 'ah@@', 'l@@', 'si@@', 'e@@', 'g', 'im', 'Ma@@', 'i', 'seinen', 'j@@', 'ap@@', 'an@@', 'ischen', 'Am@@', 'ts@@', 'k@@', 'olle@@', 'gen', 'S@@', 'hin@@', 'z@@', 'o', 'A@@', 'be', 'in', 'T@@', 'ok@@', 'o', ',', 'um', 'wirtschaf@@', 'tliche', 'und', 'sicher@@', 'heits@@', 'politische', 'Be@@', 'zieh@@', 'ungen', 'zu', 'bes@@', 'pre@@', 'chen', '.']
2025-04-29 19:14:31,283 - DEBUG - joeynmt.training - 	Tokenized reference:  ['Indi@@', 'a', '&apos;s', 'new', 'pri@@', 'me', 'minist@@', 'er', ',', 'N@@', 'ar@@', 'end@@', 'ra', 'Mo@@', 'd@@', 'i', ',', 'is', 'me@@', 'eting', 'his', 'J@@', 'ap@@', 'an@@', 'ese', 'coun@@', 'ter@@', 'part', ',', 'S@@', 'hin@@', 'z@@', 'o', 'A@@', 'be', ',', 'in', 'T@@', 'ok@@', 'y@@', 'o', 'to', 'disc@@', 'uss', 'economic', 'and', 'security', 'ties', ',', 'on', 'his', 'first', 'major', 'fore@@', 'ign', 'visi@@', 't', 'since', 'w@@', 'inn@@', 'ing', 'Ma@@', 'y', '&apos;s', 'elec@@', 'tion', '.']
2025-04-29 19:14:31,283 - DEBUG - joeynmt.training - 	Tokenized hypothesis: ['Indi@@', 'a', '&apos;s', 'pre@@', 'mi@@', 'er', 'of', 'the', 'N@@', 'ar@@', 'end@@', 'ra', 'Mo@@', 'd@@', 'i', '&apos;s', 'first', 'important', 'ex@@', 'ec@@', 'ution', 'for', 'his', 'first', 'important', 'ex@@', 'ec@@', 'ution', 'for', 'his', 'year', ',', 'in', 'the', 'Ma@@', 'y', 'of', 'his', 'yo@@', 'ung', 'people', '&apos;s', 'S@@', 'hin@@', 'z@@', 'o', 'A@@', 'be', 'in', 'T@@', 'ok@@', 'o', ',', 'to', 'the', 'economic', 'and', 'security', 'policy', 'rel@@', 'ations', '.', '</s>']
2025-04-29 19:14:31,283 - INFO - joeynmt.training - 	Source:     Indiens neuer Premierminister Narendra Modi trifft bei seinem ersten wichtigen Auslandsbesuch seit seinem Wahlsieg im Mai seinen japanischen Amtskollegen Shinzo Abe in Toko , um wirtschaftliche und sicherheitspolitische Beziehungen zu besprechen .
2025-04-29 19:14:31,283 - INFO - joeynmt.training - 	Reference:  India &apos;s new prime minister , Narendra Modi , is meeting his Japanese counterpart , Shinzo Abe , in Tokyo to discuss economic and security ties , on his first major foreign visit since winning May &apos;s election .
2025-04-29 19:14:31,283 - INFO - joeynmt.training - 	Hypothesis: India &apos;s premier of the Narendra Modi &apos;s first important execution for his first important execution for his year , in the May of his young people &apos;s Shinzo Abe in Toko , to the economic and security policy relations .
2025-04-29 19:14:31,283 - INFO - joeynmt.training - Example #2
2025-04-29 19:14:31,283 - DEBUG - joeynmt.training - 	Tokenized source:     ['Herr', 'Mo@@', 'd@@', 'i', 'befindet', 'sich', 'auf', 'einer', 'fü@@', 'n@@', 'f@@', 'tä@@', 'gi@@', 'gen', 'Rei@@', 'se', 'nach', 'J@@', 'ap@@', 'an', ',', 'um', 'die', 'wirtschaf@@', 'tlichen', 'Be@@', 'zieh@@', 'ungen', 'mit', 'der', 'd@@', 'rit@@', 't@@', 'größ@@', 'ten', 'Wirtschafts@@', 'n@@', 'ation', 'der', 'Welt', 'zu', 'fes@@', 'tigen', '.']
2025-04-29 19:14:31,283 - DEBUG - joeynmt.training - 	Tokenized reference:  ['Mr', 'Mo@@', 'd@@', 'i', 'is', 'on', 'a', 'fi@@', 've', '@@@', '-@@', '@', 'day', 'tri@@', 'p', 'to', 'J@@', 'ap@@', 'an', 'to', 'streng@@', 'then', 'economic', 'ties', 'with', 'the', 'third', 'lar@@', 'ges@@', 't', 'econom@@', 'y', 'in', 'the', 'world', '.']
2025-04-29 19:14:31,283 - DEBUG - joeynmt.training - 	Tokenized hypothesis: ['Mr', 'Mo@@', 'd@@', 'i', 'is', 'located', 'on', 'a', 'fi@@', 've', 'f@@', 'f@@', 'ty', 'tra@@', 'v@@', 'el', 'in', 'order', 'to', 'make', 'the', 'economic', 'rel@@', 'ations', 'with', 'the', 'third', 'b@@', 'ig@@', 'ges@@', 't', 'economic', 'rel@@', 'ations', '.', '</s>']
2025-04-29 19:14:31,283 - INFO - joeynmt.training - 	Source:     Herr Modi befindet sich auf einer fünftägigen Reise nach Japan , um die wirtschaftlichen Beziehungen mit der drittgrößten Wirtschaftsnation der Welt zu festigen .
2025-04-29 19:14:31,283 - INFO - joeynmt.training - 	Reference:  Mr Modi is on a five @-@ day trip to Japan to strengthen economic ties with the third largest economy in the world .
2025-04-29 19:14:31,283 - INFO - joeynmt.training - 	Hypothesis: Mr Modi is located on a five ffty travel in order to make the economic relations with the third biggest economic relations .
2025-04-29 19:14:31,283 - INFO - joeynmt.training - Example #3
2025-04-29 19:14:31,283 - DEBUG - joeynmt.training - 	Tokenized source:     ['P@@', 'län@@', 'e', 'für', 'eine', 'stärk@@', 'ere', 'k@@', 'ern@@', 'techn@@', 'ische', 'Zusammenarbeit', 'stehen', 'ganz', 'ob@@', 'en', 'auf', 'der', 'Tag@@', 'es@@', 'ordnung', '.']
2025-04-29 19:14:31,283 - DEBUG - joeynmt.training - 	Tokenized reference:  ['high', 'on', 'the', 'agen@@', 'da', 'are', 'pl@@', 'ans', 'for', 'gre@@', 'ater', 'nu@@', 'clear', 'c@@', 'o', '@@@', '-@@', '@', 'operation', '.']
2025-04-29 19:14:31,283 - DEBUG - joeynmt.training - 	Tokenized hypothesis: ['p@@', 'ages', 'for', 'more', 'seri@@', 'ous', 'co@@', 'sts', 'in', 'the', 'agen@@', 'da', 'of', 'the', 'agen@@', 'da', '.', '</s>']
2025-04-29 19:14:31,283 - INFO - joeynmt.training - 	Source:     Pläne für eine stärkere kerntechnische Zusammenarbeit stehen ganz oben auf der Tagesordnung .
2025-04-29 19:14:31,283 - INFO - joeynmt.training - 	Reference:  high on the agenda are plans for greater nuclear co @-@ operation .
2025-04-29 19:14:31,283 - INFO - joeynmt.training - 	Hypothesis: pages for more serious costs in the agenda of the agenda .
2025-04-29 19:14:31,283 - INFO - joeynmt.training - Example #4
2025-04-29 19:14:31,283 - DEBUG - joeynmt.training - 	Tokenized source:     ['Berich@@', 'ten', 'zu@@', 'fol@@', 'ge', 'ho@@', 'fft', 'Indi@@', 'en', 'darüber', 'hinaus', 'auf', 'einen', 'Ver@@', 'trag', 'zur', 'Ver@@', 'tei@@', 'dig@@', 'ungs@@', 'zusammen@@', 'arbeit', 'zwischen', 'den', 'beiden', 'N@@', 'ationen', '.']
2025-04-29 19:14:31,283 - DEBUG - joeynmt.training - 	Tokenized reference:  ['Indi@@', 'a', 'is', 'also', 're@@', 'porte@@', 'dly', 'hop@@', 'ing', 'for', 'a', 'de@@', 'al', 'on', 'def@@', 'ence', 'c@@', 'oll@@', 'ab@@', 'or@@', 'ation', 'between', 'the', 'two', 'n@@', 'ations', '.']
2025-04-29 19:14:31,283 - DEBUG - joeynmt.training - 	Tokenized hypothesis: ['it', 'is', 'also', 'high@@', 'ly', 'indi@@', 'c@@', 'ated', 'that', 'the', 'con@@', 'tra@@', 'ct', 'of', 'the', 'def@@', 'ence', 'work', 'between', 'the', 'two', 'n@@', 'ations', '.', '</s>']
2025-04-29 19:14:31,283 - INFO - joeynmt.training - 	Source:     Berichten zufolge hofft Indien darüber hinaus auf einen Vertrag zur Verteidigungszusammenarbeit zwischen den beiden Nationen .
2025-04-29 19:14:31,283 - INFO - joeynmt.training - 	Reference:  India is also reportedly hoping for a deal on defence collaboration between the two nations .
2025-04-29 19:14:31,283 - INFO - joeynmt.training - 	Hypothesis: it is also highly indicated that the contract of the defence work between the two nations .
2025-04-29 19:14:49,169 - INFO - joeynmt.training - Epoch   5, Step:    17600, Batch Loss:     1.842749, Batch Acc: 0.498862, Tokens per Sec:     5033, Lr: 0.000300
2025-04-29 19:15:07,338 - INFO - joeynmt.training - Epoch   5, Step:    17700, Batch Loss:     1.968074, Batch Acc: 0.492269, Tokens per Sec:     5012, Lr: 0.000300
2025-04-29 19:15:25,091 - INFO - joeynmt.training - Epoch   5, Step:    17800, Batch Loss:     1.806286, Batch Acc: 0.493690, Tokens per Sec:     5222, Lr: 0.000300
2025-04-29 19:15:42,685 - INFO - joeynmt.training - Epoch   5, Step:    17900, Batch Loss:     1.759300, Batch Acc: 0.497303, Tokens per Sec:     5238, Lr: 0.000300
2025-04-29 19:15:59,349 - INFO - joeynmt.training - Epoch   5, Step:    18000, Batch Loss:     1.978181, Batch Acc: 0.501548, Tokens per Sec:     5503, Lr: 0.000300
2025-04-29 19:15:59,349 - INFO - joeynmt.prediction - Predicting 500 example(s)... (Greedy decoding with min_output_length=1, max_output_length=-1, return_prob='none', generate_unk=True, repetition_penalty=-1, no_repeat_ngram_size=-1)
2025-04-29 19:16:28,055 - INFO - joeynmt.prediction - Evaluation result (greedy) loss:   2.23, ppl:   9.27, acc:   0.43, generation: 28.7020[sec], evaluation: 0.0000[sec]
2025-04-29 19:16:28,056 - INFO - joeynmt.training - Hooray! New best validation result [ppl]!
2025-04-29 19:16:28,137 - INFO - joeynmt.helpers - delete models/deen_transformer_prenorm/15500.ckpt
2025-04-29 19:16:28,143 - INFO - joeynmt.training - Example #0
2025-04-29 19:16:28,143 - DEBUG - joeynmt.training - 	Tokenized source:     ['die', 'Pre@@', 'mi@@', 'er@@', 'minist@@', 'er', 'Indi@@', 'ens', 'und', 'J@@', 'ap@@', 'ans', 'tra@@', 'fen', 'sich', 'in', 'T@@', 'ok@@', 'i@@', 'o', '.']
2025-04-29 19:16:28,143 - DEBUG - joeynmt.training - 	Tokenized reference:  ['Indi@@', 'a', 'and', 'J@@', 'ap@@', 'an', 'pri@@', 'me', 'minist@@', 'ers', 'me@@', 'et', 'in', 'T@@', 'ok@@', 'y@@', 'o']
2025-04-29 19:16:28,143 - DEBUG - joeynmt.training - 	Tokenized hypothesis: ['the', 'Pri@@', 'me', 'Minist@@', 'er', 'Indi@@', 'a', 'and', 'J@@', 'ap@@', 'an', ',', 'T@@', 'ok@@', 'i@@', 'o', '.', '</s>']
2025-04-29 19:16:28,143 - INFO - joeynmt.training - 	Source:     die Premierminister Indiens und Japans trafen sich in Tokio .
2025-04-29 19:16:28,143 - INFO - joeynmt.training - 	Reference:  India and Japan prime ministers meet in Tokyo
2025-04-29 19:16:28,143 - INFO - joeynmt.training - 	Hypothesis: the Prime Minister India and Japan , Tokio .
2025-04-29 19:16:28,143 - INFO - joeynmt.training - Example #1
2025-04-29 19:16:28,144 - DEBUG - joeynmt.training - 	Tokenized source:     ['Indi@@', 'ens', 'neu@@', 'er', 'Pre@@', 'mi@@', 'er@@', 'minist@@', 'er', 'N@@', 'ar@@', 'end@@', 'ra', 'Mo@@', 'd@@', 'i', 'tri@@', 'fft', 'bei', 's@@', 'einem', 'ersten', 'wichti@@', 'gen', 'Aus@@', 'land@@', 's@@', 'bes@@', 'u@@', 'ch', 'seit', 's@@', 'einem', 'W@@', 'ah@@', 'l@@', 'si@@', 'e@@', 'g', 'im', 'Ma@@', 'i', 'seinen', 'j@@', 'ap@@', 'an@@', 'ischen', 'Am@@', 'ts@@', 'k@@', 'olle@@', 'gen', 'S@@', 'hin@@', 'z@@', 'o', 'A@@', 'be', 'in', 'T@@', 'ok@@', 'o', ',', 'um', 'wirtschaf@@', 'tliche', 'und', 'sicher@@', 'heits@@', 'politische', 'Be@@', 'zieh@@', 'ungen', 'zu', 'bes@@', 'pre@@', 'chen', '.']
2025-04-29 19:16:28,144 - DEBUG - joeynmt.training - 	Tokenized reference:  ['Indi@@', 'a', '&apos;s', 'new', 'pri@@', 'me', 'minist@@', 'er', ',', 'N@@', 'ar@@', 'end@@', 'ra', 'Mo@@', 'd@@', 'i', ',', 'is', 'me@@', 'eting', 'his', 'J@@', 'ap@@', 'an@@', 'ese', 'coun@@', 'ter@@', 'part', ',', 'S@@', 'hin@@', 'z@@', 'o', 'A@@', 'be', ',', 'in', 'T@@', 'ok@@', 'y@@', 'o', 'to', 'disc@@', 'uss', 'economic', 'and', 'security', 'ties', ',', 'on', 'his', 'first', 'major', 'fore@@', 'ign', 'visi@@', 't', 'since', 'w@@', 'inn@@', 'ing', 'Ma@@', 'y', '&apos;s', 'elec@@', 'tion', '.']
2025-04-29 19:16:28,144 - DEBUG - joeynmt.training - 	Tokenized hypothesis: ['Indi@@', 'a', '&apos;s', 'new', 'Pri@@', 'me', 'Minist@@', 'er', 'N@@', 'ar@@', 'end@@', 'ra', 'Mo@@', 'd@@', 'i', '&apos;s', 'first', 'important', 'ex@@', 'ec@@', 'ut@@', 'ed', 'by', 'the', 'S@@', 'h@@', 'y@@', 'ri@@', 'c@@', 's', 'of', 'his', 'yo@@', 'ung', 'people', 'in', 'Ma@@', 'y', 'of', 'his', 'j@@', 'ap@@', 'an', 'of', 'the', 'A@@', 'ss@@', 'as@@', 'ks', 'of', 'S@@', 'hin@@', 'z@@', 'o', 'to', 'the', 'A@@', 'in', 'T@@', 'ok@@', 'o', 'to', 'the', 'economic', 'and', 'social', 'policy', 'rel@@', 'ations', '.', '</s>']
2025-04-29 19:16:28,144 - INFO - joeynmt.training - 	Source:     Indiens neuer Premierminister Narendra Modi trifft bei seinem ersten wichtigen Auslandsbesuch seit seinem Wahlsieg im Mai seinen japanischen Amtskollegen Shinzo Abe in Toko , um wirtschaftliche und sicherheitspolitische Beziehungen zu besprechen .
2025-04-29 19:16:28,144 - INFO - joeynmt.training - 	Reference:  India &apos;s new prime minister , Narendra Modi , is meeting his Japanese counterpart , Shinzo Abe , in Tokyo to discuss economic and security ties , on his first major foreign visit since winning May &apos;s election .
2025-04-29 19:16:28,144 - INFO - joeynmt.training - 	Hypothesis: India &apos;s new Prime Minister Narendra Modi &apos;s first important executed by the Shyrics of his young people in May of his japan of the Assasks of Shinzo to the Ain Toko to the economic and social policy relations .
2025-04-29 19:16:28,144 - INFO - joeynmt.training - Example #2
2025-04-29 19:16:28,144 - DEBUG - joeynmt.training - 	Tokenized source:     ['Herr', 'Mo@@', 'd@@', 'i', 'befindet', 'sich', 'auf', 'einer', 'fü@@', 'n@@', 'f@@', 'tä@@', 'gi@@', 'gen', 'Rei@@', 'se', 'nach', 'J@@', 'ap@@', 'an', ',', 'um', 'die', 'wirtschaf@@', 'tlichen', 'Be@@', 'zieh@@', 'ungen', 'mit', 'der', 'd@@', 'rit@@', 't@@', 'größ@@', 'ten', 'Wirtschafts@@', 'n@@', 'ation', 'der', 'Welt', 'zu', 'fes@@', 'tigen', '.']
2025-04-29 19:16:28,144 - DEBUG - joeynmt.training - 	Tokenized reference:  ['Mr', 'Mo@@', 'd@@', 'i', 'is', 'on', 'a', 'fi@@', 've', '@@@', '-@@', '@', 'day', 'tri@@', 'p', 'to', 'J@@', 'ap@@', 'an', 'to', 'streng@@', 'then', 'economic', 'ties', 'with', 'the', 'third', 'lar@@', 'ges@@', 't', 'econom@@', 'y', 'in', 'the', 'world', '.']
2025-04-29 19:16:28,144 - DEBUG - joeynmt.training - 	Tokenized hypothesis: ['Mr', 'Mo@@', 'd@@', 'i', 'is', 'situ@@', 'ated', 'on', 'a', 'fi@@', 'f@@', 'ty', 'tra@@', 'v@@', 'el', 'to', 'J@@', 'ap@@', 'an', 'to', 're@@', 'main', 'economic', 'rel@@', 'ations', 'with', 'the', 'third', 'b@@', 'ig@@', 'ges@@', 't', 'econom@@', 'y', '.', '</s>']
2025-04-29 19:16:28,144 - INFO - joeynmt.training - 	Source:     Herr Modi befindet sich auf einer fünftägigen Reise nach Japan , um die wirtschaftlichen Beziehungen mit der drittgrößten Wirtschaftsnation der Welt zu festigen .
2025-04-29 19:16:28,144 - INFO - joeynmt.training - 	Reference:  Mr Modi is on a five @-@ day trip to Japan to strengthen economic ties with the third largest economy in the world .
2025-04-29 19:16:28,144 - INFO - joeynmt.training - 	Hypothesis: Mr Modi is situated on a fifty travel to Japan to remain economic relations with the third biggest economy .
2025-04-29 19:16:28,144 - INFO - joeynmt.training - Example #3
2025-04-29 19:16:28,144 - DEBUG - joeynmt.training - 	Tokenized source:     ['P@@', 'län@@', 'e', 'für', 'eine', 'stärk@@', 'ere', 'k@@', 'ern@@', 'techn@@', 'ische', 'Zusammenarbeit', 'stehen', 'ganz', 'ob@@', 'en', 'auf', 'der', 'Tag@@', 'es@@', 'ordnung', '.']
2025-04-29 19:16:28,144 - DEBUG - joeynmt.training - 	Tokenized reference:  ['high', 'on', 'the', 'agen@@', 'da', 'are', 'pl@@', 'ans', 'for', 'gre@@', 'ater', 'nu@@', 'clear', 'c@@', 'o', '@@@', '-@@', '@', 'operation', '.']
2025-04-29 19:16:28,144 - DEBUG - joeynmt.training - 	Tokenized hypothesis: ['the', 'pl@@', 'ans', 'for', 'more', 'seri@@', 'ous', 'techn@@', 'ical', 'cooperation', 'is', 'in', 'the', 'agen@@', 'da', '.', '</s>']
2025-04-29 19:16:28,144 - INFO - joeynmt.training - 	Source:     Pläne für eine stärkere kerntechnische Zusammenarbeit stehen ganz oben auf der Tagesordnung .
2025-04-29 19:16:28,144 - INFO - joeynmt.training - 	Reference:  high on the agenda are plans for greater nuclear co @-@ operation .
2025-04-29 19:16:28,144 - INFO - joeynmt.training - 	Hypothesis: the plans for more serious technical cooperation is in the agenda .
2025-04-29 19:16:28,144 - INFO - joeynmt.training - Example #4
2025-04-29 19:16:28,144 - DEBUG - joeynmt.training - 	Tokenized source:     ['Berich@@', 'ten', 'zu@@', 'fol@@', 'ge', 'ho@@', 'fft', 'Indi@@', 'en', 'darüber', 'hinaus', 'auf', 'einen', 'Ver@@', 'trag', 'zur', 'Ver@@', 'tei@@', 'dig@@', 'ungs@@', 'zusammen@@', 'arbeit', 'zwischen', 'den', 'beiden', 'N@@', 'ationen', '.']
2025-04-29 19:16:28,144 - DEBUG - joeynmt.training - 	Tokenized reference:  ['Indi@@', 'a', 'is', 'also', 're@@', 'porte@@', 'dly', 'hop@@', 'ing', 'for', 'a', 'de@@', 'al', 'on', 'def@@', 'ence', 'c@@', 'oll@@', 'ab@@', 'or@@', 'ation', 'between', 'the', 'two', 'n@@', 'ations', '.']
2025-04-29 19:16:28,144 - DEBUG - joeynmt.training - 	Tokenized hypothesis: ['it', 'is', 'also', 'high', ',', 'Indi@@', 'a', '&apos;s', 're@@', 'ports', 'on', 'a', 'tre@@', 'aty', 'on', 'the', 'con@@', 'text', 'of', 'def@@', 'ence', 'between', 'the', 'two', 'N@@', 'ations', '.', '</s>']
2025-04-29 19:16:28,144 - INFO - joeynmt.training - 	Source:     Berichten zufolge hofft Indien darüber hinaus auf einen Vertrag zur Verteidigungszusammenarbeit zwischen den beiden Nationen .
2025-04-29 19:16:28,144 - INFO - joeynmt.training - 	Reference:  India is also reportedly hoping for a deal on defence collaboration between the two nations .
2025-04-29 19:16:28,144 - INFO - joeynmt.training - 	Hypothesis: it is also high , India &apos;s reports on a treaty on the context of defence between the two Nations .
2025-04-29 19:16:44,946 - INFO - joeynmt.training - Epoch   5, Step:    18100, Batch Loss:     1.854816, Batch Acc: 0.492873, Tokens per Sec:     5408, Lr: 0.000300
2025-04-29 19:17:01,524 - INFO - joeynmt.training - Epoch   5, Step:    18200, Batch Loss:     1.832181, Batch Acc: 0.499232, Tokens per Sec:     5495, Lr: 0.000300
2025-04-29 19:17:18,120 - INFO - joeynmt.training - Epoch   5, Step:    18300, Batch Loss:     1.970527, Batch Acc: 0.489036, Tokens per Sec:     5562, Lr: 0.000300
2025-04-29 19:17:34,859 - INFO - joeynmt.training - Epoch   5, Step:    18400, Batch Loss:     2.078477, Batch Acc: 0.488259, Tokens per Sec:     5500, Lr: 0.000300
2025-04-29 19:17:51,266 - INFO - joeynmt.training - Epoch   5, Step:    18500, Batch Loss:     1.833509, Batch Acc: 0.491741, Tokens per Sec:     5682, Lr: 0.000300
2025-04-29 19:17:51,266 - INFO - joeynmt.prediction - Predicting 500 example(s)... (Greedy decoding with min_output_length=1, max_output_length=-1, return_prob='none', generate_unk=True, repetition_penalty=-1, no_repeat_ngram_size=-1)
2025-04-29 19:18:14,471 - INFO - joeynmt.prediction - Evaluation result (greedy) loss:   2.23, ppl:   9.33, acc:   0.42, generation: 23.2013[sec], evaluation: 0.0000[sec]
2025-04-29 19:18:14,550 - INFO - joeynmt.helpers - delete models/deen_transformer_prenorm/16500.ckpt
2025-04-29 19:18:14,562 - INFO - joeynmt.training - Example #0
2025-04-29 19:18:14,562 - DEBUG - joeynmt.training - 	Tokenized source:     ['die', 'Pre@@', 'mi@@', 'er@@', 'minist@@', 'er', 'Indi@@', 'ens', 'und', 'J@@', 'ap@@', 'ans', 'tra@@', 'fen', 'sich', 'in', 'T@@', 'ok@@', 'i@@', 'o', '.']
2025-04-29 19:18:14,562 - DEBUG - joeynmt.training - 	Tokenized reference:  ['Indi@@', 'a', 'and', 'J@@', 'ap@@', 'an', 'pri@@', 'me', 'minist@@', 'ers', 'me@@', 'et', 'in', 'T@@', 'ok@@', 'y@@', 'o']
2025-04-29 19:18:14,562 - DEBUG - joeynmt.training - 	Tokenized hypothesis: ['the', 'Pri@@', 'me', 'Minist@@', 'er', 'Indi@@', 'a', 'and', 'J@@', 'ap@@', 'an', 'and', 'J@@', 'ap@@', 'an', ',', 'T@@', 'ok@@', 'i@@', 'o', '.', '</s>']
2025-04-29 19:18:14,562 - INFO - joeynmt.training - 	Source:     die Premierminister Indiens und Japans trafen sich in Tokio .
2025-04-29 19:18:14,562 - INFO - joeynmt.training - 	Reference:  India and Japan prime ministers meet in Tokyo
2025-04-29 19:18:14,562 - INFO - joeynmt.training - 	Hypothesis: the Prime Minister India and Japan and Japan , Tokio .
2025-04-29 19:18:14,562 - INFO - joeynmt.training - Example #1
2025-04-29 19:18:14,563 - DEBUG - joeynmt.training - 	Tokenized source:     ['Indi@@', 'ens', 'neu@@', 'er', 'Pre@@', 'mi@@', 'er@@', 'minist@@', 'er', 'N@@', 'ar@@', 'end@@', 'ra', 'Mo@@', 'd@@', 'i', 'tri@@', 'fft', 'bei', 's@@', 'einem', 'ersten', 'wichti@@', 'gen', 'Aus@@', 'land@@', 's@@', 'bes@@', 'u@@', 'ch', 'seit', 's@@', 'einem', 'W@@', 'ah@@', 'l@@', 'si@@', 'e@@', 'g', 'im', 'Ma@@', 'i', 'seinen', 'j@@', 'ap@@', 'an@@', 'ischen', 'Am@@', 'ts@@', 'k@@', 'olle@@', 'gen', 'S@@', 'hin@@', 'z@@', 'o', 'A@@', 'be', 'in', 'T@@', 'ok@@', 'o', ',', 'um', 'wirtschaf@@', 'tliche', 'und', 'sicher@@', 'heits@@', 'politische', 'Be@@', 'zieh@@', 'ungen', 'zu', 'bes@@', 'pre@@', 'chen', '.']
2025-04-29 19:18:14,563 - DEBUG - joeynmt.training - 	Tokenized reference:  ['Indi@@', 'a', '&apos;s', 'new', 'pri@@', 'me', 'minist@@', 'er', ',', 'N@@', 'ar@@', 'end@@', 'ra', 'Mo@@', 'd@@', 'i', ',', 'is', 'me@@', 'eting', 'his', 'J@@', 'ap@@', 'an@@', 'ese', 'coun@@', 'ter@@', 'part', ',', 'S@@', 'hin@@', 'z@@', 'o', 'A@@', 'be', ',', 'in', 'T@@', 'ok@@', 'y@@', 'o', 'to', 'disc@@', 'uss', 'economic', 'and', 'security', 'ties', ',', 'on', 'his', 'first', 'major', 'fore@@', 'ign', 'visi@@', 't', 'since', 'w@@', 'inn@@', 'ing', 'Ma@@', 'y', '&apos;s', 'elec@@', 'tion', '.']
2025-04-29 19:18:14,563 - DEBUG - joeynmt.training - 	Tokenized hypothesis: ['Indi@@', 'a', '&apos;s', 'new', 'Pri@@', 'me', 'Minist@@', 'er', 'N@@', 'ar@@', 'end@@', 'ra', 'Mo@@', 'd@@', 'i', ',', 'the', 'first', 'important', 'ex@@', 'ec@@', 'u@@', 'tive', 'pri@@', 'me', 'for', 'his', 'first', 'important', 'ex@@', 'ec@@', 'u@@', 'tive', 'in', 'Ma@@', 'y', 'his', 'j@@', 'ap@@', 'an@@', 'i@@', 'an', 'Am@@', 'ts@@', 'k@@', 'i@@', 'an', 'Am@@', 'ts@@', 'k@@', 'i@@', 'vi@@', 'l', ',', 'and', 'the', 'political', 'rel@@', 'ations', '.', '</s>']
2025-04-29 19:18:14,563 - INFO - joeynmt.training - 	Source:     Indiens neuer Premierminister Narendra Modi trifft bei seinem ersten wichtigen Auslandsbesuch seit seinem Wahlsieg im Mai seinen japanischen Amtskollegen Shinzo Abe in Toko , um wirtschaftliche und sicherheitspolitische Beziehungen zu besprechen .
2025-04-29 19:18:14,563 - INFO - joeynmt.training - 	Reference:  India &apos;s new prime minister , Narendra Modi , is meeting his Japanese counterpart , Shinzo Abe , in Tokyo to discuss economic and security ties , on his first major foreign visit since winning May &apos;s election .
2025-04-29 19:18:14,563 - INFO - joeynmt.training - 	Hypothesis: India &apos;s new Prime Minister Narendra Modi , the first important executive prime for his first important executive in May his japanian Amtskian Amtskivil , and the political relations .
2025-04-29 19:18:14,563 - INFO - joeynmt.training - Example #2
2025-04-29 19:18:14,563 - DEBUG - joeynmt.training - 	Tokenized source:     ['Herr', 'Mo@@', 'd@@', 'i', 'befindet', 'sich', 'auf', 'einer', 'fü@@', 'n@@', 'f@@', 'tä@@', 'gi@@', 'gen', 'Rei@@', 'se', 'nach', 'J@@', 'ap@@', 'an', ',', 'um', 'die', 'wirtschaf@@', 'tlichen', 'Be@@', 'zieh@@', 'ungen', 'mit', 'der', 'd@@', 'rit@@', 't@@', 'größ@@', 'ten', 'Wirtschafts@@', 'n@@', 'ation', 'der', 'Welt', 'zu', 'fes@@', 'tigen', '.']
2025-04-29 19:18:14,563 - DEBUG - joeynmt.training - 	Tokenized reference:  ['Mr', 'Mo@@', 'd@@', 'i', 'is', 'on', 'a', 'fi@@', 've', '@@@', '-@@', '@', 'day', 'tri@@', 'p', 'to', 'J@@', 'ap@@', 'an', 'to', 'streng@@', 'then', 'economic', 'ties', 'with', 'the', 'third', 'lar@@', 'ges@@', 't', 'econom@@', 'y', 'in', 'the', 'world', '.']
2025-04-29 19:18:14,563 - DEBUG - joeynmt.training - 	Tokenized hypothesis: ['Mr', 'Mo@@', 'd@@', 'i', 'is', 'located', 'on', 'a', 'fi@@', 'f@@', 'ty', 'tra@@', 'v@@', 'el', 'in', 'order', 'to', 'e@@', 'ver', 'economic', 'rel@@', 'ations', 'with', 'the', 'third', 'b@@', 'ig@@', 'ges@@', 't', 'economic', 'n@@', 'ation', 'of', 'the', 'world', '.', '</s>']
2025-04-29 19:18:14,563 - INFO - joeynmt.training - 	Source:     Herr Modi befindet sich auf einer fünftägigen Reise nach Japan , um die wirtschaftlichen Beziehungen mit der drittgrößten Wirtschaftsnation der Welt zu festigen .
2025-04-29 19:18:14,563 - INFO - joeynmt.training - 	Reference:  Mr Modi is on a five @-@ day trip to Japan to strengthen economic ties with the third largest economy in the world .
2025-04-29 19:18:14,563 - INFO - joeynmt.training - 	Hypothesis: Mr Modi is located on a fifty travel in order to ever economic relations with the third biggest economic nation of the world .
2025-04-29 19:18:14,563 - INFO - joeynmt.training - Example #3
2025-04-29 19:18:14,563 - DEBUG - joeynmt.training - 	Tokenized source:     ['P@@', 'län@@', 'e', 'für', 'eine', 'stärk@@', 'ere', 'k@@', 'ern@@', 'techn@@', 'ische', 'Zusammenarbeit', 'stehen', 'ganz', 'ob@@', 'en', 'auf', 'der', 'Tag@@', 'es@@', 'ordnung', '.']
2025-04-29 19:18:14,563 - DEBUG - joeynmt.training - 	Tokenized reference:  ['high', 'on', 'the', 'agen@@', 'da', 'are', 'pl@@', 'ans', 'for', 'gre@@', 'ater', 'nu@@', 'clear', 'c@@', 'o', '@@@', '-@@', '@', 'operation', '.']
2025-04-29 19:18:14,563 - DEBUG - joeynmt.training - 	Tokenized hypothesis: ['the', 'p@@', 'an@@', 'el', 'is', 'a', 'more', 'c@@', 'are@@', 'ful', 'and', 'the', 'agen@@', 'da', '.', '</s>']
2025-04-29 19:18:14,563 - INFO - joeynmt.training - 	Source:     Pläne für eine stärkere kerntechnische Zusammenarbeit stehen ganz oben auf der Tagesordnung .
2025-04-29 19:18:14,563 - INFO - joeynmt.training - 	Reference:  high on the agenda are plans for greater nuclear co @-@ operation .
2025-04-29 19:18:14,563 - INFO - joeynmt.training - 	Hypothesis: the panel is a more careful and the agenda .
2025-04-29 19:18:14,563 - INFO - joeynmt.training - Example #4
2025-04-29 19:18:14,563 - DEBUG - joeynmt.training - 	Tokenized source:     ['Berich@@', 'ten', 'zu@@', 'fol@@', 'ge', 'ho@@', 'fft', 'Indi@@', 'en', 'darüber', 'hinaus', 'auf', 'einen', 'Ver@@', 'trag', 'zur', 'Ver@@', 'tei@@', 'dig@@', 'ungs@@', 'zusammen@@', 'arbeit', 'zwischen', 'den', 'beiden', 'N@@', 'ationen', '.']
2025-04-29 19:18:14,563 - DEBUG - joeynmt.training - 	Tokenized reference:  ['Indi@@', 'a', 'is', 'also', 're@@', 'porte@@', 'dly', 'hop@@', 'ing', 'for', 'a', 'de@@', 'al', 'on', 'def@@', 'ence', 'c@@', 'oll@@', 'ab@@', 'or@@', 'ation', 'between', 'the', 'two', 'n@@', 'ations', '.']
2025-04-29 19:18:14,563 - DEBUG - joeynmt.training - 	Tokenized hypothesis: ['the', 're@@', 'ports', 'of', 'the', 'two', 'two', 'par@@', 'ties', ',', 'also', ',', 'in', 'the', 'con@@', 'tra@@', 'ct', 'of', 'the', 'two', 'N@@', 'ations', '.', '</s>']
2025-04-29 19:18:14,563 - INFO - joeynmt.training - 	Source:     Berichten zufolge hofft Indien darüber hinaus auf einen Vertrag zur Verteidigungszusammenarbeit zwischen den beiden Nationen .
2025-04-29 19:18:14,563 - INFO - joeynmt.training - 	Reference:  India is also reportedly hoping for a deal on defence collaboration between the two nations .
2025-04-29 19:18:14,563 - INFO - joeynmt.training - 	Hypothesis: the reports of the two two parties , also , in the contract of the two Nations .
2025-04-29 19:18:30,659 - INFO - joeynmt.training - Epoch   5, Step:    18600, Batch Loss:     1.756050, Batch Acc: 0.492592, Tokens per Sec:     5675, Lr: 0.000300
2025-04-29 19:18:46,815 - INFO - joeynmt.training - Epoch   5, Step:    18700, Batch Loss:     1.810865, Batch Acc: 0.495015, Tokens per Sec:     5631, Lr: 0.000300
2025-04-29 19:19:03,171 - INFO - joeynmt.training - Epoch   5, Step:    18800, Batch Loss:     1.778729, Batch Acc: 0.495603, Tokens per Sec:     5597, Lr: 0.000300
2025-04-29 19:19:19,445 - INFO - joeynmt.training - Epoch   5, Step:    18900, Batch Loss:     1.923404, Batch Acc: 0.488639, Tokens per Sec:     5785, Lr: 0.000300
2025-04-29 19:19:35,753 - INFO - joeynmt.training - Epoch   5, Step:    19000, Batch Loss:     1.784369, Batch Acc: 0.491415, Tokens per Sec:     5543, Lr: 0.000300
2025-04-29 19:19:35,753 - INFO - joeynmt.prediction - Predicting 500 example(s)... (Greedy decoding with min_output_length=1, max_output_length=-1, return_prob='none', generate_unk=True, repetition_penalty=-1, no_repeat_ngram_size=-1)
2025-04-29 19:20:03,294 - INFO - joeynmt.prediction - Evaluation result (greedy) loss:   2.22, ppl:   9.19, acc:   0.43, generation: 27.5372[sec], evaluation: 0.0000[sec]
2025-04-29 19:20:03,295 - INFO - joeynmt.training - Hooray! New best validation result [ppl]!
2025-04-29 19:20:03,375 - INFO - joeynmt.helpers - delete models/deen_transformer_prenorm/16000.ckpt
2025-04-29 19:20:03,382 - INFO - joeynmt.training - Example #0
2025-04-29 19:20:03,382 - DEBUG - joeynmt.training - 	Tokenized source:     ['die', 'Pre@@', 'mi@@', 'er@@', 'minist@@', 'er', 'Indi@@', 'ens', 'und', 'J@@', 'ap@@', 'ans', 'tra@@', 'fen', 'sich', 'in', 'T@@', 'ok@@', 'i@@', 'o', '.']
2025-04-29 19:20:03,382 - DEBUG - joeynmt.training - 	Tokenized reference:  ['Indi@@', 'a', 'and', 'J@@', 'ap@@', 'an', 'pri@@', 'me', 'minist@@', 'ers', 'me@@', 'et', 'in', 'T@@', 'ok@@', 'y@@', 'o']
2025-04-29 19:20:03,382 - DEBUG - joeynmt.training - 	Tokenized hypothesis: ['the', 'Pri@@', 'me', 'Minist@@', 'er', 'Indi@@', 'a', 'and', 'J@@', 'ap@@', 'an', ',', 'the', 'Pri@@', 'me', 'Minist@@', 'er', 'of', 'T@@', 'ok@@', 'i@@', 'o', '.', '</s>']
2025-04-29 19:20:03,382 - INFO - joeynmt.training - 	Source:     die Premierminister Indiens und Japans trafen sich in Tokio .
2025-04-29 19:20:03,382 - INFO - joeynmt.training - 	Reference:  India and Japan prime ministers meet in Tokyo
2025-04-29 19:20:03,382 - INFO - joeynmt.training - 	Hypothesis: the Prime Minister India and Japan , the Prime Minister of Tokio .
2025-04-29 19:20:03,382 - INFO - joeynmt.training - Example #1
2025-04-29 19:20:03,382 - DEBUG - joeynmt.training - 	Tokenized source:     ['Indi@@', 'ens', 'neu@@', 'er', 'Pre@@', 'mi@@', 'er@@', 'minist@@', 'er', 'N@@', 'ar@@', 'end@@', 'ra', 'Mo@@', 'd@@', 'i', 'tri@@', 'fft', 'bei', 's@@', 'einem', 'ersten', 'wichti@@', 'gen', 'Aus@@', 'land@@', 's@@', 'bes@@', 'u@@', 'ch', 'seit', 's@@', 'einem', 'W@@', 'ah@@', 'l@@', 'si@@', 'e@@', 'g', 'im', 'Ma@@', 'i', 'seinen', 'j@@', 'ap@@', 'an@@', 'ischen', 'Am@@', 'ts@@', 'k@@', 'olle@@', 'gen', 'S@@', 'hin@@', 'z@@', 'o', 'A@@', 'be', 'in', 'T@@', 'ok@@', 'o', ',', 'um', 'wirtschaf@@', 'tliche', 'und', 'sicher@@', 'heits@@', 'politische', 'Be@@', 'zieh@@', 'ungen', 'zu', 'bes@@', 'pre@@', 'chen', '.']
2025-04-29 19:20:03,382 - DEBUG - joeynmt.training - 	Tokenized reference:  ['Indi@@', 'a', '&apos;s', 'new', 'pri@@', 'me', 'minist@@', 'er', ',', 'N@@', 'ar@@', 'end@@', 'ra', 'Mo@@', 'd@@', 'i', ',', 'is', 'me@@', 'eting', 'his', 'J@@', 'ap@@', 'an@@', 'ese', 'coun@@', 'ter@@', 'part', ',', 'S@@', 'hin@@', 'z@@', 'o', 'A@@', 'be', ',', 'in', 'T@@', 'ok@@', 'y@@', 'o', 'to', 'disc@@', 'uss', 'economic', 'and', 'security', 'ties', ',', 'on', 'his', 'first', 'major', 'fore@@', 'ign', 'visi@@', 't', 'since', 'w@@', 'inn@@', 'ing', 'Ma@@', 'y', '&apos;s', 'elec@@', 'tion', '.']
2025-04-29 19:20:03,382 - DEBUG - joeynmt.training - 	Tokenized hypothesis: ['Indi@@', 'a', 'new', 'Pri@@', 'me', 'Minist@@', 'er', 'N@@', 'ar@@', 'end@@', 'ra', 'Mo@@', 'd@@', 'i', 'is', 'a', 's@@', 'ent', 'for', 'his', 'first', 'important', 'ex@@', 'am@@', 'pl@@', 'es', 'since', 's@@', 'an', 'of', 'his', 'year', ',', 'in', 'the', 'J@@', 'ap@@', 'an', 'Am@@', 'ts@@', 'k@@', 'i@@', 'an', 'Am@@', 'ts@@', 'k@@', 'i@@', 'o', ',', 'in', 'the', 'A@@', 'pri@@', 'l', 'of', 'the', 'A@@', 'in', 'T@@', 'ok@@', 'o', 'to', 'the', 'economic', 'and', 'security', 'political', 'rel@@', 'ations', '.', '</s>']
2025-04-29 19:20:03,382 - INFO - joeynmt.training - 	Source:     Indiens neuer Premierminister Narendra Modi trifft bei seinem ersten wichtigen Auslandsbesuch seit seinem Wahlsieg im Mai seinen japanischen Amtskollegen Shinzo Abe in Toko , um wirtschaftliche und sicherheitspolitische Beziehungen zu besprechen .
2025-04-29 19:20:03,382 - INFO - joeynmt.training - 	Reference:  India &apos;s new prime minister , Narendra Modi , is meeting his Japanese counterpart , Shinzo Abe , in Tokyo to discuss economic and security ties , on his first major foreign visit since winning May &apos;s election .
2025-04-29 19:20:03,382 - INFO - joeynmt.training - 	Hypothesis: India new Prime Minister Narendra Modi is a sent for his first important examples since san of his year , in the Japan Amtskian Amtskio , in the April of the Ain Toko to the economic and security political relations .
2025-04-29 19:20:03,382 - INFO - joeynmt.training - Example #2
2025-04-29 19:20:03,382 - DEBUG - joeynmt.training - 	Tokenized source:     ['Herr', 'Mo@@', 'd@@', 'i', 'befindet', 'sich', 'auf', 'einer', 'fü@@', 'n@@', 'f@@', 'tä@@', 'gi@@', 'gen', 'Rei@@', 'se', 'nach', 'J@@', 'ap@@', 'an', ',', 'um', 'die', 'wirtschaf@@', 'tlichen', 'Be@@', 'zieh@@', 'ungen', 'mit', 'der', 'd@@', 'rit@@', 't@@', 'größ@@', 'ten', 'Wirtschafts@@', 'n@@', 'ation', 'der', 'Welt', 'zu', 'fes@@', 'tigen', '.']
2025-04-29 19:20:03,382 - DEBUG - joeynmt.training - 	Tokenized reference:  ['Mr', 'Mo@@', 'd@@', 'i', 'is', 'on', 'a', 'fi@@', 've', '@@@', '-@@', '@', 'day', 'tri@@', 'p', 'to', 'J@@', 'ap@@', 'an', 'to', 'streng@@', 'then', 'economic', 'ties', 'with', 'the', 'third', 'lar@@', 'ges@@', 't', 'econom@@', 'y', 'in', 'the', 'world', '.']
2025-04-29 19:20:03,382 - DEBUG - joeynmt.training - 	Tokenized hypothesis: ['Mr', 'Mo@@', 'd@@', 'i', 'is', 'located', 'on', 'a', 'fi@@', 'f@@', 'ty', 'tra@@', 'v@@', 'ell@@', 'ing', 'in', 'the', 'world', ',', 'to', 'the', 'economic', 'rel@@', 'ations', 'with', 'the', 'third', 'lar@@', 'ges@@', 't', 'economic', 'n@@', 'ation', 'of', 'the', 'world', '.', '</s>']
2025-04-29 19:20:03,382 - INFO - joeynmt.training - 	Source:     Herr Modi befindet sich auf einer fünftägigen Reise nach Japan , um die wirtschaftlichen Beziehungen mit der drittgrößten Wirtschaftsnation der Welt zu festigen .
2025-04-29 19:20:03,383 - INFO - joeynmt.training - 	Reference:  Mr Modi is on a five @-@ day trip to Japan to strengthen economic ties with the third largest economy in the world .
2025-04-29 19:20:03,383 - INFO - joeynmt.training - 	Hypothesis: Mr Modi is located on a fifty travelling in the world , to the economic relations with the third largest economic nation of the world .
2025-04-29 19:20:03,383 - INFO - joeynmt.training - Example #3
2025-04-29 19:20:03,383 - DEBUG - joeynmt.training - 	Tokenized source:     ['P@@', 'län@@', 'e', 'für', 'eine', 'stärk@@', 'ere', 'k@@', 'ern@@', 'techn@@', 'ische', 'Zusammenarbeit', 'stehen', 'ganz', 'ob@@', 'en', 'auf', 'der', 'Tag@@', 'es@@', 'ordnung', '.']
2025-04-29 19:20:03,383 - DEBUG - joeynmt.training - 	Tokenized reference:  ['high', 'on', 'the', 'agen@@', 'da', 'are', 'pl@@', 'ans', 'for', 'gre@@', 'ater', 'nu@@', 'clear', 'c@@', 'o', '@@@', '-@@', '@', 'operation', '.']
2025-04-29 19:20:03,383 - DEBUG - joeynmt.training - 	Tokenized hypothesis: ['the', 'pl@@', 'ans', 'for', 'more', 'seri@@', 'ous', 'cooperation', 'is', 'a', 'more', 'seri@@', 'ous', 'techn@@', 'ical', 'cooperation', '.', '</s>']
2025-04-29 19:20:03,383 - INFO - joeynmt.training - 	Source:     Pläne für eine stärkere kerntechnische Zusammenarbeit stehen ganz oben auf der Tagesordnung .
2025-04-29 19:20:03,383 - INFO - joeynmt.training - 	Reference:  high on the agenda are plans for greater nuclear co @-@ operation .
2025-04-29 19:20:03,383 - INFO - joeynmt.training - 	Hypothesis: the plans for more serious cooperation is a more serious technical cooperation .
2025-04-29 19:20:03,383 - INFO - joeynmt.training - Example #4
2025-04-29 19:20:03,383 - DEBUG - joeynmt.training - 	Tokenized source:     ['Berich@@', 'ten', 'zu@@', 'fol@@', 'ge', 'ho@@', 'fft', 'Indi@@', 'en', 'darüber', 'hinaus', 'auf', 'einen', 'Ver@@', 'trag', 'zur', 'Ver@@', 'tei@@', 'dig@@', 'ungs@@', 'zusammen@@', 'arbeit', 'zwischen', 'den', 'beiden', 'N@@', 'ationen', '.']
2025-04-29 19:20:03,383 - DEBUG - joeynmt.training - 	Tokenized reference:  ['Indi@@', 'a', 'is', 'also', 're@@', 'porte@@', 'dly', 'hop@@', 'ing', 'for', 'a', 'de@@', 'al', 'on', 'def@@', 'ence', 'c@@', 'oll@@', 'ab@@', 'or@@', 'ation', 'between', 'the', 'two', 'n@@', 'ations', '.']
2025-04-29 19:20:03,383 - DEBUG - joeynmt.training - 	Tokenized hypothesis: ['it', 'is', 'also', 'a', 'result', 'of', 'this', 'is', 'a', 'con@@', 'tra@@', 'ct', 'on', 'a', 'con@@', 'tra@@', 'ct', 'cooperation', 'between', 'the', 'two', 'N@@', 'ations', '.', '</s>']
2025-04-29 19:20:03,383 - INFO - joeynmt.training - 	Source:     Berichten zufolge hofft Indien darüber hinaus auf einen Vertrag zur Verteidigungszusammenarbeit zwischen den beiden Nationen .
2025-04-29 19:20:03,383 - INFO - joeynmt.training - 	Reference:  India is also reportedly hoping for a deal on defence collaboration between the two nations .
2025-04-29 19:20:03,383 - INFO - joeynmt.training - 	Hypothesis: it is also a result of this is a contract on a contract cooperation between the two Nations .
2025-04-29 19:20:19,710 - INFO - joeynmt.training - Epoch   5, Step:    19100, Batch Loss:     1.574796, Batch Acc: 0.496990, Tokens per Sec:     5555, Lr: 0.000300
2025-04-29 19:20:35,887 - INFO - joeynmt.training - Epoch   5, Step:    19200, Batch Loss:     1.647400, Batch Acc: 0.498681, Tokens per Sec:     5646, Lr: 0.000300
2025-04-29 19:20:51,980 - INFO - joeynmt.training - Epoch   5, Step:    19300, Batch Loss:     1.734702, Batch Acc: 0.495269, Tokens per Sec:     5654, Lr: 0.000300
2025-04-29 19:21:08,360 - INFO - joeynmt.training - Epoch   5, Step:    19400, Batch Loss:     2.040518, Batch Acc: 0.492747, Tokens per Sec:     5552, Lr: 0.000300
2025-04-29 19:21:24,544 - INFO - joeynmt.training - Epoch   5, Step:    19500, Batch Loss:     1.761048, Batch Acc: 0.498004, Tokens per Sec:     5711, Lr: 0.000300
2025-04-29 19:21:24,544 - INFO - joeynmt.prediction - Predicting 500 example(s)... (Greedy decoding with min_output_length=1, max_output_length=-1, return_prob='none', generate_unk=True, repetition_penalty=-1, no_repeat_ngram_size=-1)
2025-04-29 19:21:48,728 - INFO - joeynmt.prediction - Evaluation result (greedy) loss:   2.19, ppl:   8.98, acc:   0.44, generation: 24.1798[sec], evaluation: 0.0000[sec]
2025-04-29 19:21:48,729 - INFO - joeynmt.training - Hooray! New best validation result [ppl]!
2025-04-29 19:21:48,806 - INFO - joeynmt.helpers - delete models/deen_transformer_prenorm/17000.ckpt
2025-04-29 19:21:48,818 - INFO - joeynmt.training - Example #0
2025-04-29 19:21:48,818 - DEBUG - joeynmt.training - 	Tokenized source:     ['die', 'Pre@@', 'mi@@', 'er@@', 'minist@@', 'er', 'Indi@@', 'ens', 'und', 'J@@', 'ap@@', 'ans', 'tra@@', 'fen', 'sich', 'in', 'T@@', 'ok@@', 'i@@', 'o', '.']
2025-04-29 19:21:48,818 - DEBUG - joeynmt.training - 	Tokenized reference:  ['Indi@@', 'a', 'and', 'J@@', 'ap@@', 'an', 'pri@@', 'me', 'minist@@', 'ers', 'me@@', 'et', 'in', 'T@@', 'ok@@', 'y@@', 'o']
2025-04-29 19:21:48,818 - DEBUG - joeynmt.training - 	Tokenized hypothesis: ['the', 'Pri@@', 'me', 'Minist@@', 'er', 'Indi@@', 'a', 'and', 'J@@', 'ap@@', 'an', 'and', 'J@@', 'ap@@', 'an', '.', '</s>']
2025-04-29 19:21:48,818 - INFO - joeynmt.training - 	Source:     die Premierminister Indiens und Japans trafen sich in Tokio .
2025-04-29 19:21:48,818 - INFO - joeynmt.training - 	Reference:  India and Japan prime ministers meet in Tokyo
2025-04-29 19:21:48,818 - INFO - joeynmt.training - 	Hypothesis: the Prime Minister India and Japan and Japan .
2025-04-29 19:21:48,818 - INFO - joeynmt.training - Example #1
2025-04-29 19:21:48,818 - DEBUG - joeynmt.training - 	Tokenized source:     ['Indi@@', 'ens', 'neu@@', 'er', 'Pre@@', 'mi@@', 'er@@', 'minist@@', 'er', 'N@@', 'ar@@', 'end@@', 'ra', 'Mo@@', 'd@@', 'i', 'tri@@', 'fft', 'bei', 's@@', 'einem', 'ersten', 'wichti@@', 'gen', 'Aus@@', 'land@@', 's@@', 'bes@@', 'u@@', 'ch', 'seit', 's@@', 'einem', 'W@@', 'ah@@', 'l@@', 'si@@', 'e@@', 'g', 'im', 'Ma@@', 'i', 'seinen', 'j@@', 'ap@@', 'an@@', 'ischen', 'Am@@', 'ts@@', 'k@@', 'olle@@', 'gen', 'S@@', 'hin@@', 'z@@', 'o', 'A@@', 'be', 'in', 'T@@', 'ok@@', 'o', ',', 'um', 'wirtschaf@@', 'tliche', 'und', 'sicher@@', 'heits@@', 'politische', 'Be@@', 'zieh@@', 'ungen', 'zu', 'bes@@', 'pre@@', 'chen', '.']
2025-04-29 19:21:48,818 - DEBUG - joeynmt.training - 	Tokenized reference:  ['Indi@@', 'a', '&apos;s', 'new', 'pri@@', 'me', 'minist@@', 'er', ',', 'N@@', 'ar@@', 'end@@', 'ra', 'Mo@@', 'd@@', 'i', ',', 'is', 'me@@', 'eting', 'his', 'J@@', 'ap@@', 'an@@', 'ese', 'coun@@', 'ter@@', 'part', ',', 'S@@', 'hin@@', 'z@@', 'o', 'A@@', 'be', ',', 'in', 'T@@', 'ok@@', 'y@@', 'o', 'to', 'disc@@', 'uss', 'economic', 'and', 'security', 'ties', ',', 'on', 'his', 'first', 'major', 'fore@@', 'ign', 'visi@@', 't', 'since', 'w@@', 'inn@@', 'ing', 'Ma@@', 'y', '&apos;s', 'elec@@', 'tion', '.']
2025-04-29 19:21:48,819 - DEBUG - joeynmt.training - 	Tokenized hypothesis: ['Indi@@', 'a', '&apos;s', 'new', 'Pri@@', 'me', 'Minist@@', 'er', 'N@@', 'ar@@', 'end@@', 'ra', 'Mo@@', 'd@@', 'i', '&apos;s', 'first', 'important', 'ex@@', 'change', 'for', 'his', 'first', 'important', 'ex@@', 'change', 'since', 's@@', 'et@@', 'ting', 'his', 'elec@@', 't@@', 'on@@', 'g@@', 'st', 'his', 'j@@', 'ap@@', 'an@@', 'i@@', 'an', 'Am@@', 'ts@@', 'k@@', 'i@@', 'an', 'Am@@', 'ts@@', 'k@@', 'i@@', '.@@', 'e@@', '.', '</s>']
2025-04-29 19:21:48,819 - INFO - joeynmt.training - 	Source:     Indiens neuer Premierminister Narendra Modi trifft bei seinem ersten wichtigen Auslandsbesuch seit seinem Wahlsieg im Mai seinen japanischen Amtskollegen Shinzo Abe in Toko , um wirtschaftliche und sicherheitspolitische Beziehungen zu besprechen .
2025-04-29 19:21:48,819 - INFO - joeynmt.training - 	Reference:  India &apos;s new prime minister , Narendra Modi , is meeting his Japanese counterpart , Shinzo Abe , in Tokyo to discuss economic and security ties , on his first major foreign visit since winning May &apos;s election .
2025-04-29 19:21:48,819 - INFO - joeynmt.training - 	Hypothesis: India &apos;s new Prime Minister Narendra Modi &apos;s first important exchange for his first important exchange since setting his electongst his japanian Amtskian Amtski.e.
2025-04-29 19:21:48,819 - INFO - joeynmt.training - Example #2
2025-04-29 19:21:48,819 - DEBUG - joeynmt.training - 	Tokenized source:     ['Herr', 'Mo@@', 'd@@', 'i', 'befindet', 'sich', 'auf', 'einer', 'fü@@', 'n@@', 'f@@', 'tä@@', 'gi@@', 'gen', 'Rei@@', 'se', 'nach', 'J@@', 'ap@@', 'an', ',', 'um', 'die', 'wirtschaf@@', 'tlichen', 'Be@@', 'zieh@@', 'ungen', 'mit', 'der', 'd@@', 'rit@@', 't@@', 'größ@@', 'ten', 'Wirtschafts@@', 'n@@', 'ation', 'der', 'Welt', 'zu', 'fes@@', 'tigen', '.']
2025-04-29 19:21:48,819 - DEBUG - joeynmt.training - 	Tokenized reference:  ['Mr', 'Mo@@', 'd@@', 'i', 'is', 'on', 'a', 'fi@@', 've', '@@@', '-@@', '@', 'day', 'tri@@', 'p', 'to', 'J@@', 'ap@@', 'an', 'to', 'streng@@', 'then', 'economic', 'ties', 'with', 'the', 'third', 'lar@@', 'ges@@', 't', 'econom@@', 'y', 'in', 'the', 'world', '.']
2025-04-29 19:21:48,819 - DEBUG - joeynmt.training - 	Tokenized hypothesis: ['Mr', 'Mo@@', 'd@@', 'i', 'is', 'located', 'on', 'a', 'fi@@', 'f@@', 'th', 'tra@@', 'v@@', 'el', 'to', 'a', 'fi@@', 'f@@', 'th', 'of', 'economic', 'rel@@', 'ations', 'with', 'the', 'third', 'lar@@', 'ges@@', 't', 'econom@@', 'y', '.', '</s>']
2025-04-29 19:21:48,819 - INFO - joeynmt.training - 	Source:     Herr Modi befindet sich auf einer fünftägigen Reise nach Japan , um die wirtschaftlichen Beziehungen mit der drittgrößten Wirtschaftsnation der Welt zu festigen .
2025-04-29 19:21:48,819 - INFO - joeynmt.training - 	Reference:  Mr Modi is on a five @-@ day trip to Japan to strengthen economic ties with the third largest economy in the world .
2025-04-29 19:21:48,819 - INFO - joeynmt.training - 	Hypothesis: Mr Modi is located on a fifth travel to a fifth of economic relations with the third largest economy .
2025-04-29 19:21:48,819 - INFO - joeynmt.training - Example #3
2025-04-29 19:21:48,819 - DEBUG - joeynmt.training - 	Tokenized source:     ['P@@', 'län@@', 'e', 'für', 'eine', 'stärk@@', 'ere', 'k@@', 'ern@@', 'techn@@', 'ische', 'Zusammenarbeit', 'stehen', 'ganz', 'ob@@', 'en', 'auf', 'der', 'Tag@@', 'es@@', 'ordnung', '.']
2025-04-29 19:21:48,819 - DEBUG - joeynmt.training - 	Tokenized reference:  ['high', 'on', 'the', 'agen@@', 'da', 'are', 'pl@@', 'ans', 'for', 'gre@@', 'ater', 'nu@@', 'clear', 'c@@', 'o', '@@@', '-@@', '@', 'operation', '.']
2025-04-29 19:21:48,819 - DEBUG - joeynmt.training - 	Tokenized hypothesis: ['P@@', 'e', 'for', 'a', 'more', 'seri@@', 'ous', 'techn@@', 'ical', 'cooperation', 'is', 'very', 'much', 'on', 'the', 'agen@@', 'da', '.', '</s>']
2025-04-29 19:21:48,819 - INFO - joeynmt.training - 	Source:     Pläne für eine stärkere kerntechnische Zusammenarbeit stehen ganz oben auf der Tagesordnung .
2025-04-29 19:21:48,819 - INFO - joeynmt.training - 	Reference:  high on the agenda are plans for greater nuclear co @-@ operation .
2025-04-29 19:21:48,819 - INFO - joeynmt.training - 	Hypothesis: Pe for a more serious technical cooperation is very much on the agenda .
2025-04-29 19:21:48,819 - INFO - joeynmt.training - Example #4
2025-04-29 19:21:48,819 - DEBUG - joeynmt.training - 	Tokenized source:     ['Berich@@', 'ten', 'zu@@', 'fol@@', 'ge', 'ho@@', 'fft', 'Indi@@', 'en', 'darüber', 'hinaus', 'auf', 'einen', 'Ver@@', 'trag', 'zur', 'Ver@@', 'tei@@', 'dig@@', 'ungs@@', 'zusammen@@', 'arbeit', 'zwischen', 'den', 'beiden', 'N@@', 'ationen', '.']
2025-04-29 19:21:48,819 - DEBUG - joeynmt.training - 	Tokenized reference:  ['Indi@@', 'a', 'is', 'also', 're@@', 'porte@@', 'dly', 'hop@@', 'ing', 'for', 'a', 'de@@', 'al', 'on', 'def@@', 'ence', 'c@@', 'oll@@', 'ab@@', 'or@@', 'ation', 'between', 'the', 'two', 'n@@', 'ations', '.']
2025-04-29 19:21:48,819 - DEBUG - joeynmt.training - 	Tokenized hypothesis: ['it', 'is', 'a', 'way', 'of', 'Indi@@', 'a', '&apos;s', 'de@@', 'gre@@', 'e', 'of', 'con@@', 'tra@@', 'ct', ',', 'with', 'regard', 'to', 'the', 'def@@', 'ence', 'cooperation', 'between', 'the', 'two', 'N@@', 'ations', '.', '</s>']
2025-04-29 19:21:48,819 - INFO - joeynmt.training - 	Source:     Berichten zufolge hofft Indien darüber hinaus auf einen Vertrag zur Verteidigungszusammenarbeit zwischen den beiden Nationen .
2025-04-29 19:21:48,819 - INFO - joeynmt.training - 	Reference:  India is also reportedly hoping for a deal on defence collaboration between the two nations .
2025-04-29 19:21:48,819 - INFO - joeynmt.training - 	Hypothesis: it is a way of India &apos;s degree of contract , with regard to the defence cooperation between the two Nations .
2025-04-29 19:22:05,425 - INFO - joeynmt.training - Epoch   5, Step:    19600, Batch Loss:     1.883219, Batch Acc: 0.497791, Tokens per Sec:     5530, Lr: 0.000300
2025-04-29 19:22:22,209 - INFO - joeynmt.training - Epoch   5, Step:    19700, Batch Loss:     1.910897, Batch Acc: 0.498976, Tokens per Sec:     5587, Lr: 0.000300
2025-04-29 19:22:38,918 - INFO - joeynmt.training - Epoch   5, Step:    19800, Batch Loss:     1.828688, Batch Acc: 0.494728, Tokens per Sec:     5501, Lr: 0.000300
2025-04-29 19:22:55,575 - INFO - joeynmt.training - Epoch   5, Step:    19900, Batch Loss:     1.770818, Batch Acc: 0.492721, Tokens per Sec:     5575, Lr: 0.000300
2025-04-29 19:23:12,239 - INFO - joeynmt.training - Epoch   5, Step:    20000, Batch Loss:     1.840201, Batch Acc: 0.500428, Tokens per Sec:     5538, Lr: 0.000300
2025-04-29 19:23:12,239 - INFO - joeynmt.prediction - Predicting 500 example(s)... (Greedy decoding with min_output_length=1, max_output_length=-1, return_prob='none', generate_unk=True, repetition_penalty=-1, no_repeat_ngram_size=-1)
2025-04-29 19:23:39,115 - INFO - joeynmt.prediction - Evaluation result (greedy) loss:   2.18, ppl:   8.89, acc:   0.44, generation: 26.8720[sec], evaluation: 0.0000[sec]
2025-04-29 19:23:39,116 - INFO - joeynmt.training - Hooray! New best validation result [ppl]!
2025-04-29 19:23:39,211 - INFO - joeynmt.helpers - delete models/deen_transformer_prenorm/17500.ckpt
2025-04-29 19:23:39,223 - INFO - joeynmt.training - Example #0
2025-04-29 19:23:39,223 - DEBUG - joeynmt.training - 	Tokenized source:     ['die', 'Pre@@', 'mi@@', 'er@@', 'minist@@', 'er', 'Indi@@', 'ens', 'und', 'J@@', 'ap@@', 'ans', 'tra@@', 'fen', 'sich', 'in', 'T@@', 'ok@@', 'i@@', 'o', '.']
2025-04-29 19:23:39,223 - DEBUG - joeynmt.training - 	Tokenized reference:  ['Indi@@', 'a', 'and', 'J@@', 'ap@@', 'an', 'pri@@', 'me', 'minist@@', 'ers', 'me@@', 'et', 'in', 'T@@', 'ok@@', 'y@@', 'o']
2025-04-29 19:23:39,223 - DEBUG - joeynmt.training - 	Tokenized hypothesis: ['the', 'Pri@@', 'me', 'Minist@@', 'er', 'Indi@@', 'a', 'and', 'J@@', 'ap@@', 'an', 'and', 'J@@', 'ap@@', 'an', ',', 'T@@', 'ok@@', 'i@@', 'o', '.', '</s>']
2025-04-29 19:23:39,223 - INFO - joeynmt.training - 	Source:     die Premierminister Indiens und Japans trafen sich in Tokio .
2025-04-29 19:23:39,223 - INFO - joeynmt.training - 	Reference:  India and Japan prime ministers meet in Tokyo
2025-04-29 19:23:39,223 - INFO - joeynmt.training - 	Hypothesis: the Prime Minister India and Japan and Japan , Tokio .
2025-04-29 19:23:39,223 - INFO - joeynmt.training - Example #1
2025-04-29 19:23:39,223 - DEBUG - joeynmt.training - 	Tokenized source:     ['Indi@@', 'ens', 'neu@@', 'er', 'Pre@@', 'mi@@', 'er@@', 'minist@@', 'er', 'N@@', 'ar@@', 'end@@', 'ra', 'Mo@@', 'd@@', 'i', 'tri@@', 'fft', 'bei', 's@@', 'einem', 'ersten', 'wichti@@', 'gen', 'Aus@@', 'land@@', 's@@', 'bes@@', 'u@@', 'ch', 'seit', 's@@', 'einem', 'W@@', 'ah@@', 'l@@', 'si@@', 'e@@', 'g', 'im', 'Ma@@', 'i', 'seinen', 'j@@', 'ap@@', 'an@@', 'ischen', 'Am@@', 'ts@@', 'k@@', 'olle@@', 'gen', 'S@@', 'hin@@', 'z@@', 'o', 'A@@', 'be', 'in', 'T@@', 'ok@@', 'o', ',', 'um', 'wirtschaf@@', 'tliche', 'und', 'sicher@@', 'heits@@', 'politische', 'Be@@', 'zieh@@', 'ungen', 'zu', 'bes@@', 'pre@@', 'chen', '.']
2025-04-29 19:23:39,223 - DEBUG - joeynmt.training - 	Tokenized reference:  ['Indi@@', 'a', '&apos;s', 'new', 'pri@@', 'me', 'minist@@', 'er', ',', 'N@@', 'ar@@', 'end@@', 'ra', 'Mo@@', 'd@@', 'i', ',', 'is', 'me@@', 'eting', 'his', 'J@@', 'ap@@', 'an@@', 'ese', 'coun@@', 'ter@@', 'part', ',', 'S@@', 'hin@@', 'z@@', 'o', 'A@@', 'be', ',', 'in', 'T@@', 'ok@@', 'y@@', 'o', 'to', 'disc@@', 'uss', 'economic', 'and', 'security', 'ties', ',', 'on', 'his', 'first', 'major', 'fore@@', 'ign', 'visi@@', 't', 'since', 'w@@', 'inn@@', 'ing', 'Ma@@', 'y', '&apos;s', 'elec@@', 'tion', '.']
2025-04-29 19:23:39,223 - DEBUG - joeynmt.training - 	Tokenized hypothesis: ['Indi@@', 'a', '&apos;s', 'Pri@@', 'me', 'Minist@@', 'er', 'N@@', 'ar@@', 'end@@', 'ra', 'Mo@@', 'd@@', 'i', ',', 'the', 'first', 'important', 'important', 'important', 'ex@@', 'tern@@', 'al', ',', 'he', 'was', 's@@', 'ent', 'to', 'his', 'J@@', 'ap@@', 'an@@', 'ese', 'colle@@', 'ag@@', 'u@@', 'es', ',', 'in', 'his', 'j@@', 'ap@@', 'an@@', 'i@@', 'an', 'Am@@', 'ts@@', 'k@@', 'i@@', 'vi@@', 'l', 'colle@@', 'ag@@', 'u@@', 'es', ',', 'in', 'his', 'j@@', 'ap@@', 'an@@', 'ese', 'A@@', 'be', 'in', 'T@@', 'ok@@', 'o', 'to', 'the', 'economic', 'and', 'saf@@', 'ety', '.', '</s>']
2025-04-29 19:23:39,223 - INFO - joeynmt.training - 	Source:     Indiens neuer Premierminister Narendra Modi trifft bei seinem ersten wichtigen Auslandsbesuch seit seinem Wahlsieg im Mai seinen japanischen Amtskollegen Shinzo Abe in Toko , um wirtschaftliche und sicherheitspolitische Beziehungen zu besprechen .
2025-04-29 19:23:39,223 - INFO - joeynmt.training - 	Reference:  India &apos;s new prime minister , Narendra Modi , is meeting his Japanese counterpart , Shinzo Abe , in Tokyo to discuss economic and security ties , on his first major foreign visit since winning May &apos;s election .
2025-04-29 19:23:39,223 - INFO - joeynmt.training - 	Hypothesis: India &apos;s Prime Minister Narendra Modi , the first important important important external , he was sent to his Japanese colleagues , in his japanian Amtskivil colleagues , in his japanese Abe in Toko to the economic and safety .
2025-04-29 19:23:39,223 - INFO - joeynmt.training - Example #2
2025-04-29 19:23:39,223 - DEBUG - joeynmt.training - 	Tokenized source:     ['Herr', 'Mo@@', 'd@@', 'i', 'befindet', 'sich', 'auf', 'einer', 'fü@@', 'n@@', 'f@@', 'tä@@', 'gi@@', 'gen', 'Rei@@', 'se', 'nach', 'J@@', 'ap@@', 'an', ',', 'um', 'die', 'wirtschaf@@', 'tlichen', 'Be@@', 'zieh@@', 'ungen', 'mit', 'der', 'd@@', 'rit@@', 't@@', 'größ@@', 'ten', 'Wirtschafts@@', 'n@@', 'ation', 'der', 'Welt', 'zu', 'fes@@', 'tigen', '.']
2025-04-29 19:23:39,223 - DEBUG - joeynmt.training - 	Tokenized reference:  ['Mr', 'Mo@@', 'd@@', 'i', 'is', 'on', 'a', 'fi@@', 've', '@@@', '-@@', '@', 'day', 'tri@@', 'p', 'to', 'J@@', 'ap@@', 'an', 'to', 'streng@@', 'then', 'economic', 'ties', 'with', 'the', 'third', 'lar@@', 'ges@@', 't', 'econom@@', 'y', 'in', 'the', 'world', '.']
2025-04-29 19:23:39,223 - DEBUG - joeynmt.training - 	Tokenized hypothesis: ['Mr', 'Mo@@', 'd@@', 'i', 'is', 'located', 'on', 'a', 'fi@@', 'f@@', 'ty', 'tra@@', 'v@@', 'el', 'to', 'J@@', 'ap@@', 'an', 'to', 'jo@@', 'in', 'the', 'world', '&apos;s', 'economic', 'rel@@', 'ations', 'with', 'the', 'third', 'lar@@', 'ges@@', 't', 'economic', 'rel@@', 'ations', '.', '</s>']
2025-04-29 19:23:39,223 - INFO - joeynmt.training - 	Source:     Herr Modi befindet sich auf einer fünftägigen Reise nach Japan , um die wirtschaftlichen Beziehungen mit der drittgrößten Wirtschaftsnation der Welt zu festigen .
2025-04-29 19:23:39,223 - INFO - joeynmt.training - 	Reference:  Mr Modi is on a five @-@ day trip to Japan to strengthen economic ties with the third largest economy in the world .
2025-04-29 19:23:39,223 - INFO - joeynmt.training - 	Hypothesis: Mr Modi is located on a fifty travel to Japan to join the world &apos;s economic relations with the third largest economic relations .
2025-04-29 19:23:39,223 - INFO - joeynmt.training - Example #3
2025-04-29 19:23:39,223 - DEBUG - joeynmt.training - 	Tokenized source:     ['P@@', 'län@@', 'e', 'für', 'eine', 'stärk@@', 'ere', 'k@@', 'ern@@', 'techn@@', 'ische', 'Zusammenarbeit', 'stehen', 'ganz', 'ob@@', 'en', 'auf', 'der', 'Tag@@', 'es@@', 'ordnung', '.']
2025-04-29 19:23:39,223 - DEBUG - joeynmt.training - 	Tokenized reference:  ['high', 'on', 'the', 'agen@@', 'da', 'are', 'pl@@', 'ans', 'for', 'gre@@', 'ater', 'nu@@', 'clear', 'c@@', 'o', '@@@', '-@@', '@', 'operation', '.']
2025-04-29 19:23:39,223 - DEBUG - joeynmt.training - 	Tokenized hypothesis: ['P@@', 'e', 'for', 'a', 'more', 'seri@@', 'ous', 'techn@@', 'ical', 'cooperation', 'is', 'very', 'close', 'to', 'the', 'agen@@', 'da', '.', '</s>']
2025-04-29 19:23:39,223 - INFO - joeynmt.training - 	Source:     Pläne für eine stärkere kerntechnische Zusammenarbeit stehen ganz oben auf der Tagesordnung .
2025-04-29 19:23:39,223 - INFO - joeynmt.training - 	Reference:  high on the agenda are plans for greater nuclear co @-@ operation .
2025-04-29 19:23:39,223 - INFO - joeynmt.training - 	Hypothesis: Pe for a more serious technical cooperation is very close to the agenda .
2025-04-29 19:23:39,223 - INFO - joeynmt.training - Example #4
2025-04-29 19:23:39,224 - DEBUG - joeynmt.training - 	Tokenized source:     ['Berich@@', 'ten', 'zu@@', 'fol@@', 'ge', 'ho@@', 'fft', 'Indi@@', 'en', 'darüber', 'hinaus', 'auf', 'einen', 'Ver@@', 'trag', 'zur', 'Ver@@', 'tei@@', 'dig@@', 'ungs@@', 'zusammen@@', 'arbeit', 'zwischen', 'den', 'beiden', 'N@@', 'ationen', '.']
2025-04-29 19:23:39,224 - DEBUG - joeynmt.training - 	Tokenized reference:  ['Indi@@', 'a', 'is', 'also', 're@@', 'porte@@', 'dly', 'hop@@', 'ing', 'for', 'a', 'de@@', 'al', 'on', 'def@@', 'ence', 'c@@', 'oll@@', 'ab@@', 'or@@', 'ation', 'between', 'the', 'two', 'n@@', 'ations', '.']
2025-04-29 19:23:39,224 - DEBUG - joeynmt.training - 	Tokenized hypothesis: ['the', 'same', 'is', 'also', 'high', ',', 'Indi@@', 'a', 'has', 'also', 'hop@@', 'ed', 'to', 'def@@', 'end', 'cooperation', 'between', 'the', 'two', 'N@@', 'ations', '.', '</s>']
2025-04-29 19:23:39,224 - INFO - joeynmt.training - 	Source:     Berichten zufolge hofft Indien darüber hinaus auf einen Vertrag zur Verteidigungszusammenarbeit zwischen den beiden Nationen .
2025-04-29 19:23:39,224 - INFO - joeynmt.training - 	Reference:  India is also reportedly hoping for a deal on defence collaboration between the two nations .
2025-04-29 19:23:39,224 - INFO - joeynmt.training - 	Hypothesis: the same is also high , India has also hoped to defend cooperation between the two Nations .
2025-04-29 19:23:55,875 - INFO - joeynmt.training - Epoch   5, Step:    20100, Batch Loss:     1.799073, Batch Acc: 0.495899, Tokens per Sec:     5492, Lr: 0.000300
2025-04-29 19:24:12,397 - INFO - joeynmt.training - Epoch   5, Step:    20200, Batch Loss:     1.781301, Batch Acc: 0.500271, Tokens per Sec:     5589, Lr: 0.000300
2025-04-29 19:24:29,150 - INFO - joeynmt.training - Epoch   5, Step:    20300, Batch Loss:     1.924164, Batch Acc: 0.491138, Tokens per Sec:     5412, Lr: 0.000300
2025-04-29 19:24:33,719 - INFO - joeynmt.training - Epoch   5: total training loss 7588.61
2025-04-29 19:24:33,719 - INFO - joeynmt.training - EPOCH 6
2025-04-29 19:24:45,735 - INFO - joeynmt.training - Epoch   6, Step:    20400, Batch Loss:     1.988863, Batch Acc: 0.523218, Tokens per Sec:     5488, Lr: 0.000300
2025-04-29 19:25:02,308 - INFO - joeynmt.training - Epoch   6, Step:    20500, Batch Loss:     1.629893, Batch Acc: 0.520125, Tokens per Sec:     5524, Lr: 0.000300
2025-04-29 19:25:02,308 - INFO - joeynmt.prediction - Predicting 500 example(s)... (Greedy decoding with min_output_length=1, max_output_length=-1, return_prob='none', generate_unk=True, repetition_penalty=-1, no_repeat_ngram_size=-1)
2025-04-29 19:25:26,046 - INFO - joeynmt.prediction - Evaluation result (greedy) loss:   2.20, ppl:   9.01, acc:   0.43, generation: 23.7349[sec], evaluation: 0.0000[sec]
2025-04-29 19:25:26,129 - INFO - joeynmt.helpers - delete models/deen_transformer_prenorm/18500.ckpt
2025-04-29 19:25:26,136 - INFO - joeynmt.training - Example #0
2025-04-29 19:25:26,136 - DEBUG - joeynmt.training - 	Tokenized source:     ['die', 'Pre@@', 'mi@@', 'er@@', 'minist@@', 'er', 'Indi@@', 'ens', 'und', 'J@@', 'ap@@', 'ans', 'tra@@', 'fen', 'sich', 'in', 'T@@', 'ok@@', 'i@@', 'o', '.']
2025-04-29 19:25:26,136 - DEBUG - joeynmt.training - 	Tokenized reference:  ['Indi@@', 'a', 'and', 'J@@', 'ap@@', 'an', 'pri@@', 'me', 'minist@@', 'ers', 'me@@', 'et', 'in', 'T@@', 'ok@@', 'y@@', 'o']
2025-04-29 19:25:26,136 - DEBUG - joeynmt.training - 	Tokenized hypothesis: ['the', 'Pri@@', 'me', 'Minist@@', 'er', 'Indi@@', 'a', 'and', 'J@@', 'ap@@', 'an', 'and', 'J@@', 'ap@@', 'an', '&apos;s', 'pri@@', 'me', 'minist@@', 'er', '.', '</s>']
2025-04-29 19:25:26,136 - INFO - joeynmt.training - 	Source:     die Premierminister Indiens und Japans trafen sich in Tokio .
2025-04-29 19:25:26,136 - INFO - joeynmt.training - 	Reference:  India and Japan prime ministers meet in Tokyo
2025-04-29 19:25:26,136 - INFO - joeynmt.training - 	Hypothesis: the Prime Minister India and Japan and Japan &apos;s prime minister .
2025-04-29 19:25:26,136 - INFO - joeynmt.training - Example #1
2025-04-29 19:25:26,136 - DEBUG - joeynmt.training - 	Tokenized source:     ['Indi@@', 'ens', 'neu@@', 'er', 'Pre@@', 'mi@@', 'er@@', 'minist@@', 'er', 'N@@', 'ar@@', 'end@@', 'ra', 'Mo@@', 'd@@', 'i', 'tri@@', 'fft', 'bei', 's@@', 'einem', 'ersten', 'wichti@@', 'gen', 'Aus@@', 'land@@', 's@@', 'bes@@', 'u@@', 'ch', 'seit', 's@@', 'einem', 'W@@', 'ah@@', 'l@@', 'si@@', 'e@@', 'g', 'im', 'Ma@@', 'i', 'seinen', 'j@@', 'ap@@', 'an@@', 'ischen', 'Am@@', 'ts@@', 'k@@', 'olle@@', 'gen', 'S@@', 'hin@@', 'z@@', 'o', 'A@@', 'be', 'in', 'T@@', 'ok@@', 'o', ',', 'um', 'wirtschaf@@', 'tliche', 'und', 'sicher@@', 'heits@@', 'politische', 'Be@@', 'zieh@@', 'ungen', 'zu', 'bes@@', 'pre@@', 'chen', '.']
2025-04-29 19:25:26,136 - DEBUG - joeynmt.training - 	Tokenized reference:  ['Indi@@', 'a', '&apos;s', 'new', 'pri@@', 'me', 'minist@@', 'er', ',', 'N@@', 'ar@@', 'end@@', 'ra', 'Mo@@', 'd@@', 'i', ',', 'is', 'me@@', 'eting', 'his', 'J@@', 'ap@@', 'an@@', 'ese', 'coun@@', 'ter@@', 'part', ',', 'S@@', 'hin@@', 'z@@', 'o', 'A@@', 'be', ',', 'in', 'T@@', 'ok@@', 'y@@', 'o', 'to', 'disc@@', 'uss', 'economic', 'and', 'security', 'ties', ',', 'on', 'his', 'first', 'major', 'fore@@', 'ign', 'visi@@', 't', 'since', 'w@@', 'inn@@', 'ing', 'Ma@@', 'y', '&apos;s', 'elec@@', 'tion', '.']
2025-04-29 19:25:26,136 - DEBUG - joeynmt.training - 	Tokenized hypothesis: ['Indi@@', 'a', '&apos;s', 'new', 'Pri@@', 'me', 'Minist@@', 'er', 'N@@', 'ar@@', 'end@@', 'ra', 'Mo@@', 'd@@', 'i', '&apos;s', 'first', 'important', 'ex@@', 'hi@@', 'bi@@', 'tion', 'in', 'his', 'first', 'important', 'ex@@', 't@@', 'ent', 'since', 'S@@', 'hin@@', 'z@@', 'o', '&apos;s', 'S@@', 'hin@@', 'z@@', 'o', 'A@@', 'be', 'in', 'T@@', 'ok@@', 'o', 'to', 'the', 'first', 'important', 'ex@@', 'am@@', 'pl@@', 'es', 'of', 'the', 'A@@', 'be', 'in', 'T@@', 'ok@@', 'o', 'to', 'be', 'a', 're@@', 'le@@', 'ased', 'in', 'T@@', 'ok@@', 'o', 'to', 'the', 'economic', 'and', 'saf@@', 'ety', '.', '</s>']
2025-04-29 19:25:26,136 - INFO - joeynmt.training - 	Source:     Indiens neuer Premierminister Narendra Modi trifft bei seinem ersten wichtigen Auslandsbesuch seit seinem Wahlsieg im Mai seinen japanischen Amtskollegen Shinzo Abe in Toko , um wirtschaftliche und sicherheitspolitische Beziehungen zu besprechen .
2025-04-29 19:25:26,136 - INFO - joeynmt.training - 	Reference:  India &apos;s new prime minister , Narendra Modi , is meeting his Japanese counterpart , Shinzo Abe , in Tokyo to discuss economic and security ties , on his first major foreign visit since winning May &apos;s election .
2025-04-29 19:25:26,136 - INFO - joeynmt.training - 	Hypothesis: India &apos;s new Prime Minister Narendra Modi &apos;s first important exhibition in his first important extent since Shinzo &apos;s Shinzo Abe in Toko to the first important examples of the Abe in Toko to be a released in Toko to the economic and safety .
2025-04-29 19:25:26,137 - INFO - joeynmt.training - Example #2
2025-04-29 19:25:26,137 - DEBUG - joeynmt.training - 	Tokenized source:     ['Herr', 'Mo@@', 'd@@', 'i', 'befindet', 'sich', 'auf', 'einer', 'fü@@', 'n@@', 'f@@', 'tä@@', 'gi@@', 'gen', 'Rei@@', 'se', 'nach', 'J@@', 'ap@@', 'an', ',', 'um', 'die', 'wirtschaf@@', 'tlichen', 'Be@@', 'zieh@@', 'ungen', 'mit', 'der', 'd@@', 'rit@@', 't@@', 'größ@@', 'ten', 'Wirtschafts@@', 'n@@', 'ation', 'der', 'Welt', 'zu', 'fes@@', 'tigen', '.']
2025-04-29 19:25:26,137 - DEBUG - joeynmt.training - 	Tokenized reference:  ['Mr', 'Mo@@', 'd@@', 'i', 'is', 'on', 'a', 'fi@@', 've', '@@@', '-@@', '@', 'day', 'tri@@', 'p', 'to', 'J@@', 'ap@@', 'an', 'to', 'streng@@', 'then', 'economic', 'ties', 'with', 'the', 'third', 'lar@@', 'ges@@', 't', 'econom@@', 'y', 'in', 'the', 'world', '.']
2025-04-29 19:25:26,137 - DEBUG - joeynmt.training - 	Tokenized hypothesis: ['Mr', 'Mo@@', 'd@@', 'i', 'is', 'located', 'on', 'a', 'fi@@', 've', 'tra@@', 'v@@', 'el', 'to', 'J@@', 'ap@@', 'an', 'to', 'jo@@', 'in', 'order', 'to', 'J@@', 'ap@@', 'an', 'to', 'take', 'a', 'fi@@', 've', 'tra@@', 'v@@', 'el', '.', '</s>']
2025-04-29 19:25:26,137 - INFO - joeynmt.training - 	Source:     Herr Modi befindet sich auf einer fünftägigen Reise nach Japan , um die wirtschaftlichen Beziehungen mit der drittgrößten Wirtschaftsnation der Welt zu festigen .
2025-04-29 19:25:26,137 - INFO - joeynmt.training - 	Reference:  Mr Modi is on a five @-@ day trip to Japan to strengthen economic ties with the third largest economy in the world .
2025-04-29 19:25:26,137 - INFO - joeynmt.training - 	Hypothesis: Mr Modi is located on a five travel to Japan to join order to Japan to take a five travel .
2025-04-29 19:25:26,137 - INFO - joeynmt.training - Example #3
2025-04-29 19:25:26,137 - DEBUG - joeynmt.training - 	Tokenized source:     ['P@@', 'län@@', 'e', 'für', 'eine', 'stärk@@', 'ere', 'k@@', 'ern@@', 'techn@@', 'ische', 'Zusammenarbeit', 'stehen', 'ganz', 'ob@@', 'en', 'auf', 'der', 'Tag@@', 'es@@', 'ordnung', '.']
2025-04-29 19:25:26,137 - DEBUG - joeynmt.training - 	Tokenized reference:  ['high', 'on', 'the', 'agen@@', 'da', 'are', 'pl@@', 'ans', 'for', 'gre@@', 'ater', 'nu@@', 'clear', 'c@@', 'o', '@@@', '-@@', '@', 'operation', '.']
2025-04-29 19:25:26,137 - DEBUG - joeynmt.training - 	Tokenized hypothesis: ['pl@@', 'ans', 'for', 'a', 'more', 'seri@@', 'ous', 'techn@@', 'ical', 'cooperation', 'are', 'in', 'the', 'agen@@', 'da', '.', '</s>']
2025-04-29 19:25:26,137 - INFO - joeynmt.training - 	Source:     Pläne für eine stärkere kerntechnische Zusammenarbeit stehen ganz oben auf der Tagesordnung .
2025-04-29 19:25:26,137 - INFO - joeynmt.training - 	Reference:  high on the agenda are plans for greater nuclear co @-@ operation .
2025-04-29 19:25:26,137 - INFO - joeynmt.training - 	Hypothesis: plans for a more serious technical cooperation are in the agenda .
2025-04-29 19:25:26,137 - INFO - joeynmt.training - Example #4
2025-04-29 19:25:26,137 - DEBUG - joeynmt.training - 	Tokenized source:     ['Berich@@', 'ten', 'zu@@', 'fol@@', 'ge', 'ho@@', 'fft', 'Indi@@', 'en', 'darüber', 'hinaus', 'auf', 'einen', 'Ver@@', 'trag', 'zur', 'Ver@@', 'tei@@', 'dig@@', 'ungs@@', 'zusammen@@', 'arbeit', 'zwischen', 'den', 'beiden', 'N@@', 'ationen', '.']
2025-04-29 19:25:26,137 - DEBUG - joeynmt.training - 	Tokenized reference:  ['Indi@@', 'a', 'is', 'also', 're@@', 'porte@@', 'dly', 'hop@@', 'ing', 'for', 'a', 'de@@', 'al', 'on', 'def@@', 'ence', 'c@@', 'oll@@', 'ab@@', 'or@@', 'ation', 'between', 'the', 'two', 'n@@', 'ations', '.']
2025-04-29 19:25:26,137 - DEBUG - joeynmt.training - 	Tokenized hypothesis: ['the', 'fact', 'that', 'Indi@@', 'a', '&apos;s', 'de@@', 'al', 'of', 'con@@', 'tra@@', 'ct', 'cooperation', 'between', 'the', 'two', 'N@@', 'ations', '.', '</s>']
2025-04-29 19:25:26,137 - INFO - joeynmt.training - 	Source:     Berichten zufolge hofft Indien darüber hinaus auf einen Vertrag zur Verteidigungszusammenarbeit zwischen den beiden Nationen .
2025-04-29 19:25:26,137 - INFO - joeynmt.training - 	Reference:  India is also reportedly hoping for a deal on defence collaboration between the two nations .
2025-04-29 19:25:26,137 - INFO - joeynmt.training - 	Hypothesis: the fact that India &apos;s deal of contract cooperation between the two Nations .
2025-04-29 19:25:42,914 - INFO - joeynmt.training - Epoch   6, Step:    20600, Batch Loss:     1.804828, Batch Acc: 0.521039, Tokens per Sec:     5491, Lr: 0.000300
2025-04-29 19:25:59,574 - INFO - joeynmt.training - Epoch   6, Step:    20700, Batch Loss:     1.496195, Batch Acc: 0.512876, Tokens per Sec:     5559, Lr: 0.000300
2025-04-29 19:26:16,179 - INFO - joeynmt.training - Epoch   6, Step:    20800, Batch Loss:     1.784076, Batch Acc: 0.516794, Tokens per Sec:     5489, Lr: 0.000300
2025-04-29 19:26:32,759 - INFO - joeynmt.training - Epoch   6, Step:    20900, Batch Loss:     1.771374, Batch Acc: 0.515378, Tokens per Sec:     5603, Lr: 0.000300
2025-04-29 19:26:49,023 - INFO - joeynmt.training - Epoch   6, Step:    21000, Batch Loss:     1.610991, Batch Acc: 0.519432, Tokens per Sec:     5699, Lr: 0.000300
2025-04-29 19:26:49,023 - INFO - joeynmt.prediction - Predicting 500 example(s)... (Greedy decoding with min_output_length=1, max_output_length=-1, return_prob='none', generate_unk=True, repetition_penalty=-1, no_repeat_ngram_size=-1)
2025-04-29 19:27:10,915 - INFO - joeynmt.prediction - Evaluation result (greedy) loss:   2.19, ppl:   8.94, acc:   0.44, generation: 21.8885[sec], evaluation: 0.0000[sec]
2025-04-29 19:27:10,998 - INFO - joeynmt.helpers - delete models/deen_transformer_prenorm/18000.ckpt
2025-04-29 19:27:11,007 - INFO - joeynmt.training - Example #0
2025-04-29 19:27:11,007 - DEBUG - joeynmt.training - 	Tokenized source:     ['die', 'Pre@@', 'mi@@', 'er@@', 'minist@@', 'er', 'Indi@@', 'ens', 'und', 'J@@', 'ap@@', 'ans', 'tra@@', 'fen', 'sich', 'in', 'T@@', 'ok@@', 'i@@', 'o', '.']
2025-04-29 19:27:11,007 - DEBUG - joeynmt.training - 	Tokenized reference:  ['Indi@@', 'a', 'and', 'J@@', 'ap@@', 'an', 'pri@@', 'me', 'minist@@', 'ers', 'me@@', 'et', 'in', 'T@@', 'ok@@', 'y@@', 'o']
2025-04-29 19:27:11,007 - DEBUG - joeynmt.training - 	Tokenized hypothesis: ['the', 'Pri@@', 'me', 'Minist@@', 'er', 'Indi@@', 'a', 'and', 'J@@', 'ap@@', 'an', 'and', 'J@@', 'ap@@', 'an', 'and', 'J@@', 'ap@@', 'an', '.', '</s>']
2025-04-29 19:27:11,007 - INFO - joeynmt.training - 	Source:     die Premierminister Indiens und Japans trafen sich in Tokio .
2025-04-29 19:27:11,007 - INFO - joeynmt.training - 	Reference:  India and Japan prime ministers meet in Tokyo
2025-04-29 19:27:11,007 - INFO - joeynmt.training - 	Hypothesis: the Prime Minister India and Japan and Japan and Japan .
2025-04-29 19:27:11,007 - INFO - joeynmt.training - Example #1
2025-04-29 19:27:11,007 - DEBUG - joeynmt.training - 	Tokenized source:     ['Indi@@', 'ens', 'neu@@', 'er', 'Pre@@', 'mi@@', 'er@@', 'minist@@', 'er', 'N@@', 'ar@@', 'end@@', 'ra', 'Mo@@', 'd@@', 'i', 'tri@@', 'fft', 'bei', 's@@', 'einem', 'ersten', 'wichti@@', 'gen', 'Aus@@', 'land@@', 's@@', 'bes@@', 'u@@', 'ch', 'seit', 's@@', 'einem', 'W@@', 'ah@@', 'l@@', 'si@@', 'e@@', 'g', 'im', 'Ma@@', 'i', 'seinen', 'j@@', 'ap@@', 'an@@', 'ischen', 'Am@@', 'ts@@', 'k@@', 'olle@@', 'gen', 'S@@', 'hin@@', 'z@@', 'o', 'A@@', 'be', 'in', 'T@@', 'ok@@', 'o', ',', 'um', 'wirtschaf@@', 'tliche', 'und', 'sicher@@', 'heits@@', 'politische', 'Be@@', 'zieh@@', 'ungen', 'zu', 'bes@@', 'pre@@', 'chen', '.']
2025-04-29 19:27:11,007 - DEBUG - joeynmt.training - 	Tokenized reference:  ['Indi@@', 'a', '&apos;s', 'new', 'pri@@', 'me', 'minist@@', 'er', ',', 'N@@', 'ar@@', 'end@@', 'ra', 'Mo@@', 'd@@', 'i', ',', 'is', 'me@@', 'eting', 'his', 'J@@', 'ap@@', 'an@@', 'ese', 'coun@@', 'ter@@', 'part', ',', 'S@@', 'hin@@', 'z@@', 'o', 'A@@', 'be', ',', 'in', 'T@@', 'ok@@', 'y@@', 'o', 'to', 'disc@@', 'uss', 'economic', 'and', 'security', 'ties', ',', 'on', 'his', 'first', 'major', 'fore@@', 'ign', 'visi@@', 't', 'since', 'w@@', 'inn@@', 'ing', 'Ma@@', 'y', '&apos;s', 'elec@@', 'tion', '.']
2025-04-29 19:27:11,007 - DEBUG - joeynmt.training - 	Tokenized hypothesis: ['Indi@@', 'a', '&apos;s', 'new', 'Pri@@', 'me', 'Minist@@', 'er', 'N@@', 'ar@@', 'end@@', 'ra', 'Mo@@', 'd@@', 'i', ',', 'the', 'first', 'important', 'ex@@', 't@@', 'ent', 'to', 'his', 'first', 'important', 'ex@@', 't@@', 'ent', 'since', 'S@@', 'hin@@', 'z@@', 'o', ',', 'the', 'J@@', 'ap@@', 'an@@', 'ese', 'Am@@', 'ts@@', 'k@@', 'o', ',', 'S@@', 'hin@@', 'z@@', 'o', 'A@@', 'be', 'in', 'T@@', 'ok@@', 'o', 'to', 'the', 'economic', 'and', 'security', 'policy', 'rel@@', 'ations', '.', '</s>']
2025-04-29 19:27:11,007 - INFO - joeynmt.training - 	Source:     Indiens neuer Premierminister Narendra Modi trifft bei seinem ersten wichtigen Auslandsbesuch seit seinem Wahlsieg im Mai seinen japanischen Amtskollegen Shinzo Abe in Toko , um wirtschaftliche und sicherheitspolitische Beziehungen zu besprechen .
2025-04-29 19:27:11,007 - INFO - joeynmt.training - 	Reference:  India &apos;s new prime minister , Narendra Modi , is meeting his Japanese counterpart , Shinzo Abe , in Tokyo to discuss economic and security ties , on his first major foreign visit since winning May &apos;s election .
2025-04-29 19:27:11,007 - INFO - joeynmt.training - 	Hypothesis: India &apos;s new Prime Minister Narendra Modi , the first important extent to his first important extent since Shinzo , the Japanese Amtsko , Shinzo Abe in Toko to the economic and security policy relations .
2025-04-29 19:27:11,007 - INFO - joeynmt.training - Example #2
2025-04-29 19:27:11,007 - DEBUG - joeynmt.training - 	Tokenized source:     ['Herr', 'Mo@@', 'd@@', 'i', 'befindet', 'sich', 'auf', 'einer', 'fü@@', 'n@@', 'f@@', 'tä@@', 'gi@@', 'gen', 'Rei@@', 'se', 'nach', 'J@@', 'ap@@', 'an', ',', 'um', 'die', 'wirtschaf@@', 'tlichen', 'Be@@', 'zieh@@', 'ungen', 'mit', 'der', 'd@@', 'rit@@', 't@@', 'größ@@', 'ten', 'Wirtschafts@@', 'n@@', 'ation', 'der', 'Welt', 'zu', 'fes@@', 'tigen', '.']
2025-04-29 19:27:11,007 - DEBUG - joeynmt.training - 	Tokenized reference:  ['Mr', 'Mo@@', 'd@@', 'i', 'is', 'on', 'a', 'fi@@', 've', '@@@', '-@@', '@', 'day', 'tri@@', 'p', 'to', 'J@@', 'ap@@', 'an', 'to', 'streng@@', 'then', 'economic', 'ties', 'with', 'the', 'third', 'lar@@', 'ges@@', 't', 'econom@@', 'y', 'in', 'the', 'world', '.']
2025-04-29 19:27:11,007 - DEBUG - joeynmt.training - 	Tokenized hypothesis: ['Mr', 'Mo@@', 'd@@', 'i', 'is', 'located', 'on', 'a', 'fi@@', 've', 'ser@@', 'ved', 'tra@@', 'v@@', 'ell@@', 'ing', 'for', 'the', 'economic', 'rel@@', 'ations', 'with', 'the', 'third', 'lar@@', 'ges@@', 't', 'econom@@', 'y', '.', '</s>']
2025-04-29 19:27:11,007 - INFO - joeynmt.training - 	Source:     Herr Modi befindet sich auf einer fünftägigen Reise nach Japan , um die wirtschaftlichen Beziehungen mit der drittgrößten Wirtschaftsnation der Welt zu festigen .
2025-04-29 19:27:11,007 - INFO - joeynmt.training - 	Reference:  Mr Modi is on a five @-@ day trip to Japan to strengthen economic ties with the third largest economy in the world .
2025-04-29 19:27:11,007 - INFO - joeynmt.training - 	Hypothesis: Mr Modi is located on a five served travelling for the economic relations with the third largest economy .
2025-04-29 19:27:11,007 - INFO - joeynmt.training - Example #3
2025-04-29 19:27:11,007 - DEBUG - joeynmt.training - 	Tokenized source:     ['P@@', 'län@@', 'e', 'für', 'eine', 'stärk@@', 'ere', 'k@@', 'ern@@', 'techn@@', 'ische', 'Zusammenarbeit', 'stehen', 'ganz', 'ob@@', 'en', 'auf', 'der', 'Tag@@', 'es@@', 'ordnung', '.']
2025-04-29 19:27:11,007 - DEBUG - joeynmt.training - 	Tokenized reference:  ['high', 'on', 'the', 'agen@@', 'da', 'are', 'pl@@', 'ans', 'for', 'gre@@', 'ater', 'nu@@', 'clear', 'c@@', 'o', '@@@', '-@@', '@', 'operation', '.']
2025-04-29 19:27:11,007 - DEBUG - joeynmt.training - 	Tokenized hypothesis: ['pl@@', 'ans', 'for', 'more', 'more', 'seri@@', 'ous', 'techn@@', 'ical', 'cooperation', 'are', 'very', 'ob@@', 'li@@', 'g@@', 'ation', '.', '</s>']
2025-04-29 19:27:11,008 - INFO - joeynmt.training - 	Source:     Pläne für eine stärkere kerntechnische Zusammenarbeit stehen ganz oben auf der Tagesordnung .
2025-04-29 19:27:11,008 - INFO - joeynmt.training - 	Reference:  high on the agenda are plans for greater nuclear co @-@ operation .
2025-04-29 19:27:11,008 - INFO - joeynmt.training - 	Hypothesis: plans for more more serious technical cooperation are very obligation .
2025-04-29 19:27:11,008 - INFO - joeynmt.training - Example #4
2025-04-29 19:27:11,008 - DEBUG - joeynmt.training - 	Tokenized source:     ['Berich@@', 'ten', 'zu@@', 'fol@@', 'ge', 'ho@@', 'fft', 'Indi@@', 'en', 'darüber', 'hinaus', 'auf', 'einen', 'Ver@@', 'trag', 'zur', 'Ver@@', 'tei@@', 'dig@@', 'ungs@@', 'zusammen@@', 'arbeit', 'zwischen', 'den', 'beiden', 'N@@', 'ationen', '.']
2025-04-29 19:27:11,008 - DEBUG - joeynmt.training - 	Tokenized reference:  ['Indi@@', 'a', 'is', 'also', 're@@', 'porte@@', 'dly', 'hop@@', 'ing', 'for', 'a', 'de@@', 'al', 'on', 'def@@', 'ence', 'c@@', 'oll@@', 'ab@@', 'or@@', 'ation', 'between', 'the', 'two', 'n@@', 'ations', '.']
2025-04-29 19:27:11,008 - DEBUG - joeynmt.training - 	Tokenized hypothesis: ['it', 'is', 'also', 'high', 'that', 'Indi@@', 'a', 'has', 'a', 'con@@', 'tra@@', 'ct', 'on', 'a', 'con@@', 'tra@@', 'ct', 'of', 'the', 'def@@', 'ence', 'between', 'the', 'two', 'N@@', 'ations', '.', '</s>']
2025-04-29 19:27:11,008 - INFO - joeynmt.training - 	Source:     Berichten zufolge hofft Indien darüber hinaus auf einen Vertrag zur Verteidigungszusammenarbeit zwischen den beiden Nationen .
2025-04-29 19:27:11,008 - INFO - joeynmt.training - 	Reference:  India is also reportedly hoping for a deal on defence collaboration between the two nations .
2025-04-29 19:27:11,008 - INFO - joeynmt.training - 	Hypothesis: it is also high that India has a contract on a contract of the defence between the two Nations .
2025-04-29 19:27:27,342 - INFO - joeynmt.training - Epoch   6, Step:    21100, Batch Loss:     1.790450, Batch Acc: 0.515494, Tokens per Sec:     5483, Lr: 0.000300
2025-04-29 19:27:44,137 - INFO - joeynmt.training - Epoch   6, Step:    21200, Batch Loss:     1.966801, Batch Acc: 0.510373, Tokens per Sec:     5487, Lr: 0.000300
2025-04-29 19:28:00,629 - INFO - joeynmt.training - Epoch   6, Step:    21300, Batch Loss:     1.908210, Batch Acc: 0.512382, Tokens per Sec:     5649, Lr: 0.000300
2025-04-29 19:28:16,921 - INFO - joeynmt.training - Epoch   6, Step:    21400, Batch Loss:     1.744865, Batch Acc: 0.512087, Tokens per Sec:     5571, Lr: 0.000300
2025-04-29 19:28:33,126 - INFO - joeynmt.training - Epoch   6, Step:    21500, Batch Loss:     1.727949, Batch Acc: 0.513127, Tokens per Sec:     5648, Lr: 0.000300
2025-04-29 19:28:33,126 - INFO - joeynmt.prediction - Predicting 500 example(s)... (Greedy decoding with min_output_length=1, max_output_length=-1, return_prob='none', generate_unk=True, repetition_penalty=-1, no_repeat_ngram_size=-1)
2025-04-29 19:28:58,659 - INFO - joeynmt.prediction - Evaluation result (greedy) loss:   2.18, ppl:   8.89, acc:   0.44, generation: 25.5297[sec], evaluation: 0.0000[sec]
2025-04-29 19:28:58,751 - INFO - joeynmt.helpers - delete models/deen_transformer_prenorm/19000.ckpt
2025-04-29 19:28:58,762 - INFO - joeynmt.training - Example #0
2025-04-29 19:28:58,762 - DEBUG - joeynmt.training - 	Tokenized source:     ['die', 'Pre@@', 'mi@@', 'er@@', 'minist@@', 'er', 'Indi@@', 'ens', 'und', 'J@@', 'ap@@', 'ans', 'tra@@', 'fen', 'sich', 'in', 'T@@', 'ok@@', 'i@@', 'o', '.']
2025-04-29 19:28:58,762 - DEBUG - joeynmt.training - 	Tokenized reference:  ['Indi@@', 'a', 'and', 'J@@', 'ap@@', 'an', 'pri@@', 'me', 'minist@@', 'ers', 'me@@', 'et', 'in', 'T@@', 'ok@@', 'y@@', 'o']
2025-04-29 19:28:58,762 - DEBUG - joeynmt.training - 	Tokenized hypothesis: ['the', 'Pri@@', 'me', 'Minist@@', 'er', 'Indi@@', 'a', 'and', 'J@@', 'ap@@', 'an', ',', 'in', 'T@@', 'ok@@', 'i@@', 'o', '.', '</s>']
2025-04-29 19:28:58,762 - INFO - joeynmt.training - 	Source:     die Premierminister Indiens und Japans trafen sich in Tokio .
2025-04-29 19:28:58,762 - INFO - joeynmt.training - 	Reference:  India and Japan prime ministers meet in Tokyo
2025-04-29 19:28:58,762 - INFO - joeynmt.training - 	Hypothesis: the Prime Minister India and Japan , in Tokio .
2025-04-29 19:28:58,762 - INFO - joeynmt.training - Example #1
2025-04-29 19:28:58,762 - DEBUG - joeynmt.training - 	Tokenized source:     ['Indi@@', 'ens', 'neu@@', 'er', 'Pre@@', 'mi@@', 'er@@', 'minist@@', 'er', 'N@@', 'ar@@', 'end@@', 'ra', 'Mo@@', 'd@@', 'i', 'tri@@', 'fft', 'bei', 's@@', 'einem', 'ersten', 'wichti@@', 'gen', 'Aus@@', 'land@@', 's@@', 'bes@@', 'u@@', 'ch', 'seit', 's@@', 'einem', 'W@@', 'ah@@', 'l@@', 'si@@', 'e@@', 'g', 'im', 'Ma@@', 'i', 'seinen', 'j@@', 'ap@@', 'an@@', 'ischen', 'Am@@', 'ts@@', 'k@@', 'olle@@', 'gen', 'S@@', 'hin@@', 'z@@', 'o', 'A@@', 'be', 'in', 'T@@', 'ok@@', 'o', ',', 'um', 'wirtschaf@@', 'tliche', 'und', 'sicher@@', 'heits@@', 'politische', 'Be@@', 'zieh@@', 'ungen', 'zu', 'bes@@', 'pre@@', 'chen', '.']
2025-04-29 19:28:58,762 - DEBUG - joeynmt.training - 	Tokenized reference:  ['Indi@@', 'a', '&apos;s', 'new', 'pri@@', 'me', 'minist@@', 'er', ',', 'N@@', 'ar@@', 'end@@', 'ra', 'Mo@@', 'd@@', 'i', ',', 'is', 'me@@', 'eting', 'his', 'J@@', 'ap@@', 'an@@', 'ese', 'coun@@', 'ter@@', 'part', ',', 'S@@', 'hin@@', 'z@@', 'o', 'A@@', 'be', ',', 'in', 'T@@', 'ok@@', 'y@@', 'o', 'to', 'disc@@', 'uss', 'economic', 'and', 'security', 'ties', ',', 'on', 'his', 'first', 'major', 'fore@@', 'ign', 'visi@@', 't', 'since', 'w@@', 'inn@@', 'ing', 'Ma@@', 'y', '&apos;s', 'elec@@', 'tion', '.']
2025-04-29 19:28:58,762 - DEBUG - joeynmt.training - 	Tokenized hypothesis: ['Indi@@', 'a', '&apos;s', 'new', 'Pri@@', 'me', 'Minist@@', 'er', 'N@@', 'ar@@', 'end@@', 'ra', 'Mo@@', 'd@@', 'i', ',', 'the', 'first', 'important', 'ex@@', 'change', 'of', 'his', 'first', 'important', 'ex@@', 'change', 'since', 's@@', 'his', 'elec@@', 't@@', 'or@@', 'al', ',', 'in', 'Ma@@', 'y', ',', 'his', 'J@@', 'ap@@', 'an@@', 'ese', 'colle@@', 'ge', 'S@@', 'hin@@', 'z@@', 'o', ',', 'A@@', 'in', 'T@@', 'ok@@', 'o', ',', 'in', 'T@@', 'ok@@', 'o', ',', 'in', 'the', 'M@@', 'or@@', 'occ@@', 'o', ',', 'and', 'in', 'the', 'J@@', 'ap@@', 'an', 'A@@', 'be', '.', '</s>']
2025-04-29 19:28:58,763 - INFO - joeynmt.training - 	Source:     Indiens neuer Premierminister Narendra Modi trifft bei seinem ersten wichtigen Auslandsbesuch seit seinem Wahlsieg im Mai seinen japanischen Amtskollegen Shinzo Abe in Toko , um wirtschaftliche und sicherheitspolitische Beziehungen zu besprechen .
2025-04-29 19:28:58,763 - INFO - joeynmt.training - 	Reference:  India &apos;s new prime minister , Narendra Modi , is meeting his Japanese counterpart , Shinzo Abe , in Tokyo to discuss economic and security ties , on his first major foreign visit since winning May &apos;s election .
2025-04-29 19:28:58,763 - INFO - joeynmt.training - 	Hypothesis: India &apos;s new Prime Minister Narendra Modi , the first important exchange of his first important exchange since shis electoral , in May , his Japanese college Shinzo , Ain Toko , in Toko , in the Morocco , and in the Japan Abe .
2025-04-29 19:28:58,763 - INFO - joeynmt.training - Example #2
2025-04-29 19:28:58,763 - DEBUG - joeynmt.training - 	Tokenized source:     ['Herr', 'Mo@@', 'd@@', 'i', 'befindet', 'sich', 'auf', 'einer', 'fü@@', 'n@@', 'f@@', 'tä@@', 'gi@@', 'gen', 'Rei@@', 'se', 'nach', 'J@@', 'ap@@', 'an', ',', 'um', 'die', 'wirtschaf@@', 'tlichen', 'Be@@', 'zieh@@', 'ungen', 'mit', 'der', 'd@@', 'rit@@', 't@@', 'größ@@', 'ten', 'Wirtschafts@@', 'n@@', 'ation', 'der', 'Welt', 'zu', 'fes@@', 'tigen', '.']
2025-04-29 19:28:58,763 - DEBUG - joeynmt.training - 	Tokenized reference:  ['Mr', 'Mo@@', 'd@@', 'i', 'is', 'on', 'a', 'fi@@', 've', '@@@', '-@@', '@', 'day', 'tri@@', 'p', 'to', 'J@@', 'ap@@', 'an', 'to', 'streng@@', 'then', 'economic', 'ties', 'with', 'the', 'third', 'lar@@', 'ges@@', 't', 'econom@@', 'y', 'in', 'the', 'world', '.']
2025-04-29 19:28:58,763 - DEBUG - joeynmt.training - 	Tokenized hypothesis: ['Mr', 'Mo@@', 'd@@', 'i', 'is', 'based', 'on', 'a', 'fi@@', 'f@@', 'th', 'tra@@', 'v@@', 'el', 'to', 'J@@', 'ap@@', 'an', 'to', 'J@@', 'ap@@', 'an', 'to', 'the', 'economic', 'rel@@', 'ations', 'with', 'the', 'third', 'lar@@', 'ges@@', 't', 'econom@@', 'y', '.', '</s>']
2025-04-29 19:28:58,763 - INFO - joeynmt.training - 	Source:     Herr Modi befindet sich auf einer fünftägigen Reise nach Japan , um die wirtschaftlichen Beziehungen mit der drittgrößten Wirtschaftsnation der Welt zu festigen .
2025-04-29 19:28:58,763 - INFO - joeynmt.training - 	Reference:  Mr Modi is on a five @-@ day trip to Japan to strengthen economic ties with the third largest economy in the world .
2025-04-29 19:28:58,763 - INFO - joeynmt.training - 	Hypothesis: Mr Modi is based on a fifth travel to Japan to Japan to the economic relations with the third largest economy .
2025-04-29 19:28:58,763 - INFO - joeynmt.training - Example #3
2025-04-29 19:28:58,763 - DEBUG - joeynmt.training - 	Tokenized source:     ['P@@', 'län@@', 'e', 'für', 'eine', 'stärk@@', 'ere', 'k@@', 'ern@@', 'techn@@', 'ische', 'Zusammenarbeit', 'stehen', 'ganz', 'ob@@', 'en', 'auf', 'der', 'Tag@@', 'es@@', 'ordnung', '.']
2025-04-29 19:28:58,763 - DEBUG - joeynmt.training - 	Tokenized reference:  ['high', 'on', 'the', 'agen@@', 'da', 'are', 'pl@@', 'ans', 'for', 'gre@@', 'ater', 'nu@@', 'clear', 'c@@', 'o', '@@@', '-@@', '@', 'operation', '.']
2025-04-29 19:28:58,763 - DEBUG - joeynmt.training - 	Tokenized hypothesis: ['pl@@', 'ans', 'for', 'gre@@', 'ater', 'seri@@', 'ous', 'co@@', '-@@', 'seri@@', 'ous', 'cooperation', 'is', 'based', 'on', 'the', 'agen@@', 'da', '.', '</s>']
2025-04-29 19:28:58,763 - INFO - joeynmt.training - 	Source:     Pläne für eine stärkere kerntechnische Zusammenarbeit stehen ganz oben auf der Tagesordnung .
2025-04-29 19:28:58,763 - INFO - joeynmt.training - 	Reference:  high on the agenda are plans for greater nuclear co @-@ operation .
2025-04-29 19:28:58,763 - INFO - joeynmt.training - 	Hypothesis: plans for greater serious co-serious cooperation is based on the agenda .
2025-04-29 19:28:58,763 - INFO - joeynmt.training - Example #4
2025-04-29 19:28:58,763 - DEBUG - joeynmt.training - 	Tokenized source:     ['Berich@@', 'ten', 'zu@@', 'fol@@', 'ge', 'ho@@', 'fft', 'Indi@@', 'en', 'darüber', 'hinaus', 'auf', 'einen', 'Ver@@', 'trag', 'zur', 'Ver@@', 'tei@@', 'dig@@', 'ungs@@', 'zusammen@@', 'arbeit', 'zwischen', 'den', 'beiden', 'N@@', 'ationen', '.']
2025-04-29 19:28:58,763 - DEBUG - joeynmt.training - 	Tokenized reference:  ['Indi@@', 'a', 'is', 'also', 're@@', 'porte@@', 'dly', 'hop@@', 'ing', 'for', 'a', 'de@@', 'al', 'on', 'def@@', 'ence', 'c@@', 'oll@@', 'ab@@', 'or@@', 'ation', 'between', 'the', 'two', 'n@@', 'ations', '.']
2025-04-29 19:28:58,763 - DEBUG - joeynmt.training - 	Tokenized hypothesis: ['it', 'is', 'also', 'tru@@', 'e', 'Indi@@', 'a', ',', 'that', 'is', 'a', 'con@@', 'tra@@', 'ct', 'on', 'a', 'con@@', 'tra@@', 'ct', ',', 'between', 'the', 'two', 'N@@', 'ations', '.', '</s>']
2025-04-29 19:28:58,763 - INFO - joeynmt.training - 	Source:     Berichten zufolge hofft Indien darüber hinaus auf einen Vertrag zur Verteidigungszusammenarbeit zwischen den beiden Nationen .
2025-04-29 19:28:58,763 - INFO - joeynmt.training - 	Reference:  India is also reportedly hoping for a deal on defence collaboration between the two nations .
2025-04-29 19:28:58,763 - INFO - joeynmt.training - 	Hypothesis: it is also true India , that is a contract on a contract , between the two Nations .
2025-04-29 19:29:15,187 - INFO - joeynmt.training - Epoch   6, Step:    21600, Batch Loss:     1.797737, Batch Acc: 0.507624, Tokens per Sec:     5428, Lr: 0.000300
2025-04-29 19:29:31,541 - INFO - joeynmt.training - Epoch   6, Step:    21700, Batch Loss:     1.871532, Batch Acc: 0.515910, Tokens per Sec:     5556, Lr: 0.000300
2025-04-29 19:29:47,893 - INFO - joeynmt.training - Epoch   6, Step:    21800, Batch Loss:     1.802014, Batch Acc: 0.508629, Tokens per Sec:     5635, Lr: 0.000300
2025-04-29 19:30:04,221 - INFO - joeynmt.training - Epoch   6, Step:    21900, Batch Loss:     1.944400, Batch Acc: 0.512970, Tokens per Sec:     5697, Lr: 0.000300
2025-04-29 19:30:20,365 - INFO - joeynmt.training - Epoch   6, Step:    22000, Batch Loss:     1.627876, Batch Acc: 0.508640, Tokens per Sec:     5621, Lr: 0.000300
2025-04-29 19:30:20,366 - INFO - joeynmt.prediction - Predicting 500 example(s)... (Greedy decoding with min_output_length=1, max_output_length=-1, return_prob='none', generate_unk=True, repetition_penalty=-1, no_repeat_ngram_size=-1)
2025-04-29 19:30:44,988 - INFO - joeynmt.prediction - Evaluation result (greedy) loss:   2.18, ppl:   8.80, acc:   0.44, generation: 24.6189[sec], evaluation: 0.0000[sec]
2025-04-29 19:30:44,989 - INFO - joeynmt.training - Hooray! New best validation result [ppl]!
2025-04-29 19:30:45,074 - INFO - joeynmt.helpers - delete models/deen_transformer_prenorm/20500.ckpt
2025-04-29 19:30:45,080 - INFO - joeynmt.training - Example #0
2025-04-29 19:30:45,081 - DEBUG - joeynmt.training - 	Tokenized source:     ['die', 'Pre@@', 'mi@@', 'er@@', 'minist@@', 'er', 'Indi@@', 'ens', 'und', 'J@@', 'ap@@', 'ans', 'tra@@', 'fen', 'sich', 'in', 'T@@', 'ok@@', 'i@@', 'o', '.']
2025-04-29 19:30:45,081 - DEBUG - joeynmt.training - 	Tokenized reference:  ['Indi@@', 'a', 'and', 'J@@', 'ap@@', 'an', 'pri@@', 'me', 'minist@@', 'ers', 'me@@', 'et', 'in', 'T@@', 'ok@@', 'y@@', 'o']
2025-04-29 19:30:45,081 - DEBUG - joeynmt.training - 	Tokenized hypothesis: ['the', 'Pri@@', 'me', 'Minist@@', 'er', 'Indi@@', 'a', 'and', 'J@@', 'ap@@', 'an', ',', 'in', 'T@@', 'ok@@', 'o', '.', '</s>']
2025-04-29 19:30:45,081 - INFO - joeynmt.training - 	Source:     die Premierminister Indiens und Japans trafen sich in Tokio .
2025-04-29 19:30:45,081 - INFO - joeynmt.training - 	Reference:  India and Japan prime ministers meet in Tokyo
2025-04-29 19:30:45,081 - INFO - joeynmt.training - 	Hypothesis: the Prime Minister India and Japan , in Toko .
2025-04-29 19:30:45,081 - INFO - joeynmt.training - Example #1
2025-04-29 19:30:45,081 - DEBUG - joeynmt.training - 	Tokenized source:     ['Indi@@', 'ens', 'neu@@', 'er', 'Pre@@', 'mi@@', 'er@@', 'minist@@', 'er', 'N@@', 'ar@@', 'end@@', 'ra', 'Mo@@', 'd@@', 'i', 'tri@@', 'fft', 'bei', 's@@', 'einem', 'ersten', 'wichti@@', 'gen', 'Aus@@', 'land@@', 's@@', 'bes@@', 'u@@', 'ch', 'seit', 's@@', 'einem', 'W@@', 'ah@@', 'l@@', 'si@@', 'e@@', 'g', 'im', 'Ma@@', 'i', 'seinen', 'j@@', 'ap@@', 'an@@', 'ischen', 'Am@@', 'ts@@', 'k@@', 'olle@@', 'gen', 'S@@', 'hin@@', 'z@@', 'o', 'A@@', 'be', 'in', 'T@@', 'ok@@', 'o', ',', 'um', 'wirtschaf@@', 'tliche', 'und', 'sicher@@', 'heits@@', 'politische', 'Be@@', 'zieh@@', 'ungen', 'zu', 'bes@@', 'pre@@', 'chen', '.']
2025-04-29 19:30:45,081 - DEBUG - joeynmt.training - 	Tokenized reference:  ['Indi@@', 'a', '&apos;s', 'new', 'pri@@', 'me', 'minist@@', 'er', ',', 'N@@', 'ar@@', 'end@@', 'ra', 'Mo@@', 'd@@', 'i', ',', 'is', 'me@@', 'eting', 'his', 'J@@', 'ap@@', 'an@@', 'ese', 'coun@@', 'ter@@', 'part', ',', 'S@@', 'hin@@', 'z@@', 'o', 'A@@', 'be', ',', 'in', 'T@@', 'ok@@', 'y@@', 'o', 'to', 'disc@@', 'uss', 'economic', 'and', 'security', 'ties', ',', 'on', 'his', 'first', 'major', 'fore@@', 'ign', 'visi@@', 't', 'since', 'w@@', 'inn@@', 'ing', 'Ma@@', 'y', '&apos;s', 'elec@@', 'tion', '.']
2025-04-29 19:30:45,081 - DEBUG - joeynmt.training - 	Tokenized hypothesis: ['Indi@@', 'a', '&apos;s', 'new', 'Pri@@', 'me', 'Minist@@', 'er', 'N@@', 'ar@@', 'end@@', 'ra', 'Mo@@', 'd@@', 'i', ',', 'the', 'first', 'important', 'ex@@', 'ec@@', 'u@@', 'tive', 'of', 'his', 'own', 'elec@@', 't@@', 'or@@', 'ate', 'in', 'Ma@@', 'y', ',', 'S@@', 'hin@@', 'z@@', 'o', 'A@@', 'be', 'in', 'T@@', 'ok@@', 'o', ',', 'in', 'T@@', 'ok@@', 'o', ',', 'in', 'T@@', 'ok@@', 'o', 'to', ',', 'with', 'the', 'A@@', 'be', 'in', 'T@@', 'ok@@', 'o', 'to', 'be', 'in', 'T@@', 'ok@@', 'o', '.', '</s>']
2025-04-29 19:30:45,081 - INFO - joeynmt.training - 	Source:     Indiens neuer Premierminister Narendra Modi trifft bei seinem ersten wichtigen Auslandsbesuch seit seinem Wahlsieg im Mai seinen japanischen Amtskollegen Shinzo Abe in Toko , um wirtschaftliche und sicherheitspolitische Beziehungen zu besprechen .
2025-04-29 19:30:45,081 - INFO - joeynmt.training - 	Reference:  India &apos;s new prime minister , Narendra Modi , is meeting his Japanese counterpart , Shinzo Abe , in Tokyo to discuss economic and security ties , on his first major foreign visit since winning May &apos;s election .
2025-04-29 19:30:45,081 - INFO - joeynmt.training - 	Hypothesis: India &apos;s new Prime Minister Narendra Modi , the first important executive of his own electorate in May , Shinzo Abe in Toko , in Toko , in Toko to , with the Abe in Toko to be in Toko .
2025-04-29 19:30:45,081 - INFO - joeynmt.training - Example #2
2025-04-29 19:30:45,081 - DEBUG - joeynmt.training - 	Tokenized source:     ['Herr', 'Mo@@', 'd@@', 'i', 'befindet', 'sich', 'auf', 'einer', 'fü@@', 'n@@', 'f@@', 'tä@@', 'gi@@', 'gen', 'Rei@@', 'se', 'nach', 'J@@', 'ap@@', 'an', ',', 'um', 'die', 'wirtschaf@@', 'tlichen', 'Be@@', 'zieh@@', 'ungen', 'mit', 'der', 'd@@', 'rit@@', 't@@', 'größ@@', 'ten', 'Wirtschafts@@', 'n@@', 'ation', 'der', 'Welt', 'zu', 'fes@@', 'tigen', '.']
2025-04-29 19:30:45,081 - DEBUG - joeynmt.training - 	Tokenized reference:  ['Mr', 'Mo@@', 'd@@', 'i', 'is', 'on', 'a', 'fi@@', 've', '@@@', '-@@', '@', 'day', 'tri@@', 'p', 'to', 'J@@', 'ap@@', 'an', 'to', 'streng@@', 'then', 'economic', 'ties', 'with', 'the', 'third', 'lar@@', 'ges@@', 't', 'econom@@', 'y', 'in', 'the', 'world', '.']
2025-04-29 19:30:45,081 - DEBUG - joeynmt.training - 	Tokenized hypothesis: ['Mr', 'Mo@@', 'd@@', 'i', 'is', 'one', 'of', 'fi@@', 'f@@', 'ty', 'tra@@', 'v@@', 'el', 'to', 'J@@', 'ap@@', 'an', 'to', 'take', 'the', 'economic', 'rel@@', 'ations', 'with', 'the', 'third', 'b@@', 'ig@@', 'ges@@', 't', 'econom@@', 'ies', '.', '</s>']
2025-04-29 19:30:45,081 - INFO - joeynmt.training - 	Source:     Herr Modi befindet sich auf einer fünftägigen Reise nach Japan , um die wirtschaftlichen Beziehungen mit der drittgrößten Wirtschaftsnation der Welt zu festigen .
2025-04-29 19:30:45,081 - INFO - joeynmt.training - 	Reference:  Mr Modi is on a five @-@ day trip to Japan to strengthen economic ties with the third largest economy in the world .
2025-04-29 19:30:45,081 - INFO - joeynmt.training - 	Hypothesis: Mr Modi is one of fifty travel to Japan to take the economic relations with the third biggest economies .
2025-04-29 19:30:45,081 - INFO - joeynmt.training - Example #3
2025-04-29 19:30:45,081 - DEBUG - joeynmt.training - 	Tokenized source:     ['P@@', 'län@@', 'e', 'für', 'eine', 'stärk@@', 'ere', 'k@@', 'ern@@', 'techn@@', 'ische', 'Zusammenarbeit', 'stehen', 'ganz', 'ob@@', 'en', 'auf', 'der', 'Tag@@', 'es@@', 'ordnung', '.']
2025-04-29 19:30:45,081 - DEBUG - joeynmt.training - 	Tokenized reference:  ['high', 'on', 'the', 'agen@@', 'da', 'are', 'pl@@', 'ans', 'for', 'gre@@', 'ater', 'nu@@', 'clear', 'c@@', 'o', '@@@', '-@@', '@', 'operation', '.']
2025-04-29 19:30:45,081 - DEBUG - joeynmt.training - 	Tokenized hypothesis: ['pl@@', 'ans', 'for', 'more', 'seri@@', 'al', 'co@@', '-@@', 'operation', 'is', 'a', 'str@@', 'on@@', 'ger', 'techn@@', 'ical', 'cooperation', '.', '</s>']
2025-04-29 19:30:45,081 - INFO - joeynmt.training - 	Source:     Pläne für eine stärkere kerntechnische Zusammenarbeit stehen ganz oben auf der Tagesordnung .
2025-04-29 19:30:45,081 - INFO - joeynmt.training - 	Reference:  high on the agenda are plans for greater nuclear co @-@ operation .
2025-04-29 19:30:45,081 - INFO - joeynmt.training - 	Hypothesis: plans for more serial co-operation is a stronger technical cooperation .
2025-04-29 19:30:45,081 - INFO - joeynmt.training - Example #4
2025-04-29 19:30:45,081 - DEBUG - joeynmt.training - 	Tokenized source:     ['Berich@@', 'ten', 'zu@@', 'fol@@', 'ge', 'ho@@', 'fft', 'Indi@@', 'en', 'darüber', 'hinaus', 'auf', 'einen', 'Ver@@', 'trag', 'zur', 'Ver@@', 'tei@@', 'dig@@', 'ungs@@', 'zusammen@@', 'arbeit', 'zwischen', 'den', 'beiden', 'N@@', 'ationen', '.']
2025-04-29 19:30:45,081 - DEBUG - joeynmt.training - 	Tokenized reference:  ['Indi@@', 'a', 'is', 'also', 're@@', 'porte@@', 'dly', 'hop@@', 'ing', 'for', 'a', 'de@@', 'al', 'on', 'def@@', 'ence', 'c@@', 'oll@@', 'ab@@', 'or@@', 'ation', 'between', 'the', 'two', 'n@@', 'ations', '.']
2025-04-29 19:30:45,081 - DEBUG - joeynmt.training - 	Tokenized hypothesis: ['it', 'is', 'also', 'tru@@', 'e', 'Indi@@', 'a', ',', 'that', 'is', 'a', 'con@@', 'tra@@', 'ct', 'on', 'a', 'con@@', 'tra@@', 'ct', 'between', 'the', 'two', 'N@@', 'ations', '.', '</s>']
2025-04-29 19:30:45,082 - INFO - joeynmt.training - 	Source:     Berichten zufolge hofft Indien darüber hinaus auf einen Vertrag zur Verteidigungszusammenarbeit zwischen den beiden Nationen .
2025-04-29 19:30:45,082 - INFO - joeynmt.training - 	Reference:  India is also reportedly hoping for a deal on defence collaboration between the two nations .
2025-04-29 19:30:45,082 - INFO - joeynmt.training - 	Hypothesis: it is also true India , that is a contract on a contract between the two Nations .
2025-04-29 19:31:01,504 - INFO - joeynmt.training - Epoch   6, Step:    22100, Batch Loss:     1.690550, Batch Acc: 0.507777, Tokens per Sec:     5524, Lr: 0.000300
2025-04-29 19:31:18,053 - INFO - joeynmt.training - Epoch   6, Step:    22200, Batch Loss:     1.882566, Batch Acc: 0.511421, Tokens per Sec:     5564, Lr: 0.000300
2025-04-29 19:31:34,530 - INFO - joeynmt.training - Epoch   6, Step:    22300, Batch Loss:     1.858369, Batch Acc: 0.505117, Tokens per Sec:     5657, Lr: 0.000300
2025-04-29 19:31:51,131 - INFO - joeynmt.training - Epoch   6, Step:    22400, Batch Loss:     2.094292, Batch Acc: 0.507833, Tokens per Sec:     5480, Lr: 0.000300
2025-04-29 19:32:07,665 - INFO - joeynmt.training - Epoch   6, Step:    22500, Batch Loss:     1.913394, Batch Acc: 0.507203, Tokens per Sec:     5613, Lr: 0.000300
2025-04-29 19:32:07,665 - INFO - joeynmt.prediction - Predicting 500 example(s)... (Greedy decoding with min_output_length=1, max_output_length=-1, return_prob='none', generate_unk=True, repetition_penalty=-1, no_repeat_ngram_size=-1)
2025-04-29 19:32:33,167 - INFO - joeynmt.prediction - Evaluation result (greedy) loss:   2.17, ppl:   8.77, acc:   0.44, generation: 25.4990[sec], evaluation: 0.0000[sec]
2025-04-29 19:32:33,168 - INFO - joeynmt.training - Hooray! New best validation result [ppl]!
2025-04-29 19:32:33,259 - INFO - joeynmt.helpers - delete models/deen_transformer_prenorm/19500.ckpt
2025-04-29 19:32:33,264 - INFO - joeynmt.training - Example #0
2025-04-29 19:32:33,264 - DEBUG - joeynmt.training - 	Tokenized source:     ['die', 'Pre@@', 'mi@@', 'er@@', 'minist@@', 'er', 'Indi@@', 'ens', 'und', 'J@@', 'ap@@', 'ans', 'tra@@', 'fen', 'sich', 'in', 'T@@', 'ok@@', 'i@@', 'o', '.']
2025-04-29 19:32:33,264 - DEBUG - joeynmt.training - 	Tokenized reference:  ['Indi@@', 'a', 'and', 'J@@', 'ap@@', 'an', 'pri@@', 'me', 'minist@@', 'ers', 'me@@', 'et', 'in', 'T@@', 'ok@@', 'y@@', 'o']
2025-04-29 19:32:33,264 - DEBUG - joeynmt.training - 	Tokenized hypothesis: ['the', 'Pre@@', 'mi@@', 'er@@', 'ate', 'Indi@@', 'a', 'and', 'J@@', 'ap@@', 'an', 'and', 'J@@', 'ap@@', 'an', '&apos;s', 'pri@@', 'me', 'minist@@', 'er', '.', '</s>']
2025-04-29 19:32:33,264 - INFO - joeynmt.training - 	Source:     die Premierminister Indiens und Japans trafen sich in Tokio .
2025-04-29 19:32:33,264 - INFO - joeynmt.training - 	Reference:  India and Japan prime ministers meet in Tokyo
2025-04-29 19:32:33,264 - INFO - joeynmt.training - 	Hypothesis: the Premierate India and Japan and Japan &apos;s prime minister .
2025-04-29 19:32:33,264 - INFO - joeynmt.training - Example #1
2025-04-29 19:32:33,264 - DEBUG - joeynmt.training - 	Tokenized source:     ['Indi@@', 'ens', 'neu@@', 'er', 'Pre@@', 'mi@@', 'er@@', 'minist@@', 'er', 'N@@', 'ar@@', 'end@@', 'ra', 'Mo@@', 'd@@', 'i', 'tri@@', 'fft', 'bei', 's@@', 'einem', 'ersten', 'wichti@@', 'gen', 'Aus@@', 'land@@', 's@@', 'bes@@', 'u@@', 'ch', 'seit', 's@@', 'einem', 'W@@', 'ah@@', 'l@@', 'si@@', 'e@@', 'g', 'im', 'Ma@@', 'i', 'seinen', 'j@@', 'ap@@', 'an@@', 'ischen', 'Am@@', 'ts@@', 'k@@', 'olle@@', 'gen', 'S@@', 'hin@@', 'z@@', 'o', 'A@@', 'be', 'in', 'T@@', 'ok@@', 'o', ',', 'um', 'wirtschaf@@', 'tliche', 'und', 'sicher@@', 'heits@@', 'politische', 'Be@@', 'zieh@@', 'ungen', 'zu', 'bes@@', 'pre@@', 'chen', '.']
2025-04-29 19:32:33,264 - DEBUG - joeynmt.training - 	Tokenized reference:  ['Indi@@', 'a', '&apos;s', 'new', 'pri@@', 'me', 'minist@@', 'er', ',', 'N@@', 'ar@@', 'end@@', 'ra', 'Mo@@', 'd@@', 'i', ',', 'is', 'me@@', 'eting', 'his', 'J@@', 'ap@@', 'an@@', 'ese', 'coun@@', 'ter@@', 'part', ',', 'S@@', 'hin@@', 'z@@', 'o', 'A@@', 'be', ',', 'in', 'T@@', 'ok@@', 'y@@', 'o', 'to', 'disc@@', 'uss', 'economic', 'and', 'security', 'ties', ',', 'on', 'his', 'first', 'major', 'fore@@', 'ign', 'visi@@', 't', 'since', 'w@@', 'inn@@', 'ing', 'Ma@@', 'y', '&apos;s', 'elec@@', 'tion', '.']
2025-04-29 19:32:33,264 - DEBUG - joeynmt.training - 	Tokenized hypothesis: ['Indi@@', 'a', '&apos;s', 'new', 'pri@@', 'mi@@', 'er', 'for', 'his', 'first', 'important', 'ex@@', 't@@', 'ent', 'of', 'the', 'first', 'important', 'ex@@', 't@@', 'ent', 'of', 'his', 'elec@@', 't@@', 'or@@', 'al', 'S@@', 'hin@@', 'z@@', 'o', ',', 'his', 'J@@', 'ap@@', 'an@@', 'ese', 'colle@@', 'ag@@', 'ue', 'S@@', 'hin@@', 'z@@', 'o', ',', 'his', 'j@@', 'ap@@', 'an@@', 'ese', 'colle@@', 'ag@@', 'ue', ',', 'S@@', 'hin@@', 'z@@', 'o', ',', 'and', 'in', 'the', 'J@@', 'ap@@', 'an@@', 'ese', 'A@@', 'be', 'in', 'T@@', 'ok@@', 'o', 'to', 'be', 'the', 'first', 'important', '.', '</s>']
2025-04-29 19:32:33,264 - INFO - joeynmt.training - 	Source:     Indiens neuer Premierminister Narendra Modi trifft bei seinem ersten wichtigen Auslandsbesuch seit seinem Wahlsieg im Mai seinen japanischen Amtskollegen Shinzo Abe in Toko , um wirtschaftliche und sicherheitspolitische Beziehungen zu besprechen .
2025-04-29 19:32:33,264 - INFO - joeynmt.training - 	Reference:  India &apos;s new prime minister , Narendra Modi , is meeting his Japanese counterpart , Shinzo Abe , in Tokyo to discuss economic and security ties , on his first major foreign visit since winning May &apos;s election .
2025-04-29 19:32:33,265 - INFO - joeynmt.training - 	Hypothesis: India &apos;s new primier for his first important extent of the first important extent of his electoral Shinzo , his Japanese colleague Shinzo , his japanese colleague , Shinzo , and in the Japanese Abe in Toko to be the first important .
2025-04-29 19:32:33,265 - INFO - joeynmt.training - Example #2
2025-04-29 19:32:33,265 - DEBUG - joeynmt.training - 	Tokenized source:     ['Herr', 'Mo@@', 'd@@', 'i', 'befindet', 'sich', 'auf', 'einer', 'fü@@', 'n@@', 'f@@', 'tä@@', 'gi@@', 'gen', 'Rei@@', 'se', 'nach', 'J@@', 'ap@@', 'an', ',', 'um', 'die', 'wirtschaf@@', 'tlichen', 'Be@@', 'zieh@@', 'ungen', 'mit', 'der', 'd@@', 'rit@@', 't@@', 'größ@@', 'ten', 'Wirtschafts@@', 'n@@', 'ation', 'der', 'Welt', 'zu', 'fes@@', 'tigen', '.']
2025-04-29 19:32:33,265 - DEBUG - joeynmt.training - 	Tokenized reference:  ['Mr', 'Mo@@', 'd@@', 'i', 'is', 'on', 'a', 'fi@@', 've', '@@@', '-@@', '@', 'day', 'tri@@', 'p', 'to', 'J@@', 'ap@@', 'an', 'to', 'streng@@', 'then', 'economic', 'ties', 'with', 'the', 'third', 'lar@@', 'ges@@', 't', 'econom@@', 'y', 'in', 'the', 'world', '.']
2025-04-29 19:32:33,265 - DEBUG - joeynmt.training - 	Tokenized hypothesis: ['Mr', 'Mo@@', 'd@@', 'i', 'is', 'located', 'on', 'a', 'fi@@', 'f@@', 'ty', 'tra@@', 'ck', 'of', 'J@@', 'ap@@', 'an', 'to', 'the', 'economic', 'rel@@', 'ations', 'with', 'the', 'third', 'lar@@', 'ges@@', 't', 'economic', 'rel@@', 'ations', 'with', 'the', 'third', 'lar@@', 'ges@@', 't', 'economic', 'rel@@', 'ations', '.', '</s>']
2025-04-29 19:32:33,265 - INFO - joeynmt.training - 	Source:     Herr Modi befindet sich auf einer fünftägigen Reise nach Japan , um die wirtschaftlichen Beziehungen mit der drittgrößten Wirtschaftsnation der Welt zu festigen .
2025-04-29 19:32:33,265 - INFO - joeynmt.training - 	Reference:  Mr Modi is on a five @-@ day trip to Japan to strengthen economic ties with the third largest economy in the world .
2025-04-29 19:32:33,265 - INFO - joeynmt.training - 	Hypothesis: Mr Modi is located on a fifty track of Japan to the economic relations with the third largest economic relations with the third largest economic relations .
2025-04-29 19:32:33,265 - INFO - joeynmt.training - Example #3
2025-04-29 19:32:33,265 - DEBUG - joeynmt.training - 	Tokenized source:     ['P@@', 'län@@', 'e', 'für', 'eine', 'stärk@@', 'ere', 'k@@', 'ern@@', 'techn@@', 'ische', 'Zusammenarbeit', 'stehen', 'ganz', 'ob@@', 'en', 'auf', 'der', 'Tag@@', 'es@@', 'ordnung', '.']
2025-04-29 19:32:33,265 - DEBUG - joeynmt.training - 	Tokenized reference:  ['high', 'on', 'the', 'agen@@', 'da', 'are', 'pl@@', 'ans', 'for', 'gre@@', 'ater', 'nu@@', 'clear', 'c@@', 'o', '@@@', '-@@', '@', 'operation', '.']
2025-04-29 19:32:33,265 - DEBUG - joeynmt.training - 	Tokenized hypothesis: ['the', 'pl@@', 'ans', 'for', 'more', 'seri@@', 'ous', 'c@@', 'oll@@', 'ab@@', 'or@@', 'ation', ',', 'the', 'p@@', 'ast', 'of', 'the', 'agen@@', 'da', '.', '</s>']
2025-04-29 19:32:33,265 - INFO - joeynmt.training - 	Source:     Pläne für eine stärkere kerntechnische Zusammenarbeit stehen ganz oben auf der Tagesordnung .
2025-04-29 19:32:33,265 - INFO - joeynmt.training - 	Reference:  high on the agenda are plans for greater nuclear co @-@ operation .
2025-04-29 19:32:33,265 - INFO - joeynmt.training - 	Hypothesis: the plans for more serious collaboration , the past of the agenda .
2025-04-29 19:32:33,265 - INFO - joeynmt.training - Example #4
2025-04-29 19:32:33,265 - DEBUG - joeynmt.training - 	Tokenized source:     ['Berich@@', 'ten', 'zu@@', 'fol@@', 'ge', 'ho@@', 'fft', 'Indi@@', 'en', 'darüber', 'hinaus', 'auf', 'einen', 'Ver@@', 'trag', 'zur', 'Ver@@', 'tei@@', 'dig@@', 'ungs@@', 'zusammen@@', 'arbeit', 'zwischen', 'den', 'beiden', 'N@@', 'ationen', '.']
2025-04-29 19:32:33,265 - DEBUG - joeynmt.training - 	Tokenized reference:  ['Indi@@', 'a', 'is', 'also', 're@@', 'porte@@', 'dly', 'hop@@', 'ing', 'for', 'a', 'de@@', 'al', 'on', 'def@@', 'ence', 'c@@', 'oll@@', 'ab@@', 'or@@', 'ation', 'between', 'the', 'two', 'n@@', 'ations', '.']
2025-04-29 19:32:33,265 - DEBUG - joeynmt.training - 	Tokenized hypothesis: ['the', 're@@', 'ports', 'of', 'Indi@@', 'a', '&apos;s', 're@@', 'ports', 'on', 'a', 'tre@@', 'aty', 'on', 'def@@', 'ence', 'cooperation', 'between', 'the', 'two', 'N@@', 'ations', '.', '</s>']
2025-04-29 19:32:33,265 - INFO - joeynmt.training - 	Source:     Berichten zufolge hofft Indien darüber hinaus auf einen Vertrag zur Verteidigungszusammenarbeit zwischen den beiden Nationen .
2025-04-29 19:32:33,265 - INFO - joeynmt.training - 	Reference:  India is also reportedly hoping for a deal on defence collaboration between the two nations .
2025-04-29 19:32:33,265 - INFO - joeynmt.training - 	Hypothesis: the reports of India &apos;s reports on a treaty on defence cooperation between the two Nations .
2025-04-29 19:32:49,655 - INFO - joeynmt.training - Epoch   6, Step:    22600, Batch Loss:     1.704015, Batch Acc: 0.505128, Tokens per Sec:     5554, Lr: 0.000300
2025-04-29 19:33:06,154 - INFO - joeynmt.training - Epoch   6, Step:    22700, Batch Loss:     1.894241, Batch Acc: 0.509313, Tokens per Sec:     5541, Lr: 0.000300
2025-04-29 19:33:22,459 - INFO - joeynmt.training - Epoch   6, Step:    22800, Batch Loss:     1.887176, Batch Acc: 0.509404, Tokens per Sec:     5616, Lr: 0.000300
2025-04-29 19:33:38,739 - INFO - joeynmt.training - Epoch   6, Step:    22900, Batch Loss:     1.865122, Batch Acc: 0.509121, Tokens per Sec:     5718, Lr: 0.000300
2025-04-29 19:33:55,123 - INFO - joeynmt.training - Epoch   6, Step:    23000, Batch Loss:     1.663370, Batch Acc: 0.506965, Tokens per Sec:     5578, Lr: 0.000300
2025-04-29 19:33:55,123 - INFO - joeynmt.prediction - Predicting 500 example(s)... (Greedy decoding with min_output_length=1, max_output_length=-1, return_prob='none', generate_unk=True, repetition_penalty=-1, no_repeat_ngram_size=-1)
2025-04-29 19:34:16,695 - INFO - joeynmt.prediction - Evaluation result (greedy) loss:   2.17, ppl:   8.73, acc:   0.45, generation: 21.5687[sec], evaluation: 0.0000[sec]
2025-04-29 19:34:16,696 - INFO - joeynmt.training - Hooray! New best validation result [ppl]!
2025-04-29 19:34:16,780 - INFO - joeynmt.helpers - delete models/deen_transformer_prenorm/21000.ckpt
2025-04-29 19:34:16,789 - INFO - joeynmt.training - Example #0
2025-04-29 19:34:16,789 - DEBUG - joeynmt.training - 	Tokenized source:     ['die', 'Pre@@', 'mi@@', 'er@@', 'minist@@', 'er', 'Indi@@', 'ens', 'und', 'J@@', 'ap@@', 'ans', 'tra@@', 'fen', 'sich', 'in', 'T@@', 'ok@@', 'i@@', 'o', '.']
2025-04-29 19:34:16,789 - DEBUG - joeynmt.training - 	Tokenized reference:  ['Indi@@', 'a', 'and', 'J@@', 'ap@@', 'an', 'pri@@', 'me', 'minist@@', 'ers', 'me@@', 'et', 'in', 'T@@', 'ok@@', 'y@@', 'o']
2025-04-29 19:34:16,789 - DEBUG - joeynmt.training - 	Tokenized hypothesis: ['the', 'Pri@@', 'me', 'Minist@@', 'er', 'Indi@@', 'a', 'and', 'J@@', 'ap@@', 'an', ',', 'T@@', 'ok@@', 'i@@', 'o', '.', '</s>']
2025-04-29 19:34:16,789 - INFO - joeynmt.training - 	Source:     die Premierminister Indiens und Japans trafen sich in Tokio .
2025-04-29 19:34:16,789 - INFO - joeynmt.training - 	Reference:  India and Japan prime ministers meet in Tokyo
2025-04-29 19:34:16,789 - INFO - joeynmt.training - 	Hypothesis: the Prime Minister India and Japan , Tokio .
2025-04-29 19:34:16,789 - INFO - joeynmt.training - Example #1
2025-04-29 19:34:16,789 - DEBUG - joeynmt.training - 	Tokenized source:     ['Indi@@', 'ens', 'neu@@', 'er', 'Pre@@', 'mi@@', 'er@@', 'minist@@', 'er', 'N@@', 'ar@@', 'end@@', 'ra', 'Mo@@', 'd@@', 'i', 'tri@@', 'fft', 'bei', 's@@', 'einem', 'ersten', 'wichti@@', 'gen', 'Aus@@', 'land@@', 's@@', 'bes@@', 'u@@', 'ch', 'seit', 's@@', 'einem', 'W@@', 'ah@@', 'l@@', 'si@@', 'e@@', 'g', 'im', 'Ma@@', 'i', 'seinen', 'j@@', 'ap@@', 'an@@', 'ischen', 'Am@@', 'ts@@', 'k@@', 'olle@@', 'gen', 'S@@', 'hin@@', 'z@@', 'o', 'A@@', 'be', 'in', 'T@@', 'ok@@', 'o', ',', 'um', 'wirtschaf@@', 'tliche', 'und', 'sicher@@', 'heits@@', 'politische', 'Be@@', 'zieh@@', 'ungen', 'zu', 'bes@@', 'pre@@', 'chen', '.']
2025-04-29 19:34:16,789 - DEBUG - joeynmt.training - 	Tokenized reference:  ['Indi@@', 'a', '&apos;s', 'new', 'pri@@', 'me', 'minist@@', 'er', ',', 'N@@', 'ar@@', 'end@@', 'ra', 'Mo@@', 'd@@', 'i', ',', 'is', 'me@@', 'eting', 'his', 'J@@', 'ap@@', 'an@@', 'ese', 'coun@@', 'ter@@', 'part', ',', 'S@@', 'hin@@', 'z@@', 'o', 'A@@', 'be', ',', 'in', 'T@@', 'ok@@', 'y@@', 'o', 'to', 'disc@@', 'uss', 'economic', 'and', 'security', 'ties', ',', 'on', 'his', 'first', 'major', 'fore@@', 'ign', 'visi@@', 't', 'since', 'w@@', 'inn@@', 'ing', 'Ma@@', 'y', '&apos;s', 'elec@@', 'tion', '.']
2025-04-29 19:34:16,789 - DEBUG - joeynmt.training - 	Tokenized hypothesis: ['Indi@@', 'a', '&apos;s', 'new', 'Pri@@', 'me', 'Minist@@', 'er', 'N@@', 'ar@@', 'end@@', 'ra', 'Mo@@', 'd@@', 'i', 'is', 'his', 'first', 'important', 'ex@@', 'per@@', 'ts', 'for', 'his', 'first', 'important', 'ex@@', 'change', 'since', 's@@', 'ou@@', 'th@@', 'ern', 'his', 'elec@@', 't@@', 'or@@', 'al', 'colle@@', 'ag@@', 'u@@', 'es', 'in', 'Ma@@', 'y', 'his', 'j@@', 'ap@@', 'an@@', 'ese', 'colle@@', 'ag@@', 'u@@', 'es', '.', '</s>']
2025-04-29 19:34:16,789 - INFO - joeynmt.training - 	Source:     Indiens neuer Premierminister Narendra Modi trifft bei seinem ersten wichtigen Auslandsbesuch seit seinem Wahlsieg im Mai seinen japanischen Amtskollegen Shinzo Abe in Toko , um wirtschaftliche und sicherheitspolitische Beziehungen zu besprechen .
2025-04-29 19:34:16,789 - INFO - joeynmt.training - 	Reference:  India &apos;s new prime minister , Narendra Modi , is meeting his Japanese counterpart , Shinzo Abe , in Tokyo to discuss economic and security ties , on his first major foreign visit since winning May &apos;s election .
2025-04-29 19:34:16,789 - INFO - joeynmt.training - 	Hypothesis: India &apos;s new Prime Minister Narendra Modi is his first important experts for his first important exchange since southern his electoral colleagues in May his japanese colleagues .
2025-04-29 19:34:16,789 - INFO - joeynmt.training - Example #2
2025-04-29 19:34:16,789 - DEBUG - joeynmt.training - 	Tokenized source:     ['Herr', 'Mo@@', 'd@@', 'i', 'befindet', 'sich', 'auf', 'einer', 'fü@@', 'n@@', 'f@@', 'tä@@', 'gi@@', 'gen', 'Rei@@', 'se', 'nach', 'J@@', 'ap@@', 'an', ',', 'um', 'die', 'wirtschaf@@', 'tlichen', 'Be@@', 'zieh@@', 'ungen', 'mit', 'der', 'd@@', 'rit@@', 't@@', 'größ@@', 'ten', 'Wirtschafts@@', 'n@@', 'ation', 'der', 'Welt', 'zu', 'fes@@', 'tigen', '.']
2025-04-29 19:34:16,789 - DEBUG - joeynmt.training - 	Tokenized reference:  ['Mr', 'Mo@@', 'd@@', 'i', 'is', 'on', 'a', 'fi@@', 've', '@@@', '-@@', '@', 'day', 'tri@@', 'p', 'to', 'J@@', 'ap@@', 'an', 'to', 'streng@@', 'then', 'economic', 'ties', 'with', 'the', 'third', 'lar@@', 'ges@@', 't', 'econom@@', 'y', 'in', 'the', 'world', '.']
2025-04-29 19:34:16,789 - DEBUG - joeynmt.training - 	Tokenized hypothesis: ['Mr', 'Mo@@', 'd@@', 'i', 'is', 'one', 'of', 'fi@@', 've', 'tra@@', 'ck', 'to', 'J@@', 'ap@@', 'an', 'to', 'J@@', 'ap@@', 'an', 'to', 're@@', 'ach', 'the', 'economic', 'rel@@', 'ations', 'with', 'the', 'third', 'lar@@', 'ges@@', 't', 'economic', 'rel@@', 'ations', 'with', 'the', 'third', 'lar@@', 'ges@@', 't', 'economic', 'rel@@', 'ations', '.', '</s>']
2025-04-29 19:34:16,789 - INFO - joeynmt.training - 	Source:     Herr Modi befindet sich auf einer fünftägigen Reise nach Japan , um die wirtschaftlichen Beziehungen mit der drittgrößten Wirtschaftsnation der Welt zu festigen .
2025-04-29 19:34:16,789 - INFO - joeynmt.training - 	Reference:  Mr Modi is on a five @-@ day trip to Japan to strengthen economic ties with the third largest economy in the world .
2025-04-29 19:34:16,789 - INFO - joeynmt.training - 	Hypothesis: Mr Modi is one of five track to Japan to Japan to reach the economic relations with the third largest economic relations with the third largest economic relations .
2025-04-29 19:34:16,789 - INFO - joeynmt.training - Example #3
2025-04-29 19:34:16,789 - DEBUG - joeynmt.training - 	Tokenized source:     ['P@@', 'län@@', 'e', 'für', 'eine', 'stärk@@', 'ere', 'k@@', 'ern@@', 'techn@@', 'ische', 'Zusammenarbeit', 'stehen', 'ganz', 'ob@@', 'en', 'auf', 'der', 'Tag@@', 'es@@', 'ordnung', '.']
2025-04-29 19:34:16,789 - DEBUG - joeynmt.training - 	Tokenized reference:  ['high', 'on', 'the', 'agen@@', 'da', 'are', 'pl@@', 'ans', 'for', 'gre@@', 'ater', 'nu@@', 'clear', 'c@@', 'o', '@@@', '-@@', '@', 'operation', '.']
2025-04-29 19:34:16,789 - DEBUG - joeynmt.training - 	Tokenized hypothesis: ['pl@@', 'ans', 'for', 'a', 'more', 'seri@@', 'ous', 'seri@@', 'ous', 'cooperation', 'is', 'a', 'very', 'seri@@', 'ous', 'techn@@', 'ical', 'cooperation', '.', '</s>']
2025-04-29 19:34:16,789 - INFO - joeynmt.training - 	Source:     Pläne für eine stärkere kerntechnische Zusammenarbeit stehen ganz oben auf der Tagesordnung .
2025-04-29 19:34:16,789 - INFO - joeynmt.training - 	Reference:  high on the agenda are plans for greater nuclear co @-@ operation .
2025-04-29 19:34:16,789 - INFO - joeynmt.training - 	Hypothesis: plans for a more serious serious cooperation is a very serious technical cooperation .
2025-04-29 19:34:16,790 - INFO - joeynmt.training - Example #4
2025-04-29 19:34:16,790 - DEBUG - joeynmt.training - 	Tokenized source:     ['Berich@@', 'ten', 'zu@@', 'fol@@', 'ge', 'ho@@', 'fft', 'Indi@@', 'en', 'darüber', 'hinaus', 'auf', 'einen', 'Ver@@', 'trag', 'zur', 'Ver@@', 'tei@@', 'dig@@', 'ungs@@', 'zusammen@@', 'arbeit', 'zwischen', 'den', 'beiden', 'N@@', 'ationen', '.']
2025-04-29 19:34:16,790 - DEBUG - joeynmt.training - 	Tokenized reference:  ['Indi@@', 'a', 'is', 'also', 're@@', 'porte@@', 'dly', 'hop@@', 'ing', 'for', 'a', 'de@@', 'al', 'on', 'def@@', 'ence', 'c@@', 'oll@@', 'ab@@', 'or@@', 'ation', 'between', 'the', 'two', 'n@@', 'ations', '.']
2025-04-29 19:34:16,790 - DEBUG - joeynmt.training - 	Tokenized hypothesis: ['the', 're@@', 'ports', 'of', 'Indi@@', 'a', ',', 'it', 'is', 'also', 'a', 'con@@', 'tra@@', 'ct', 'on', 'the', 'con@@', 'tra@@', 'ct', 'of', 'the', 'def@@', 'ence', 'between', 'the', 'two', 'N@@', 'ations', '.', '</s>']
2025-04-29 19:34:16,790 - INFO - joeynmt.training - 	Source:     Berichten zufolge hofft Indien darüber hinaus auf einen Vertrag zur Verteidigungszusammenarbeit zwischen den beiden Nationen .
2025-04-29 19:34:16,790 - INFO - joeynmt.training - 	Reference:  India is also reportedly hoping for a deal on defence collaboration between the two nations .
2025-04-29 19:34:16,790 - INFO - joeynmt.training - 	Hypothesis: the reports of India , it is also a contract on the contract of the defence between the two Nations .
2025-04-29 19:34:33,321 - INFO - joeynmt.training - Epoch   6, Step:    23100, Batch Loss:     1.911352, Batch Acc: 0.512322, Tokens per Sec:     5558, Lr: 0.000300
2025-04-29 19:34:49,642 - INFO - joeynmt.training - Epoch   6, Step:    23200, Batch Loss:     1.946205, Batch Acc: 0.509343, Tokens per Sec:     5716, Lr: 0.000300
2025-04-29 19:35:05,985 - INFO - joeynmt.training - Epoch   6, Step:    23300, Batch Loss:     1.928235, Batch Acc: 0.510311, Tokens per Sec:     5555, Lr: 0.000300
2025-04-29 19:35:22,203 - INFO - joeynmt.training - Epoch   6, Step:    23400, Batch Loss:     1.853874, Batch Acc: 0.504402, Tokens per Sec:     5547, Lr: 0.000300
2025-04-29 19:35:38,486 - INFO - joeynmt.training - Epoch   6, Step:    23500, Batch Loss:     1.774811, Batch Acc: 0.510146, Tokens per Sec:     5678, Lr: 0.000300
2025-04-29 19:35:38,487 - INFO - joeynmt.prediction - Predicting 500 example(s)... (Greedy decoding with min_output_length=1, max_output_length=-1, return_prob='none', generate_unk=True, repetition_penalty=-1, no_repeat_ngram_size=-1)
2025-04-29 19:36:00,909 - INFO - joeynmt.prediction - Evaluation result (greedy) loss:   2.17, ppl:   8.73, acc:   0.44, generation: 22.4191[sec], evaluation: 0.0000[sec]
2025-04-29 19:36:00,910 - INFO - joeynmt.training - Hooray! New best validation result [ppl]!
2025-04-29 19:36:00,993 - INFO - joeynmt.helpers - delete models/deen_transformer_prenorm/21500.ckpt
2025-04-29 19:36:01,007 - INFO - joeynmt.training - Example #0
2025-04-29 19:36:01,007 - DEBUG - joeynmt.training - 	Tokenized source:     ['die', 'Pre@@', 'mi@@', 'er@@', 'minist@@', 'er', 'Indi@@', 'ens', 'und', 'J@@', 'ap@@', 'ans', 'tra@@', 'fen', 'sich', 'in', 'T@@', 'ok@@', 'i@@', 'o', '.']
2025-04-29 19:36:01,007 - DEBUG - joeynmt.training - 	Tokenized reference:  ['Indi@@', 'a', 'and', 'J@@', 'ap@@', 'an', 'pri@@', 'me', 'minist@@', 'ers', 'me@@', 'et', 'in', 'T@@', 'ok@@', 'y@@', 'o']
2025-04-29 19:36:01,007 - DEBUG - joeynmt.training - 	Tokenized hypothesis: ['the', 'pri@@', 'me', 'minist@@', 'er', 'of', 'Indi@@', 'a', 'and', 'J@@', 'ap@@', 'an', 'tra@@', 'ff@@', 'ic', '.', '</s>']
2025-04-29 19:36:01,007 - INFO - joeynmt.training - 	Source:     die Premierminister Indiens und Japans trafen sich in Tokio .
2025-04-29 19:36:01,007 - INFO - joeynmt.training - 	Reference:  India and Japan prime ministers meet in Tokyo
2025-04-29 19:36:01,007 - INFO - joeynmt.training - 	Hypothesis: the prime minister of India and Japan traffic .
2025-04-29 19:36:01,007 - INFO - joeynmt.training - Example #1
2025-04-29 19:36:01,007 - DEBUG - joeynmt.training - 	Tokenized source:     ['Indi@@', 'ens', 'neu@@', 'er', 'Pre@@', 'mi@@', 'er@@', 'minist@@', 'er', 'N@@', 'ar@@', 'end@@', 'ra', 'Mo@@', 'd@@', 'i', 'tri@@', 'fft', 'bei', 's@@', 'einem', 'ersten', 'wichti@@', 'gen', 'Aus@@', 'land@@', 's@@', 'bes@@', 'u@@', 'ch', 'seit', 's@@', 'einem', 'W@@', 'ah@@', 'l@@', 'si@@', 'e@@', 'g', 'im', 'Ma@@', 'i', 'seinen', 'j@@', 'ap@@', 'an@@', 'ischen', 'Am@@', 'ts@@', 'k@@', 'olle@@', 'gen', 'S@@', 'hin@@', 'z@@', 'o', 'A@@', 'be', 'in', 'T@@', 'ok@@', 'o', ',', 'um', 'wirtschaf@@', 'tliche', 'und', 'sicher@@', 'heits@@', 'politische', 'Be@@', 'zieh@@', 'ungen', 'zu', 'bes@@', 'pre@@', 'chen', '.']
2025-04-29 19:36:01,007 - DEBUG - joeynmt.training - 	Tokenized reference:  ['Indi@@', 'a', '&apos;s', 'new', 'pri@@', 'me', 'minist@@', 'er', ',', 'N@@', 'ar@@', 'end@@', 'ra', 'Mo@@', 'd@@', 'i', ',', 'is', 'me@@', 'eting', 'his', 'J@@', 'ap@@', 'an@@', 'ese', 'coun@@', 'ter@@', 'part', ',', 'S@@', 'hin@@', 'z@@', 'o', 'A@@', 'be', ',', 'in', 'T@@', 'ok@@', 'y@@', 'o', 'to', 'disc@@', 'uss', 'economic', 'and', 'security', 'ties', ',', 'on', 'his', 'first', 'major', 'fore@@', 'ign', 'visi@@', 't', 'since', 'w@@', 'inn@@', 'ing', 'Ma@@', 'y', '&apos;s', 'elec@@', 'tion', '.']
2025-04-29 19:36:01,007 - DEBUG - joeynmt.training - 	Tokenized hypothesis: ['Indi@@', 'a', 'new', 'Pri@@', 'me', 'Minist@@', 'er', 'N@@', 'ar@@', 'end@@', 'ra', 'Mo@@', 'd@@', 'i', 'is', 's@@', 'ent', 'for', 'his', 'first', 'important', 'ex@@', 'tern@@', 'al', ',', 'since', 'S@@', 'h@@', 'u@@', 'ch', 'his', 'year', ',', 'in', 'his', 'year', ',', 'in', 'his', 'j@@', 'ap@@', 'an@@', 'ese', 'colle@@', 'ag@@', 'u@@', 'es', ',', 'S@@', 'hin@@', 'z@@', 'o', ',', 'S@@', 'hin@@', 'z@@', 'o', ',', 'to', 're@@', 'mo@@', 've', 'economic', 'and', 'security', 'policy', 'rel@@', 'ations', '.', '</s>']
2025-04-29 19:36:01,007 - INFO - joeynmt.training - 	Source:     Indiens neuer Premierminister Narendra Modi trifft bei seinem ersten wichtigen Auslandsbesuch seit seinem Wahlsieg im Mai seinen japanischen Amtskollegen Shinzo Abe in Toko , um wirtschaftliche und sicherheitspolitische Beziehungen zu besprechen .
2025-04-29 19:36:01,007 - INFO - joeynmt.training - 	Reference:  India &apos;s new prime minister , Narendra Modi , is meeting his Japanese counterpart , Shinzo Abe , in Tokyo to discuss economic and security ties , on his first major foreign visit since winning May &apos;s election .
2025-04-29 19:36:01,007 - INFO - joeynmt.training - 	Hypothesis: India new Prime Minister Narendra Modi is sent for his first important external , since Shuch his year , in his year , in his japanese colleagues , Shinzo , Shinzo , to remove economic and security policy relations .
2025-04-29 19:36:01,007 - INFO - joeynmt.training - Example #2
2025-04-29 19:36:01,007 - DEBUG - joeynmt.training - 	Tokenized source:     ['Herr', 'Mo@@', 'd@@', 'i', 'befindet', 'sich', 'auf', 'einer', 'fü@@', 'n@@', 'f@@', 'tä@@', 'gi@@', 'gen', 'Rei@@', 'se', 'nach', 'J@@', 'ap@@', 'an', ',', 'um', 'die', 'wirtschaf@@', 'tlichen', 'Be@@', 'zieh@@', 'ungen', 'mit', 'der', 'd@@', 'rit@@', 't@@', 'größ@@', 'ten', 'Wirtschafts@@', 'n@@', 'ation', 'der', 'Welt', 'zu', 'fes@@', 'tigen', '.']
2025-04-29 19:36:01,007 - DEBUG - joeynmt.training - 	Tokenized reference:  ['Mr', 'Mo@@', 'd@@', 'i', 'is', 'on', 'a', 'fi@@', 've', '@@@', '-@@', '@', 'day', 'tri@@', 'p', 'to', 'J@@', 'ap@@', 'an', 'to', 'streng@@', 'then', 'economic', 'ties', 'with', 'the', 'third', 'lar@@', 'ges@@', 't', 'econom@@', 'y', 'in', 'the', 'world', '.']
2025-04-29 19:36:01,007 - DEBUG - joeynmt.training - 	Tokenized hypothesis: ['Mr', 'Mo@@', 'd@@', 'i', 'is', 'located', 'on', 'a', 'fi@@', 'f@@', 'ty', 'tra@@', 'v@@', 'el', 'to', 'J@@', 'ap@@', 'an', 'to', 'the', 'economic', 'rel@@', 'ation@@', 'ship', 'with', 'the', 'third', 'lar@@', 'ges@@', 't', 'economic', 'n@@', 'ation', 'of', 'the', 'world', '.', '</s>']
2025-04-29 19:36:01,007 - INFO - joeynmt.training - 	Source:     Herr Modi befindet sich auf einer fünftägigen Reise nach Japan , um die wirtschaftlichen Beziehungen mit der drittgrößten Wirtschaftsnation der Welt zu festigen .
2025-04-29 19:36:01,007 - INFO - joeynmt.training - 	Reference:  Mr Modi is on a five @-@ day trip to Japan to strengthen economic ties with the third largest economy in the world .
2025-04-29 19:36:01,007 - INFO - joeynmt.training - 	Hypothesis: Mr Modi is located on a fifty travel to Japan to the economic relationship with the third largest economic nation of the world .
2025-04-29 19:36:01,007 - INFO - joeynmt.training - Example #3
2025-04-29 19:36:01,007 - DEBUG - joeynmt.training - 	Tokenized source:     ['P@@', 'län@@', 'e', 'für', 'eine', 'stärk@@', 'ere', 'k@@', 'ern@@', 'techn@@', 'ische', 'Zusammenarbeit', 'stehen', 'ganz', 'ob@@', 'en', 'auf', 'der', 'Tag@@', 'es@@', 'ordnung', '.']
2025-04-29 19:36:01,007 - DEBUG - joeynmt.training - 	Tokenized reference:  ['high', 'on', 'the', 'agen@@', 'da', 'are', 'pl@@', 'ans', 'for', 'gre@@', 'ater', 'nu@@', 'clear', 'c@@', 'o', '@@@', '-@@', '@', 'operation', '.']
2025-04-29 19:36:01,007 - DEBUG - joeynmt.training - 	Tokenized hypothesis: ['pl@@', 'ans', 'for', 'a', 'more', 'seri@@', 'ous', 'techn@@', 'ical', 'cooperation', 'is', 'also', 'a', 'very', 'seri@@', 'ous', 'techn@@', 'ical', 'cooperation', '.', '</s>']
2025-04-29 19:36:01,008 - INFO - joeynmt.training - 	Source:     Pläne für eine stärkere kerntechnische Zusammenarbeit stehen ganz oben auf der Tagesordnung .
2025-04-29 19:36:01,008 - INFO - joeynmt.training - 	Reference:  high on the agenda are plans for greater nuclear co @-@ operation .
2025-04-29 19:36:01,008 - INFO - joeynmt.training - 	Hypothesis: plans for a more serious technical cooperation is also a very serious technical cooperation .
2025-04-29 19:36:01,008 - INFO - joeynmt.training - Example #4
2025-04-29 19:36:01,008 - DEBUG - joeynmt.training - 	Tokenized source:     ['Berich@@', 'ten', 'zu@@', 'fol@@', 'ge', 'ho@@', 'fft', 'Indi@@', 'en', 'darüber', 'hinaus', 'auf', 'einen', 'Ver@@', 'trag', 'zur', 'Ver@@', 'tei@@', 'dig@@', 'ungs@@', 'zusammen@@', 'arbeit', 'zwischen', 'den', 'beiden', 'N@@', 'ationen', '.']
2025-04-29 19:36:01,008 - DEBUG - joeynmt.training - 	Tokenized reference:  ['Indi@@', 'a', 'is', 'also', 're@@', 'porte@@', 'dly', 'hop@@', 'ing', 'for', 'a', 'de@@', 'al', 'on', 'def@@', 'ence', 'c@@', 'oll@@', 'ab@@', 'or@@', 'ation', 'between', 'the', 'two', 'n@@', 'ations', '.']
2025-04-29 19:36:01,008 - DEBUG - joeynmt.training - 	Tokenized hypothesis: ['it', 'is', 'also', 'a', 'great', 'de@@', 'al', 'of', 'that', 'Indi@@', 'a', 'has', 'also', 'been', 'a', 'tre@@', 'aty', 'on', 'the', 'def@@', 'ence', 'between', 'the', 'two', 'n@@', 'ations', '.', '</s>']
2025-04-29 19:36:01,008 - INFO - joeynmt.training - 	Source:     Berichten zufolge hofft Indien darüber hinaus auf einen Vertrag zur Verteidigungszusammenarbeit zwischen den beiden Nationen .
2025-04-29 19:36:01,008 - INFO - joeynmt.training - 	Reference:  India is also reportedly hoping for a deal on defence collaboration between the two nations .
2025-04-29 19:36:01,008 - INFO - joeynmt.training - 	Hypothesis: it is also a great deal of that India has also been a treaty on the defence between the two nations .
2025-04-29 19:36:17,658 - INFO - joeynmt.training - Epoch   6, Step:    23600, Batch Loss:     1.991687, Batch Acc: 0.514651, Tokens per Sec:     5480, Lr: 0.000300
2025-04-29 19:36:34,065 - INFO - joeynmt.training - Epoch   6, Step:    23700, Batch Loss:     1.846548, Batch Acc: 0.507834, Tokens per Sec:     5641, Lr: 0.000300
2025-04-29 19:36:50,521 - INFO - joeynmt.training - Epoch   6, Step:    23800, Batch Loss:     2.039751, Batch Acc: 0.511752, Tokens per Sec:     5605, Lr: 0.000300
2025-04-29 19:37:07,202 - INFO - joeynmt.training - Epoch   6, Step:    23900, Batch Loss:     1.674406, Batch Acc: 0.511698, Tokens per Sec:     5514, Lr: 0.000300
2025-04-29 19:37:23,586 - INFO - joeynmt.training - Epoch   6, Step:    24000, Batch Loss:     1.839221, Batch Acc: 0.510651, Tokens per Sec:     5596, Lr: 0.000300
2025-04-29 19:37:23,586 - INFO - joeynmt.prediction - Predicting 500 example(s)... (Greedy decoding with min_output_length=1, max_output_length=-1, return_prob='none', generate_unk=True, repetition_penalty=-1, no_repeat_ngram_size=-1)
2025-04-29 19:37:48,391 - INFO - joeynmt.prediction - Evaluation result (greedy) loss:   2.16, ppl:   8.66, acc:   0.44, generation: 24.8009[sec], evaluation: 0.0000[sec]
2025-04-29 19:37:48,392 - INFO - joeynmt.training - Hooray! New best validation result [ppl]!
2025-04-29 19:37:48,473 - INFO - joeynmt.helpers - delete models/deen_transformer_prenorm/20000.ckpt
2025-04-29 19:37:48,482 - INFO - joeynmt.training - Example #0
2025-04-29 19:37:48,482 - DEBUG - joeynmt.training - 	Tokenized source:     ['die', 'Pre@@', 'mi@@', 'er@@', 'minist@@', 'er', 'Indi@@', 'ens', 'und', 'J@@', 'ap@@', 'ans', 'tra@@', 'fen', 'sich', 'in', 'T@@', 'ok@@', 'i@@', 'o', '.']
2025-04-29 19:37:48,482 - DEBUG - joeynmt.training - 	Tokenized reference:  ['Indi@@', 'a', 'and', 'J@@', 'ap@@', 'an', 'pri@@', 'me', 'minist@@', 'ers', 'me@@', 'et', 'in', 'T@@', 'ok@@', 'y@@', 'o']
2025-04-29 19:37:48,482 - DEBUG - joeynmt.training - 	Tokenized hypothesis: ['the', 'Pri@@', 'me', 'Minist@@', 'er', 'Indi@@', 'a', 'and', 'J@@', 'ap@@', 'an', ',', 'T@@', 'ok@@', 'i@@', 'o', '.', '</s>']
2025-04-29 19:37:48,482 - INFO - joeynmt.training - 	Source:     die Premierminister Indiens und Japans trafen sich in Tokio .
2025-04-29 19:37:48,482 - INFO - joeynmt.training - 	Reference:  India and Japan prime ministers meet in Tokyo
2025-04-29 19:37:48,482 - INFO - joeynmt.training - 	Hypothesis: the Prime Minister India and Japan , Tokio .
2025-04-29 19:37:48,482 - INFO - joeynmt.training - Example #1
2025-04-29 19:37:48,482 - DEBUG - joeynmt.training - 	Tokenized source:     ['Indi@@', 'ens', 'neu@@', 'er', 'Pre@@', 'mi@@', 'er@@', 'minist@@', 'er', 'N@@', 'ar@@', 'end@@', 'ra', 'Mo@@', 'd@@', 'i', 'tri@@', 'fft', 'bei', 's@@', 'einem', 'ersten', 'wichti@@', 'gen', 'Aus@@', 'land@@', 's@@', 'bes@@', 'u@@', 'ch', 'seit', 's@@', 'einem', 'W@@', 'ah@@', 'l@@', 'si@@', 'e@@', 'g', 'im', 'Ma@@', 'i', 'seinen', 'j@@', 'ap@@', 'an@@', 'ischen', 'Am@@', 'ts@@', 'k@@', 'olle@@', 'gen', 'S@@', 'hin@@', 'z@@', 'o', 'A@@', 'be', 'in', 'T@@', 'ok@@', 'o', ',', 'um', 'wirtschaf@@', 'tliche', 'und', 'sicher@@', 'heits@@', 'politische', 'Be@@', 'zieh@@', 'ungen', 'zu', 'bes@@', 'pre@@', 'chen', '.']
2025-04-29 19:37:48,482 - DEBUG - joeynmt.training - 	Tokenized reference:  ['Indi@@', 'a', '&apos;s', 'new', 'pri@@', 'me', 'minist@@', 'er', ',', 'N@@', 'ar@@', 'end@@', 'ra', 'Mo@@', 'd@@', 'i', ',', 'is', 'me@@', 'eting', 'his', 'J@@', 'ap@@', 'an@@', 'ese', 'coun@@', 'ter@@', 'part', ',', 'S@@', 'hin@@', 'z@@', 'o', 'A@@', 'be', ',', 'in', 'T@@', 'ok@@', 'y@@', 'o', 'to', 'disc@@', 'uss', 'economic', 'and', 'security', 'ties', ',', 'on', 'his', 'first', 'major', 'fore@@', 'ign', 'visi@@', 't', 'since', 'w@@', 'inn@@', 'ing', 'Ma@@', 'y', '&apos;s', 'elec@@', 'tion', '.']
2025-04-29 19:37:48,482 - DEBUG - joeynmt.training - 	Tokenized hypothesis: ['Indi@@', 'a', 'new', 'Pri@@', 'me', 'Minist@@', 'er', 'N@@', 'ar@@', 'end@@', 'ra', 'Mo@@', 'd@@', 'i', '&apos;s', 'first', 'important', 'ex@@', 'tern@@', 'al', ',', 'his', 'first', 'important', 'ex@@', 'tern@@', 'al', ',', 'since', 's@@', 'ou@@', 'ght', 'to', 'be', 're@@', 'mo@@', 'ved', 'in', 'Ma@@', 'y', 'his', 'J@@', 'ap@@', 'an@@', 'ese', 'colle@@', 'ag@@', 'ers', 'S@@', 'hin@@', 'z@@', 'o', 'A@@', 'be', 'in', 'T@@', 'ok@@', 'o', 'to', 'be', 'in', 'T@@', 'ok@@', 'o', 'to', 'be', 'in', 'T@@', 'ok@@', 'o', 'to', 'be', 'pre@@', 'mi@@', 'ent@@', 'ed', '.', '</s>']
2025-04-29 19:37:48,483 - INFO - joeynmt.training - 	Source:     Indiens neuer Premierminister Narendra Modi trifft bei seinem ersten wichtigen Auslandsbesuch seit seinem Wahlsieg im Mai seinen japanischen Amtskollegen Shinzo Abe in Toko , um wirtschaftliche und sicherheitspolitische Beziehungen zu besprechen .
2025-04-29 19:37:48,483 - INFO - joeynmt.training - 	Reference:  India &apos;s new prime minister , Narendra Modi , is meeting his Japanese counterpart , Shinzo Abe , in Tokyo to discuss economic and security ties , on his first major foreign visit since winning May &apos;s election .
2025-04-29 19:37:48,483 - INFO - joeynmt.training - 	Hypothesis: India new Prime Minister Narendra Modi &apos;s first important external , his first important external , since sought to be removed in May his Japanese colleagers Shinzo Abe in Toko to be in Toko to be in Toko to be premiented .
2025-04-29 19:37:48,483 - INFO - joeynmt.training - Example #2
2025-04-29 19:37:48,483 - DEBUG - joeynmt.training - 	Tokenized source:     ['Herr', 'Mo@@', 'd@@', 'i', 'befindet', 'sich', 'auf', 'einer', 'fü@@', 'n@@', 'f@@', 'tä@@', 'gi@@', 'gen', 'Rei@@', 'se', 'nach', 'J@@', 'ap@@', 'an', ',', 'um', 'die', 'wirtschaf@@', 'tlichen', 'Be@@', 'zieh@@', 'ungen', 'mit', 'der', 'd@@', 'rit@@', 't@@', 'größ@@', 'ten', 'Wirtschafts@@', 'n@@', 'ation', 'der', 'Welt', 'zu', 'fes@@', 'tigen', '.']
2025-04-29 19:37:48,483 - DEBUG - joeynmt.training - 	Tokenized reference:  ['Mr', 'Mo@@', 'd@@', 'i', 'is', 'on', 'a', 'fi@@', 've', '@@@', '-@@', '@', 'day', 'tri@@', 'p', 'to', 'J@@', 'ap@@', 'an', 'to', 'streng@@', 'then', 'economic', 'ties', 'with', 'the', 'third', 'lar@@', 'ges@@', 't', 'econom@@', 'y', 'in', 'the', 'world', '.']
2025-04-29 19:37:48,483 - DEBUG - joeynmt.training - 	Tokenized hypothesis: ['Mr', 'Mo@@', 'd@@', 'i', 'is', 'located', 'on', 'a', 'fi@@', 'f@@', 'ty', 'tra@@', 'v@@', 'ell@@', 'ing', 'to', 'J@@', 'ap@@', 'an', 'to', 'make', 'the', 'economic', 'rel@@', 'ations', 'with', 'the', 'third', 'lar@@', 'ges@@', 't', 'econom@@', 'ic@@', 'ally', '.', '</s>']
2025-04-29 19:37:48,483 - INFO - joeynmt.training - 	Source:     Herr Modi befindet sich auf einer fünftägigen Reise nach Japan , um die wirtschaftlichen Beziehungen mit der drittgrößten Wirtschaftsnation der Welt zu festigen .
2025-04-29 19:37:48,483 - INFO - joeynmt.training - 	Reference:  Mr Modi is on a five @-@ day trip to Japan to strengthen economic ties with the third largest economy in the world .
2025-04-29 19:37:48,483 - INFO - joeynmt.training - 	Hypothesis: Mr Modi is located on a fifty travelling to Japan to make the economic relations with the third largest economically .
2025-04-29 19:37:48,483 - INFO - joeynmt.training - Example #3
2025-04-29 19:37:48,483 - DEBUG - joeynmt.training - 	Tokenized source:     ['P@@', 'län@@', 'e', 'für', 'eine', 'stärk@@', 'ere', 'k@@', 'ern@@', 'techn@@', 'ische', 'Zusammenarbeit', 'stehen', 'ganz', 'ob@@', 'en', 'auf', 'der', 'Tag@@', 'es@@', 'ordnung', '.']
2025-04-29 19:37:48,483 - DEBUG - joeynmt.training - 	Tokenized reference:  ['high', 'on', 'the', 'agen@@', 'da', 'are', 'pl@@', 'ans', 'for', 'gre@@', 'ater', 'nu@@', 'clear', 'c@@', 'o', '@@@', '-@@', '@', 'operation', '.']
2025-04-29 19:37:48,483 - DEBUG - joeynmt.training - 	Tokenized hypothesis: ['pl@@', 'ans', 'for', 'a', 'more', 'seri@@', 'ous', 'techn@@', 'ical', 'cooperation', 'is', 'on', 'the', 'agen@@', 'da', '.', '</s>']
2025-04-29 19:37:48,483 - INFO - joeynmt.training - 	Source:     Pläne für eine stärkere kerntechnische Zusammenarbeit stehen ganz oben auf der Tagesordnung .
2025-04-29 19:37:48,483 - INFO - joeynmt.training - 	Reference:  high on the agenda are plans for greater nuclear co @-@ operation .
2025-04-29 19:37:48,483 - INFO - joeynmt.training - 	Hypothesis: plans for a more serious technical cooperation is on the agenda .
2025-04-29 19:37:48,483 - INFO - joeynmt.training - Example #4
2025-04-29 19:37:48,483 - DEBUG - joeynmt.training - 	Tokenized source:     ['Berich@@', 'ten', 'zu@@', 'fol@@', 'ge', 'ho@@', 'fft', 'Indi@@', 'en', 'darüber', 'hinaus', 'auf', 'einen', 'Ver@@', 'trag', 'zur', 'Ver@@', 'tei@@', 'dig@@', 'ungs@@', 'zusammen@@', 'arbeit', 'zwischen', 'den', 'beiden', 'N@@', 'ationen', '.']
2025-04-29 19:37:48,483 - DEBUG - joeynmt.training - 	Tokenized reference:  ['Indi@@', 'a', 'is', 'also', 're@@', 'porte@@', 'dly', 'hop@@', 'ing', 'for', 'a', 'de@@', 'al', 'on', 'def@@', 'ence', 'c@@', 'oll@@', 'ab@@', 'or@@', 'ation', 'between', 'the', 'two', 'n@@', 'ations', '.']
2025-04-29 19:37:48,483 - DEBUG - joeynmt.training - 	Tokenized hypothesis: ['it', 'is', 'also', 'a', 'high', 'Indi@@', 'a', ',', 'that', 'is', 'a', 'con@@', 'tra@@', 'ct', 'on', 'def@@', 'ence', 'between', 'the', 'two', 'n@@', 'ations', '.', '</s>']
2025-04-29 19:37:48,483 - INFO - joeynmt.training - 	Source:     Berichten zufolge hofft Indien darüber hinaus auf einen Vertrag zur Verteidigungszusammenarbeit zwischen den beiden Nationen .
2025-04-29 19:37:48,483 - INFO - joeynmt.training - 	Reference:  India is also reportedly hoping for a deal on defence collaboration between the two nations .
2025-04-29 19:37:48,483 - INFO - joeynmt.training - 	Hypothesis: it is also a high India , that is a contract on defence between the two nations .
2025-04-29 19:38:05,036 - INFO - joeynmt.training - Epoch   6, Step:    24100, Batch Loss:     2.026822, Batch Acc: 0.504345, Tokens per Sec:     5518, Lr: 0.000300
2025-04-29 19:38:21,518 - INFO - joeynmt.training - Epoch   6, Step:    24200, Batch Loss:     1.714037, Batch Acc: 0.513484, Tokens per Sec:     5573, Lr: 0.000300
2025-04-29 19:38:37,908 - INFO - joeynmt.training - Epoch   6, Step:    24300, Batch Loss:     1.797572, Batch Acc: 0.511378, Tokens per Sec:     5668, Lr: 0.000300
2025-04-29 19:38:53,770 - INFO - joeynmt.training - Epoch   6: total training loss 7325.00
2025-04-29 19:38:53,770 - INFO - joeynmt.training - EPOCH 7
2025-04-29 19:38:54,279 - INFO - joeynmt.training - Epoch   7, Step:    24400, Batch Loss:     1.734305, Batch Acc: 0.537406, Tokens per Sec:     6022, Lr: 0.000300
2025-04-29 19:39:10,682 - INFO - joeynmt.training - Epoch   7, Step:    24500, Batch Loss:     1.607498, Batch Acc: 0.535345, Tokens per Sec:     5660, Lr: 0.000300
2025-04-29 19:39:10,682 - INFO - joeynmt.prediction - Predicting 500 example(s)... (Greedy decoding with min_output_length=1, max_output_length=-1, return_prob='none', generate_unk=True, repetition_penalty=-1, no_repeat_ngram_size=-1)
2025-04-29 19:39:32,868 - INFO - joeynmt.prediction - Evaluation result (greedy) loss:   2.15, ppl:   8.61, acc:   0.45, generation: 22.1748[sec], evaluation: 0.0000[sec]
2025-04-29 19:39:32,871 - INFO - joeynmt.training - Hooray! New best validation result [ppl]!
2025-04-29 19:39:33,084 - INFO - joeynmt.helpers - delete models/deen_transformer_prenorm/22000.ckpt
2025-04-29 19:39:33,094 - INFO - joeynmt.training - Example #0
2025-04-29 19:39:33,094 - DEBUG - joeynmt.training - 	Tokenized source:     ['die', 'Pre@@', 'mi@@', 'er@@', 'minist@@', 'er', 'Indi@@', 'ens', 'und', 'J@@', 'ap@@', 'ans', 'tra@@', 'fen', 'sich', 'in', 'T@@', 'ok@@', 'i@@', 'o', '.']
2025-04-29 19:39:33,094 - DEBUG - joeynmt.training - 	Tokenized reference:  ['Indi@@', 'a', 'and', 'J@@', 'ap@@', 'an', 'pri@@', 'me', 'minist@@', 'ers', 'me@@', 'et', 'in', 'T@@', 'ok@@', 'y@@', 'o']
2025-04-29 19:39:33,094 - DEBUG - joeynmt.training - 	Tokenized hypothesis: ['the', 'Pri@@', 'me', 'Minist@@', 'er', 'Indi@@', 'a', 'and', 'J@@', 'ap@@', 'an', 'tra@@', 'vel@@', 'ers', 'in', 'T@@', 'ok@@', 'y@@', 'o', '.', '</s>']
2025-04-29 19:39:33,094 - INFO - joeynmt.training - 	Source:     die Premierminister Indiens und Japans trafen sich in Tokio .
2025-04-29 19:39:33,094 - INFO - joeynmt.training - 	Reference:  India and Japan prime ministers meet in Tokyo
2025-04-29 19:39:33,094 - INFO - joeynmt.training - 	Hypothesis: the Prime Minister India and Japan travelers in Tokyo .
2025-04-29 19:39:33,094 - INFO - joeynmt.training - Example #1
2025-04-29 19:39:33,094 - DEBUG - joeynmt.training - 	Tokenized source:     ['Indi@@', 'ens', 'neu@@', 'er', 'Pre@@', 'mi@@', 'er@@', 'minist@@', 'er', 'N@@', 'ar@@', 'end@@', 'ra', 'Mo@@', 'd@@', 'i', 'tri@@', 'fft', 'bei', 's@@', 'einem', 'ersten', 'wichti@@', 'gen', 'Aus@@', 'land@@', 's@@', 'bes@@', 'u@@', 'ch', 'seit', 's@@', 'einem', 'W@@', 'ah@@', 'l@@', 'si@@', 'e@@', 'g', 'im', 'Ma@@', 'i', 'seinen', 'j@@', 'ap@@', 'an@@', 'ischen', 'Am@@', 'ts@@', 'k@@', 'olle@@', 'gen', 'S@@', 'hin@@', 'z@@', 'o', 'A@@', 'be', 'in', 'T@@', 'ok@@', 'o', ',', 'um', 'wirtschaf@@', 'tliche', 'und', 'sicher@@', 'heits@@', 'politische', 'Be@@', 'zieh@@', 'ungen', 'zu', 'bes@@', 'pre@@', 'chen', '.']
2025-04-29 19:39:33,094 - DEBUG - joeynmt.training - 	Tokenized reference:  ['Indi@@', 'a', '&apos;s', 'new', 'pri@@', 'me', 'minist@@', 'er', ',', 'N@@', 'ar@@', 'end@@', 'ra', 'Mo@@', 'd@@', 'i', ',', 'is', 'me@@', 'eting', 'his', 'J@@', 'ap@@', 'an@@', 'ese', 'coun@@', 'ter@@', 'part', ',', 'S@@', 'hin@@', 'z@@', 'o', 'A@@', 'be', ',', 'in', 'T@@', 'ok@@', 'y@@', 'o', 'to', 'disc@@', 'uss', 'economic', 'and', 'security', 'ties', ',', 'on', 'his', 'first', 'major', 'fore@@', 'ign', 'visi@@', 't', 'since', 'w@@', 'inn@@', 'ing', 'Ma@@', 'y', '&apos;s', 'elec@@', 'tion', '.']
2025-04-29 19:39:33,094 - DEBUG - joeynmt.training - 	Tokenized hypothesis: ['Indi@@', 'a', '&apos;s', 'new', 'Pri@@', 'me', 'Minist@@', 'er', 'N@@', 'ar@@', 'end@@', 'ra', 'Mo@@', 'd@@', 'i', '&apos;s', 'first', 'important', 'ex@@', 't@@', 'ent', 'to', 'his', 'first', 'important', 'ex@@', 't@@', 'ent', 'since', 's@@', 'ou@@', 'ght', 'for', 'his', 'first', 'important', 'ex@@', 't@@', 'ent', 'to', 'economic', 'and', 'saf@@', 'ety', 'political', 'rel@@', 'ations', '.', '</s>']
2025-04-29 19:39:33,094 - INFO - joeynmt.training - 	Source:     Indiens neuer Premierminister Narendra Modi trifft bei seinem ersten wichtigen Auslandsbesuch seit seinem Wahlsieg im Mai seinen japanischen Amtskollegen Shinzo Abe in Toko , um wirtschaftliche und sicherheitspolitische Beziehungen zu besprechen .
2025-04-29 19:39:33,094 - INFO - joeynmt.training - 	Reference:  India &apos;s new prime minister , Narendra Modi , is meeting his Japanese counterpart , Shinzo Abe , in Tokyo to discuss economic and security ties , on his first major foreign visit since winning May &apos;s election .
2025-04-29 19:39:33,095 - INFO - joeynmt.training - 	Hypothesis: India &apos;s new Prime Minister Narendra Modi &apos;s first important extent to his first important extent since sought for his first important extent to economic and safety political relations .
2025-04-29 19:39:33,095 - INFO - joeynmt.training - Example #2
2025-04-29 19:39:33,095 - DEBUG - joeynmt.training - 	Tokenized source:     ['Herr', 'Mo@@', 'd@@', 'i', 'befindet', 'sich', 'auf', 'einer', 'fü@@', 'n@@', 'f@@', 'tä@@', 'gi@@', 'gen', 'Rei@@', 'se', 'nach', 'J@@', 'ap@@', 'an', ',', 'um', 'die', 'wirtschaf@@', 'tlichen', 'Be@@', 'zieh@@', 'ungen', 'mit', 'der', 'd@@', 'rit@@', 't@@', 'größ@@', 'ten', 'Wirtschafts@@', 'n@@', 'ation', 'der', 'Welt', 'zu', 'fes@@', 'tigen', '.']
2025-04-29 19:39:33,095 - DEBUG - joeynmt.training - 	Tokenized reference:  ['Mr', 'Mo@@', 'd@@', 'i', 'is', 'on', 'a', 'fi@@', 've', '@@@', '-@@', '@', 'day', 'tri@@', 'p', 'to', 'J@@', 'ap@@', 'an', 'to', 'streng@@', 'then', 'economic', 'ties', 'with', 'the', 'third', 'lar@@', 'ges@@', 't', 'econom@@', 'y', 'in', 'the', 'world', '.']
2025-04-29 19:39:33,095 - DEBUG - joeynmt.training - 	Tokenized hypothesis: ['Mr', 'Mo@@', 'd@@', 'i', 'is', 'located', 'on', 'a', 'fi@@', 'f@@', 'ty', 'tra@@', 'ck', 'to', 'J@@', 'ap@@', 'an', 'to', 'jo@@', 'in', 'with', 'third', 'lar@@', 'ges@@', 't', 'economic', 'rel@@', 'ations', 'with', 'third', 'lar@@', 'ges@@', 't', 'economic', 'rel@@', 'ations', '.', '</s>']
2025-04-29 19:39:33,095 - INFO - joeynmt.training - 	Source:     Herr Modi befindet sich auf einer fünftägigen Reise nach Japan , um die wirtschaftlichen Beziehungen mit der drittgrößten Wirtschaftsnation der Welt zu festigen .
2025-04-29 19:39:33,095 - INFO - joeynmt.training - 	Reference:  Mr Modi is on a five @-@ day trip to Japan to strengthen economic ties with the third largest economy in the world .
2025-04-29 19:39:33,095 - INFO - joeynmt.training - 	Hypothesis: Mr Modi is located on a fifty track to Japan to join with third largest economic relations with third largest economic relations .
2025-04-29 19:39:33,095 - INFO - joeynmt.training - Example #3
2025-04-29 19:39:33,095 - DEBUG - joeynmt.training - 	Tokenized source:     ['P@@', 'län@@', 'e', 'für', 'eine', 'stärk@@', 'ere', 'k@@', 'ern@@', 'techn@@', 'ische', 'Zusammenarbeit', 'stehen', 'ganz', 'ob@@', 'en', 'auf', 'der', 'Tag@@', 'es@@', 'ordnung', '.']
2025-04-29 19:39:33,095 - DEBUG - joeynmt.training - 	Tokenized reference:  ['high', 'on', 'the', 'agen@@', 'da', 'are', 'pl@@', 'ans', 'for', 'gre@@', 'ater', 'nu@@', 'clear', 'c@@', 'o', '@@@', '-@@', '@', 'operation', '.']
2025-04-29 19:39:33,095 - DEBUG - joeynmt.training - 	Tokenized hypothesis: ['pl@@', 'ans', 'for', 'a', 'more', 'seri@@', 'ous', 'techn@@', 'ical', 'cooperation', 'is', 'very', 'important', '.', '</s>']
2025-04-29 19:39:33,095 - INFO - joeynmt.training - 	Source:     Pläne für eine stärkere kerntechnische Zusammenarbeit stehen ganz oben auf der Tagesordnung .
2025-04-29 19:39:33,096 - INFO - joeynmt.training - 	Reference:  high on the agenda are plans for greater nuclear co @-@ operation .
2025-04-29 19:39:33,096 - INFO - joeynmt.training - 	Hypothesis: plans for a more serious technical cooperation is very important .
2025-04-29 19:39:33,096 - INFO - joeynmt.training - Example #4
2025-04-29 19:39:33,096 - DEBUG - joeynmt.training - 	Tokenized source:     ['Berich@@', 'ten', 'zu@@', 'fol@@', 'ge', 'ho@@', 'fft', 'Indi@@', 'en', 'darüber', 'hinaus', 'auf', 'einen', 'Ver@@', 'trag', 'zur', 'Ver@@', 'tei@@', 'dig@@', 'ungs@@', 'zusammen@@', 'arbeit', 'zwischen', 'den', 'beiden', 'N@@', 'ationen', '.']
2025-04-29 19:39:33,096 - DEBUG - joeynmt.training - 	Tokenized reference:  ['Indi@@', 'a', 'is', 'also', 're@@', 'porte@@', 'dly', 'hop@@', 'ing', 'for', 'a', 'de@@', 'al', 'on', 'def@@', 'ence', 'c@@', 'oll@@', 'ab@@', 'or@@', 'ation', 'between', 'the', 'two', 'n@@', 'ations', '.']
2025-04-29 19:39:33,096 - DEBUG - joeynmt.training - 	Tokenized hypothesis: ['the', 're@@', 'ports', ',', 'the', 'result', 'of', 'a', 'con@@', 'tra@@', 'ct', 'on', 'a', 'tre@@', 'aty', 'on', 'the', 'def@@', 'ence', 'of', 'the', 'two', 'N@@', 'ations', '.', '</s>']
2025-04-29 19:39:33,096 - INFO - joeynmt.training - 	Source:     Berichten zufolge hofft Indien darüber hinaus auf einen Vertrag zur Verteidigungszusammenarbeit zwischen den beiden Nationen .
2025-04-29 19:39:33,096 - INFO - joeynmt.training - 	Reference:  India is also reportedly hoping for a deal on defence collaboration between the two nations .
2025-04-29 19:39:33,096 - INFO - joeynmt.training - 	Hypothesis: the reports , the result of a contract on a treaty on the defence of the two Nations .
2025-04-29 19:39:49,554 - INFO - joeynmt.training - Epoch   7, Step:    24600, Batch Loss:     1.906199, Batch Acc: 0.537742, Tokens per Sec:     5385, Lr: 0.000300
2025-04-29 19:40:05,800 - INFO - joeynmt.training - Epoch   7, Step:    24700, Batch Loss:     1.622988, Batch Acc: 0.531013, Tokens per Sec:     5814, Lr: 0.000300
2025-04-29 19:40:21,930 - INFO - joeynmt.training - Epoch   7, Step:    24800, Batch Loss:     1.732673, Batch Acc: 0.527805, Tokens per Sec:     5680, Lr: 0.000300
2025-04-29 19:40:38,182 - INFO - joeynmt.training - Epoch   7, Step:    24900, Batch Loss:     1.925394, Batch Acc: 0.525458, Tokens per Sec:     5647, Lr: 0.000300
2025-04-29 19:40:54,282 - INFO - joeynmt.training - Epoch   7, Step:    25000, Batch Loss:     1.926821, Batch Acc: 0.521114, Tokens per Sec:     5625, Lr: 0.000300
2025-04-29 19:40:54,282 - INFO - joeynmt.prediction - Predicting 500 example(s)... (Greedy decoding with min_output_length=1, max_output_length=-1, return_prob='none', generate_unk=True, repetition_penalty=-1, no_repeat_ngram_size=-1)
2025-04-29 19:41:15,567 - INFO - joeynmt.prediction - Evaluation result (greedy) loss:   2.16, ppl:   8.70, acc:   0.44, generation: 21.2813[sec], evaluation: 0.0000[sec]
2025-04-29 19:41:15,652 - INFO - joeynmt.helpers - delete models/deen_transformer_prenorm/22500.ckpt
2025-04-29 19:41:15,662 - INFO - joeynmt.training - Example #0
2025-04-29 19:41:15,663 - DEBUG - joeynmt.training - 	Tokenized source:     ['die', 'Pre@@', 'mi@@', 'er@@', 'minist@@', 'er', 'Indi@@', 'ens', 'und', 'J@@', 'ap@@', 'ans', 'tra@@', 'fen', 'sich', 'in', 'T@@', 'ok@@', 'i@@', 'o', '.']
2025-04-29 19:41:15,663 - DEBUG - joeynmt.training - 	Tokenized reference:  ['Indi@@', 'a', 'and', 'J@@', 'ap@@', 'an', 'pri@@', 'me', 'minist@@', 'ers', 'me@@', 'et', 'in', 'T@@', 'ok@@', 'y@@', 'o']
2025-04-29 19:41:15,663 - DEBUG - joeynmt.training - 	Tokenized hypothesis: ['the', 'Pri@@', 'me', 'Minist@@', 'er', 'Indi@@', 'a', 'and', 'J@@', 'ap@@', 'an', ',', 'T@@', 'ok@@', 'i@@', 'o', '.', '</s>']
2025-04-29 19:41:15,663 - INFO - joeynmt.training - 	Source:     die Premierminister Indiens und Japans trafen sich in Tokio .
2025-04-29 19:41:15,663 - INFO - joeynmt.training - 	Reference:  India and Japan prime ministers meet in Tokyo
2025-04-29 19:41:15,663 - INFO - joeynmt.training - 	Hypothesis: the Prime Minister India and Japan , Tokio .
2025-04-29 19:41:15,663 - INFO - joeynmt.training - Example #1
2025-04-29 19:41:15,663 - DEBUG - joeynmt.training - 	Tokenized source:     ['Indi@@', 'ens', 'neu@@', 'er', 'Pre@@', 'mi@@', 'er@@', 'minist@@', 'er', 'N@@', 'ar@@', 'end@@', 'ra', 'Mo@@', 'd@@', 'i', 'tri@@', 'fft', 'bei', 's@@', 'einem', 'ersten', 'wichti@@', 'gen', 'Aus@@', 'land@@', 's@@', 'bes@@', 'u@@', 'ch', 'seit', 's@@', 'einem', 'W@@', 'ah@@', 'l@@', 'si@@', 'e@@', 'g', 'im', 'Ma@@', 'i', 'seinen', 'j@@', 'ap@@', 'an@@', 'ischen', 'Am@@', 'ts@@', 'k@@', 'olle@@', 'gen', 'S@@', 'hin@@', 'z@@', 'o', 'A@@', 'be', 'in', 'T@@', 'ok@@', 'o', ',', 'um', 'wirtschaf@@', 'tliche', 'und', 'sicher@@', 'heits@@', 'politische', 'Be@@', 'zieh@@', 'ungen', 'zu', 'bes@@', 'pre@@', 'chen', '.']
2025-04-29 19:41:15,663 - DEBUG - joeynmt.training - 	Tokenized reference:  ['Indi@@', 'a', '&apos;s', 'new', 'pri@@', 'me', 'minist@@', 'er', ',', 'N@@', 'ar@@', 'end@@', 'ra', 'Mo@@', 'd@@', 'i', ',', 'is', 'me@@', 'eting', 'his', 'J@@', 'ap@@', 'an@@', 'ese', 'coun@@', 'ter@@', 'part', ',', 'S@@', 'hin@@', 'z@@', 'o', 'A@@', 'be', ',', 'in', 'T@@', 'ok@@', 'y@@', 'o', 'to', 'disc@@', 'uss', 'economic', 'and', 'security', 'ties', ',', 'on', 'his', 'first', 'major', 'fore@@', 'ign', 'visi@@', 't', 'since', 'w@@', 'inn@@', 'ing', 'Ma@@', 'y', '&apos;s', 'elec@@', 'tion', '.']
2025-04-29 19:41:15,663 - DEBUG - joeynmt.training - 	Tokenized hypothesis: ['Indi@@', 'a', 'new', 'Pri@@', 'me', 'Minist@@', 'er', 'N@@', 'ar@@', 'end@@', 'ra', 'Mo@@', 'd@@', 'i', '&apos;s', 'first', 'important', 'ex@@', 'tern@@', 'al', 'F@@', 'a@@', 'ther', '&apos;s', 'first', 'important', 'ex@@', 'tern@@', 'al', 'A@@', 'c@@', 'coun@@', 'ts', 'in', 'Ma@@', 'y', ',', 'the', 'A@@', 'c@@', 'coun@@', 't', ',', 'in', 'Ma@@', 'y', ',', 'in', 'Ma@@', 'y', ',', 'to', 'the', 'economic', 'and', 'security', 'policy', 'rel@@', 'ations', '.', '</s>']
2025-04-29 19:41:15,663 - INFO - joeynmt.training - 	Source:     Indiens neuer Premierminister Narendra Modi trifft bei seinem ersten wichtigen Auslandsbesuch seit seinem Wahlsieg im Mai seinen japanischen Amtskollegen Shinzo Abe in Toko , um wirtschaftliche und sicherheitspolitische Beziehungen zu besprechen .
2025-04-29 19:41:15,663 - INFO - joeynmt.training - 	Reference:  India &apos;s new prime minister , Narendra Modi , is meeting his Japanese counterpart , Shinzo Abe , in Tokyo to discuss economic and security ties , on his first major foreign visit since winning May &apos;s election .
2025-04-29 19:41:15,663 - INFO - joeynmt.training - 	Hypothesis: India new Prime Minister Narendra Modi &apos;s first important external Father &apos;s first important external Accounts in May , the Account , in May , in May , to the economic and security policy relations .
2025-04-29 19:41:15,663 - INFO - joeynmt.training - Example #2
2025-04-29 19:41:15,663 - DEBUG - joeynmt.training - 	Tokenized source:     ['Herr', 'Mo@@', 'd@@', 'i', 'befindet', 'sich', 'auf', 'einer', 'fü@@', 'n@@', 'f@@', 'tä@@', 'gi@@', 'gen', 'Rei@@', 'se', 'nach', 'J@@', 'ap@@', 'an', ',', 'um', 'die', 'wirtschaf@@', 'tlichen', 'Be@@', 'zieh@@', 'ungen', 'mit', 'der', 'd@@', 'rit@@', 't@@', 'größ@@', 'ten', 'Wirtschafts@@', 'n@@', 'ation', 'der', 'Welt', 'zu', 'fes@@', 'tigen', '.']
2025-04-29 19:41:15,663 - DEBUG - joeynmt.training - 	Tokenized reference:  ['Mr', 'Mo@@', 'd@@', 'i', 'is', 'on', 'a', 'fi@@', 've', '@@@', '-@@', '@', 'day', 'tri@@', 'p', 'to', 'J@@', 'ap@@', 'an', 'to', 'streng@@', 'then', 'economic', 'ties', 'with', 'the', 'third', 'lar@@', 'ges@@', 't', 'econom@@', 'y', 'in', 'the', 'world', '.']
2025-04-29 19:41:15,663 - DEBUG - joeynmt.training - 	Tokenized hypothesis: ['Mr', 'Mo@@', 'd@@', 'i', 'is', 'located', 'on', 'a', 'fi@@', 'f@@', 'ty', 'tra@@', 'v@@', 'el', 'to', 'J@@', 'ap@@', 'an', 'to', 're@@', 'main', 'the', 'economic', 'rel@@', 'ation@@', 'ship', 'with', 'the', 'third', 'lar@@', 'ges@@', 't', 'economic', 'rel@@', 'ations', '.', '</s>']
2025-04-29 19:41:15,663 - INFO - joeynmt.training - 	Source:     Herr Modi befindet sich auf einer fünftägigen Reise nach Japan , um die wirtschaftlichen Beziehungen mit der drittgrößten Wirtschaftsnation der Welt zu festigen .
2025-04-29 19:41:15,663 - INFO - joeynmt.training - 	Reference:  Mr Modi is on a five @-@ day trip to Japan to strengthen economic ties with the third largest economy in the world .
2025-04-29 19:41:15,663 - INFO - joeynmt.training - 	Hypothesis: Mr Modi is located on a fifty travel to Japan to remain the economic relationship with the third largest economic relations .
2025-04-29 19:41:15,663 - INFO - joeynmt.training - Example #3
2025-04-29 19:41:15,663 - DEBUG - joeynmt.training - 	Tokenized source:     ['P@@', 'län@@', 'e', 'für', 'eine', 'stärk@@', 'ere', 'k@@', 'ern@@', 'techn@@', 'ische', 'Zusammenarbeit', 'stehen', 'ganz', 'ob@@', 'en', 'auf', 'der', 'Tag@@', 'es@@', 'ordnung', '.']
2025-04-29 19:41:15,663 - DEBUG - joeynmt.training - 	Tokenized reference:  ['high', 'on', 'the', 'agen@@', 'da', 'are', 'pl@@', 'ans', 'for', 'gre@@', 'ater', 'nu@@', 'clear', 'c@@', 'o', '@@@', '-@@', '@', 'operation', '.']
2025-04-29 19:41:15,663 - DEBUG - joeynmt.training - 	Tokenized hypothesis: ['pl@@', 'ans', 'for', 'more', 'seri@@', 'ous', 'co@@', '-@@', 'effective', 'cooperation', 'is', 'on', 'the', 'agen@@', 'da', '.', '</s>']
2025-04-29 19:41:15,663 - INFO - joeynmt.training - 	Source:     Pläne für eine stärkere kerntechnische Zusammenarbeit stehen ganz oben auf der Tagesordnung .
2025-04-29 19:41:15,663 - INFO - joeynmt.training - 	Reference:  high on the agenda are plans for greater nuclear co @-@ operation .
2025-04-29 19:41:15,663 - INFO - joeynmt.training - 	Hypothesis: plans for more serious co-effective cooperation is on the agenda .
2025-04-29 19:41:15,663 - INFO - joeynmt.training - Example #4
2025-04-29 19:41:15,663 - DEBUG - joeynmt.training - 	Tokenized source:     ['Berich@@', 'ten', 'zu@@', 'fol@@', 'ge', 'ho@@', 'fft', 'Indi@@', 'en', 'darüber', 'hinaus', 'auf', 'einen', 'Ver@@', 'trag', 'zur', 'Ver@@', 'tei@@', 'dig@@', 'ungs@@', 'zusammen@@', 'arbeit', 'zwischen', 'den', 'beiden', 'N@@', 'ationen', '.']
2025-04-29 19:41:15,663 - DEBUG - joeynmt.training - 	Tokenized reference:  ['Indi@@', 'a', 'is', 'also', 're@@', 'porte@@', 'dly', 'hop@@', 'ing', 'for', 'a', 'de@@', 'al', 'on', 'def@@', 'ence', 'c@@', 'oll@@', 'ab@@', 'or@@', 'ation', 'between', 'the', 'two', 'n@@', 'ations', '.']
2025-04-29 19:41:15,663 - DEBUG - joeynmt.training - 	Tokenized hypothesis: ['the', 'fact', 'that', 'Indi@@', 'a', 'is', 'a', 'con@@', 'tra@@', 'ct', 'on', 'a', 'con@@', 'tra@@', 'ct', 'of', 'the', 'de@@', 'par@@', 'ture', 'cooperation', 'between', 'the', 'two', 'N@@', 'ations', '.', '</s>']
2025-04-29 19:41:15,664 - INFO - joeynmt.training - 	Source:     Berichten zufolge hofft Indien darüber hinaus auf einen Vertrag zur Verteidigungszusammenarbeit zwischen den beiden Nationen .
2025-04-29 19:41:15,664 - INFO - joeynmt.training - 	Reference:  India is also reportedly hoping for a deal on defence collaboration between the two nations .
2025-04-29 19:41:15,664 - INFO - joeynmt.training - 	Hypothesis: the fact that India is a contract on a contract of the departure cooperation between the two Nations .
2025-04-29 19:41:32,082 - INFO - joeynmt.training - Epoch   7, Step:    25100, Batch Loss:     1.670635, Batch Acc: 0.524902, Tokens per Sec:     5535, Lr: 0.000300
2025-04-29 19:41:48,327 - INFO - joeynmt.training - Epoch   7, Step:    25200, Batch Loss:     1.716178, Batch Acc: 0.530469, Tokens per Sec:     5669, Lr: 0.000300
2025-04-29 19:42:04,711 - INFO - joeynmt.training - Epoch   7, Step:    25300, Batch Loss:     1.873192, Batch Acc: 0.522177, Tokens per Sec:     5659, Lr: 0.000300
2025-04-29 19:42:21,003 - INFO - joeynmt.training - Epoch   7, Step:    25400, Batch Loss:     1.556760, Batch Acc: 0.529626, Tokens per Sec:     5586, Lr: 0.000300
2025-04-29 19:42:37,187 - INFO - joeynmt.training - Epoch   7, Step:    25500, Batch Loss:     1.784677, Batch Acc: 0.522918, Tokens per Sec:     5697, Lr: 0.000300
2025-04-29 19:42:37,188 - INFO - joeynmt.prediction - Predicting 500 example(s)... (Greedy decoding with min_output_length=1, max_output_length=-1, return_prob='none', generate_unk=True, repetition_penalty=-1, no_repeat_ngram_size=-1)
2025-04-29 19:43:00,619 - INFO - joeynmt.prediction - Evaluation result (greedy) loss:   2.16, ppl:   8.65, acc:   0.45, generation: 23.4274[sec], evaluation: 0.0000[sec]
2025-04-29 19:43:00,701 - INFO - joeynmt.helpers - delete models/deen_transformer_prenorm/23000.ckpt
2025-04-29 19:43:00,710 - INFO - joeynmt.training - Example #0
2025-04-29 19:43:00,710 - DEBUG - joeynmt.training - 	Tokenized source:     ['die', 'Pre@@', 'mi@@', 'er@@', 'minist@@', 'er', 'Indi@@', 'ens', 'und', 'J@@', 'ap@@', 'ans', 'tra@@', 'fen', 'sich', 'in', 'T@@', 'ok@@', 'i@@', 'o', '.']
2025-04-29 19:43:00,710 - DEBUG - joeynmt.training - 	Tokenized reference:  ['Indi@@', 'a', 'and', 'J@@', 'ap@@', 'an', 'pri@@', 'me', 'minist@@', 'ers', 'me@@', 'et', 'in', 'T@@', 'ok@@', 'y@@', 'o']
2025-04-29 19:43:00,710 - DEBUG - joeynmt.training - 	Tokenized hypothesis: ['the', 'Pri@@', 'me', 'Minist@@', 'er', 'of', 'Indi@@', 'a', 'and', 'J@@', 'ap@@', 'an', ',', 'T@@', 'ok@@', 'i@@', 'o', '.', '</s>']
2025-04-29 19:43:00,710 - INFO - joeynmt.training - 	Source:     die Premierminister Indiens und Japans trafen sich in Tokio .
2025-04-29 19:43:00,710 - INFO - joeynmt.training - 	Reference:  India and Japan prime ministers meet in Tokyo
2025-04-29 19:43:00,710 - INFO - joeynmt.training - 	Hypothesis: the Prime Minister of India and Japan , Tokio .
2025-04-29 19:43:00,710 - INFO - joeynmt.training - Example #1
2025-04-29 19:43:00,710 - DEBUG - joeynmt.training - 	Tokenized source:     ['Indi@@', 'ens', 'neu@@', 'er', 'Pre@@', 'mi@@', 'er@@', 'minist@@', 'er', 'N@@', 'ar@@', 'end@@', 'ra', 'Mo@@', 'd@@', 'i', 'tri@@', 'fft', 'bei', 's@@', 'einem', 'ersten', 'wichti@@', 'gen', 'Aus@@', 'land@@', 's@@', 'bes@@', 'u@@', 'ch', 'seit', 's@@', 'einem', 'W@@', 'ah@@', 'l@@', 'si@@', 'e@@', 'g', 'im', 'Ma@@', 'i', 'seinen', 'j@@', 'ap@@', 'an@@', 'ischen', 'Am@@', 'ts@@', 'k@@', 'olle@@', 'gen', 'S@@', 'hin@@', 'z@@', 'o', 'A@@', 'be', 'in', 'T@@', 'ok@@', 'o', ',', 'um', 'wirtschaf@@', 'tliche', 'und', 'sicher@@', 'heits@@', 'politische', 'Be@@', 'zieh@@', 'ungen', 'zu', 'bes@@', 'pre@@', 'chen', '.']
2025-04-29 19:43:00,710 - DEBUG - joeynmt.training - 	Tokenized reference:  ['Indi@@', 'a', '&apos;s', 'new', 'pri@@', 'me', 'minist@@', 'er', ',', 'N@@', 'ar@@', 'end@@', 'ra', 'Mo@@', 'd@@', 'i', ',', 'is', 'me@@', 'eting', 'his', 'J@@', 'ap@@', 'an@@', 'ese', 'coun@@', 'ter@@', 'part', ',', 'S@@', 'hin@@', 'z@@', 'o', 'A@@', 'be', ',', 'in', 'T@@', 'ok@@', 'y@@', 'o', 'to', 'disc@@', 'uss', 'economic', 'and', 'security', 'ties', ',', 'on', 'his', 'first', 'major', 'fore@@', 'ign', 'visi@@', 't', 'since', 'w@@', 'inn@@', 'ing', 'Ma@@', 'y', '&apos;s', 'elec@@', 'tion', '.']
2025-04-29 19:43:00,710 - DEBUG - joeynmt.training - 	Tokenized hypothesis: ['Indi@@', 'a', 'a', ',', 'N@@', 'ar@@', 'end@@', 'ra', 'Mo@@', 'd@@', 'i', '&apos;s', 'new', 'Pri@@', 'me', 'Minist@@', 'er', 'N@@', 'ar@@', 'end@@', 'ra', 'Mo@@', 'd@@', 'i', '&apos;s', 'first', 'important', 'ex@@', 'tern@@', 'al', 'A@@', 'ff@@', 'air@@', 's', 'in', 'Ma@@', 'y', ',', 'his', 'j@@', 'ap@@', 'an@@', 'ese', 'A@@', 'ff@@', 'air@@', 's', ',', 'in', 'Ma@@', 'y', ',', 'to', 'its', 'economic', 'and', 'security', '.', '</s>']
2025-04-29 19:43:00,710 - INFO - joeynmt.training - 	Source:     Indiens neuer Premierminister Narendra Modi trifft bei seinem ersten wichtigen Auslandsbesuch seit seinem Wahlsieg im Mai seinen japanischen Amtskollegen Shinzo Abe in Toko , um wirtschaftliche und sicherheitspolitische Beziehungen zu besprechen .
2025-04-29 19:43:00,710 - INFO - joeynmt.training - 	Reference:  India &apos;s new prime minister , Narendra Modi , is meeting his Japanese counterpart , Shinzo Abe , in Tokyo to discuss economic and security ties , on his first major foreign visit since winning May &apos;s election .
2025-04-29 19:43:00,710 - INFO - joeynmt.training - 	Hypothesis: India a , Narendra Modi &apos;s new Prime Minister Narendra Modi &apos;s first important external Affairs in May , his japanese Affairs , in May , to its economic and security .
2025-04-29 19:43:00,710 - INFO - joeynmt.training - Example #2
2025-04-29 19:43:00,710 - DEBUG - joeynmt.training - 	Tokenized source:     ['Herr', 'Mo@@', 'd@@', 'i', 'befindet', 'sich', 'auf', 'einer', 'fü@@', 'n@@', 'f@@', 'tä@@', 'gi@@', 'gen', 'Rei@@', 'se', 'nach', 'J@@', 'ap@@', 'an', ',', 'um', 'die', 'wirtschaf@@', 'tlichen', 'Be@@', 'zieh@@', 'ungen', 'mit', 'der', 'd@@', 'rit@@', 't@@', 'größ@@', 'ten', 'Wirtschafts@@', 'n@@', 'ation', 'der', 'Welt', 'zu', 'fes@@', 'tigen', '.']
2025-04-29 19:43:00,710 - DEBUG - joeynmt.training - 	Tokenized reference:  ['Mr', 'Mo@@', 'd@@', 'i', 'is', 'on', 'a', 'fi@@', 've', '@@@', '-@@', '@', 'day', 'tri@@', 'p', 'to', 'J@@', 'ap@@', 'an', 'to', 'streng@@', 'then', 'economic', 'ties', 'with', 'the', 'third', 'lar@@', 'ges@@', 't', 'econom@@', 'y', 'in', 'the', 'world', '.']
2025-04-29 19:43:00,710 - DEBUG - joeynmt.training - 	Tokenized hypothesis: ['Mr', 'Mo@@', 'd@@', 'i', 'is', 'located', 'on', 'a', 'fi@@', 'f@@', 'day', 'of', 'a', 'fi@@', 'f@@', 'day', 'of', 'j@@', 'ap@@', 'an', 'to', 'the', 'economic', 'rel@@', 'ations', 'with', 'third', 'lar@@', 'ges@@', 't', 'economic', 'n@@', 'ation', '.', '</s>']
2025-04-29 19:43:00,710 - INFO - joeynmt.training - 	Source:     Herr Modi befindet sich auf einer fünftägigen Reise nach Japan , um die wirtschaftlichen Beziehungen mit der drittgrößten Wirtschaftsnation der Welt zu festigen .
2025-04-29 19:43:00,710 - INFO - joeynmt.training - 	Reference:  Mr Modi is on a five @-@ day trip to Japan to strengthen economic ties with the third largest economy in the world .
2025-04-29 19:43:00,711 - INFO - joeynmt.training - 	Hypothesis: Mr Modi is located on a fifday of a fifday of japan to the economic relations with third largest economic nation .
2025-04-29 19:43:00,711 - INFO - joeynmt.training - Example #3
2025-04-29 19:43:00,711 - DEBUG - joeynmt.training - 	Tokenized source:     ['P@@', 'län@@', 'e', 'für', 'eine', 'stärk@@', 'ere', 'k@@', 'ern@@', 'techn@@', 'ische', 'Zusammenarbeit', 'stehen', 'ganz', 'ob@@', 'en', 'auf', 'der', 'Tag@@', 'es@@', 'ordnung', '.']
2025-04-29 19:43:00,711 - DEBUG - joeynmt.training - 	Tokenized reference:  ['high', 'on', 'the', 'agen@@', 'da', 'are', 'pl@@', 'ans', 'for', 'gre@@', 'ater', 'nu@@', 'clear', 'c@@', 'o', '@@@', '-@@', '@', 'operation', '.']
2025-04-29 19:43:00,711 - DEBUG - joeynmt.training - 	Tokenized hypothesis: ['pl@@', 'ans', 'for', 'more', 'seri@@', 'ous', 'cooperation', ',', 'is', 'the', 'most', 'important', 'techn@@', 'ical', 'cooperation', 'is', 'on', 'the', 'agen@@', 'da', '.', '</s>']
2025-04-29 19:43:00,711 - INFO - joeynmt.training - 	Source:     Pläne für eine stärkere kerntechnische Zusammenarbeit stehen ganz oben auf der Tagesordnung .
2025-04-29 19:43:00,711 - INFO - joeynmt.training - 	Reference:  high on the agenda are plans for greater nuclear co @-@ operation .
2025-04-29 19:43:00,711 - INFO - joeynmt.training - 	Hypothesis: plans for more serious cooperation , is the most important technical cooperation is on the agenda .
2025-04-29 19:43:00,711 - INFO - joeynmt.training - Example #4
2025-04-29 19:43:00,711 - DEBUG - joeynmt.training - 	Tokenized source:     ['Berich@@', 'ten', 'zu@@', 'fol@@', 'ge', 'ho@@', 'fft', 'Indi@@', 'en', 'darüber', 'hinaus', 'auf', 'einen', 'Ver@@', 'trag', 'zur', 'Ver@@', 'tei@@', 'dig@@', 'ungs@@', 'zusammen@@', 'arbeit', 'zwischen', 'den', 'beiden', 'N@@', 'ationen', '.']
2025-04-29 19:43:00,711 - DEBUG - joeynmt.training - 	Tokenized reference:  ['Indi@@', 'a', 'is', 'also', 're@@', 'porte@@', 'dly', 'hop@@', 'ing', 'for', 'a', 'de@@', 'al', 'on', 'def@@', 'ence', 'c@@', 'oll@@', 'ab@@', 'or@@', 'ation', 'between', 'the', 'two', 'n@@', 'ations', '.']
2025-04-29 19:43:00,711 - DEBUG - joeynmt.training - 	Tokenized hypothesis: ['it', 'is', 'also', 'a', 'high', 'indi@@', 'c@@', 'ation', 'of', 'the', 'def@@', 'ence', 'of', 'def@@', 'ence', 'cooperation', 'between', 'the', 'two', 'N@@', 'ations', '.', '</s>']
2025-04-29 19:43:00,711 - INFO - joeynmt.training - 	Source:     Berichten zufolge hofft Indien darüber hinaus auf einen Vertrag zur Verteidigungszusammenarbeit zwischen den beiden Nationen .
2025-04-29 19:43:00,711 - INFO - joeynmt.training - 	Reference:  India is also reportedly hoping for a deal on defence collaboration between the two nations .
2025-04-29 19:43:00,711 - INFO - joeynmt.training - 	Hypothesis: it is also a high indication of the defence of defence cooperation between the two Nations .
2025-04-29 19:43:17,120 - INFO - joeynmt.training - Epoch   7, Step:    25600, Batch Loss:     1.722959, Batch Acc: 0.519421, Tokens per Sec:     5673, Lr: 0.000300
2025-04-29 19:43:33,597 - INFO - joeynmt.training - Epoch   7, Step:    25700, Batch Loss:     1.701290, Batch Acc: 0.520758, Tokens per Sec:     5568, Lr: 0.000300
2025-04-29 19:43:49,907 - INFO - joeynmt.training - Epoch   7, Step:    25800, Batch Loss:     1.578325, Batch Acc: 0.526726, Tokens per Sec:     5580, Lr: 0.000300
2025-04-29 19:44:06,204 - INFO - joeynmt.training - Epoch   7, Step:    25900, Batch Loss:     1.889490, Batch Acc: 0.533783, Tokens per Sec:     5587, Lr: 0.000300
2025-04-29 19:44:22,457 - INFO - joeynmt.training - Epoch   7, Step:    26000, Batch Loss:     1.912466, Batch Acc: 0.521115, Tokens per Sec:     5667, Lr: 0.000300
2025-04-29 19:44:22,457 - INFO - joeynmt.prediction - Predicting 500 example(s)... (Greedy decoding with min_output_length=1, max_output_length=-1, return_prob='none', generate_unk=True, repetition_penalty=-1, no_repeat_ngram_size=-1)
2025-04-29 19:44:48,856 - INFO - joeynmt.prediction - Evaluation result (greedy) loss:   2.15, ppl:   8.56, acc:   0.45, generation: 26.3955[sec], evaluation: 0.0000[sec]
2025-04-29 19:44:48,857 - INFO - joeynmt.training - Hooray! New best validation result [ppl]!
2025-04-29 19:44:48,937 - INFO - joeynmt.helpers - delete models/deen_transformer_prenorm/23500.ckpt
2025-04-29 19:44:48,947 - INFO - joeynmt.training - Example #0
2025-04-29 19:44:48,947 - DEBUG - joeynmt.training - 	Tokenized source:     ['die', 'Pre@@', 'mi@@', 'er@@', 'minist@@', 'er', 'Indi@@', 'ens', 'und', 'J@@', 'ap@@', 'ans', 'tra@@', 'fen', 'sich', 'in', 'T@@', 'ok@@', 'i@@', 'o', '.']
2025-04-29 19:44:48,947 - DEBUG - joeynmt.training - 	Tokenized reference:  ['Indi@@', 'a', 'and', 'J@@', 'ap@@', 'an', 'pri@@', 'me', 'minist@@', 'ers', 'me@@', 'et', 'in', 'T@@', 'ok@@', 'y@@', 'o']
2025-04-29 19:44:48,947 - DEBUG - joeynmt.training - 	Tokenized hypothesis: ['the', 'Pri@@', 'me', 'Minist@@', 'er', 'Indi@@', 'a', 'and', 'J@@', 'ap@@', 'an', 'and', 'J@@', 'ap@@', 'an', ',', 'T@@', 'ok@@', 'o', '.', '</s>']
2025-04-29 19:44:48,947 - INFO - joeynmt.training - 	Source:     die Premierminister Indiens und Japans trafen sich in Tokio .
2025-04-29 19:44:48,947 - INFO - joeynmt.training - 	Reference:  India and Japan prime ministers meet in Tokyo
2025-04-29 19:44:48,947 - INFO - joeynmt.training - 	Hypothesis: the Prime Minister India and Japan and Japan , Toko .
2025-04-29 19:44:48,947 - INFO - joeynmt.training - Example #1
2025-04-29 19:44:48,947 - DEBUG - joeynmt.training - 	Tokenized source:     ['Indi@@', 'ens', 'neu@@', 'er', 'Pre@@', 'mi@@', 'er@@', 'minist@@', 'er', 'N@@', 'ar@@', 'end@@', 'ra', 'Mo@@', 'd@@', 'i', 'tri@@', 'fft', 'bei', 's@@', 'einem', 'ersten', 'wichti@@', 'gen', 'Aus@@', 'land@@', 's@@', 'bes@@', 'u@@', 'ch', 'seit', 's@@', 'einem', 'W@@', 'ah@@', 'l@@', 'si@@', 'e@@', 'g', 'im', 'Ma@@', 'i', 'seinen', 'j@@', 'ap@@', 'an@@', 'ischen', 'Am@@', 'ts@@', 'k@@', 'olle@@', 'gen', 'S@@', 'hin@@', 'z@@', 'o', 'A@@', 'be', 'in', 'T@@', 'ok@@', 'o', ',', 'um', 'wirtschaf@@', 'tliche', 'und', 'sicher@@', 'heits@@', 'politische', 'Be@@', 'zieh@@', 'ungen', 'zu', 'bes@@', 'pre@@', 'chen', '.']
2025-04-29 19:44:48,947 - DEBUG - joeynmt.training - 	Tokenized reference:  ['Indi@@', 'a', '&apos;s', 'new', 'pri@@', 'me', 'minist@@', 'er', ',', 'N@@', 'ar@@', 'end@@', 'ra', 'Mo@@', 'd@@', 'i', ',', 'is', 'me@@', 'eting', 'his', 'J@@', 'ap@@', 'an@@', 'ese', 'coun@@', 'ter@@', 'part', ',', 'S@@', 'hin@@', 'z@@', 'o', 'A@@', 'be', ',', 'in', 'T@@', 'ok@@', 'y@@', 'o', 'to', 'disc@@', 'uss', 'economic', 'and', 'security', 'ties', ',', 'on', 'his', 'first', 'major', 'fore@@', 'ign', 'visi@@', 't', 'since', 'w@@', 'inn@@', 'ing', 'Ma@@', 'y', '&apos;s', 'elec@@', 'tion', '.']
2025-04-29 19:44:48,947 - DEBUG - joeynmt.training - 	Tokenized hypothesis: ['Indi@@', 'a', 'new', 'Pri@@', 'me', 'Minist@@', 'er', 'N@@', 'ar@@', 'end@@', 'ra', 'Mo@@', 'd@@', 'i', '&apos;s', 'first', 'important', 'ex@@', 'tern@@', 'al', ',', 'since', 'his', 'first', 'important', 'ex@@', 'tern@@', 'al', 'ag@@', 'ents', 'since', 'S@@', 'hin@@', 'z@@', 'o', ',', 'he', 'was', 'his', 'J@@', 'ap@@', 'an@@', 'ese', 'colle@@', 'ag@@', 'ue', ',', 'S@@', 'hin@@', 'z@@', 'o', ',', 'to', 'the', 'economic', 'and', 'saf@@', 'ety', '.', '</s>']
2025-04-29 19:44:48,947 - INFO - joeynmt.training - 	Source:     Indiens neuer Premierminister Narendra Modi trifft bei seinem ersten wichtigen Auslandsbesuch seit seinem Wahlsieg im Mai seinen japanischen Amtskollegen Shinzo Abe in Toko , um wirtschaftliche und sicherheitspolitische Beziehungen zu besprechen .
2025-04-29 19:44:48,947 - INFO - joeynmt.training - 	Reference:  India &apos;s new prime minister , Narendra Modi , is meeting his Japanese counterpart , Shinzo Abe , in Tokyo to discuss economic and security ties , on his first major foreign visit since winning May &apos;s election .
2025-04-29 19:44:48,947 - INFO - joeynmt.training - 	Hypothesis: India new Prime Minister Narendra Modi &apos;s first important external , since his first important external agents since Shinzo , he was his Japanese colleague , Shinzo , to the economic and safety .
2025-04-29 19:44:48,947 - INFO - joeynmt.training - Example #2
2025-04-29 19:44:48,947 - DEBUG - joeynmt.training - 	Tokenized source:     ['Herr', 'Mo@@', 'd@@', 'i', 'befindet', 'sich', 'auf', 'einer', 'fü@@', 'n@@', 'f@@', 'tä@@', 'gi@@', 'gen', 'Rei@@', 'se', 'nach', 'J@@', 'ap@@', 'an', ',', 'um', 'die', 'wirtschaf@@', 'tlichen', 'Be@@', 'zieh@@', 'ungen', 'mit', 'der', 'd@@', 'rit@@', 't@@', 'größ@@', 'ten', 'Wirtschafts@@', 'n@@', 'ation', 'der', 'Welt', 'zu', 'fes@@', 'tigen', '.']
2025-04-29 19:44:48,947 - DEBUG - joeynmt.training - 	Tokenized reference:  ['Mr', 'Mo@@', 'd@@', 'i', 'is', 'on', 'a', 'fi@@', 've', '@@@', '-@@', '@', 'day', 'tri@@', 'p', 'to', 'J@@', 'ap@@', 'an', 'to', 'streng@@', 'then', 'economic', 'ties', 'with', 'the', 'third', 'lar@@', 'ges@@', 't', 'econom@@', 'y', 'in', 'the', 'world', '.']
2025-04-29 19:44:48,947 - DEBUG - joeynmt.training - 	Tokenized hypothesis: ['Mr', 'Mo@@', 'd@@', 'i', 'is', 'located', 'on', 'a', 'fi@@', 'f@@', 'ty', 'tra@@', 'v@@', 'el', 'to', 'J@@', 'ap@@', 'an', 'to', 'the', 'economic', 'rel@@', 'ations', 'with', 'third', 'lar@@', 'ges@@', 't', 'economic', 'rel@@', 'ations', 'with', 'the', 'third', 'lar@@', 'ges@@', 't', 'economic', 'n@@', 'ation', 'of', 'the', 'world', '.', '</s>']
2025-04-29 19:44:48,947 - INFO - joeynmt.training - 	Source:     Herr Modi befindet sich auf einer fünftägigen Reise nach Japan , um die wirtschaftlichen Beziehungen mit der drittgrößten Wirtschaftsnation der Welt zu festigen .
2025-04-29 19:44:48,947 - INFO - joeynmt.training - 	Reference:  Mr Modi is on a five @-@ day trip to Japan to strengthen economic ties with the third largest economy in the world .
2025-04-29 19:44:48,947 - INFO - joeynmt.training - 	Hypothesis: Mr Modi is located on a fifty travel to Japan to the economic relations with third largest economic relations with the third largest economic nation of the world .
2025-04-29 19:44:48,947 - INFO - joeynmt.training - Example #3
2025-04-29 19:44:48,947 - DEBUG - joeynmt.training - 	Tokenized source:     ['P@@', 'län@@', 'e', 'für', 'eine', 'stärk@@', 'ere', 'k@@', 'ern@@', 'techn@@', 'ische', 'Zusammenarbeit', 'stehen', 'ganz', 'ob@@', 'en', 'auf', 'der', 'Tag@@', 'es@@', 'ordnung', '.']
2025-04-29 19:44:48,947 - DEBUG - joeynmt.training - 	Tokenized reference:  ['high', 'on', 'the', 'agen@@', 'da', 'are', 'pl@@', 'ans', 'for', 'gre@@', 'ater', 'nu@@', 'clear', 'c@@', 'o', '@@@', '-@@', '@', 'operation', '.']
2025-04-29 19:44:48,947 - DEBUG - joeynmt.training - 	Tokenized hypothesis: ['pl@@', 'ans', 'for', 'more', 'seri@@', 'ous', 'co@@', '-@@', 'operation', 'is', 'a', 'very', 'clear', 'and', 'the', 'day', '.', '</s>']
2025-04-29 19:44:48,948 - INFO - joeynmt.training - 	Source:     Pläne für eine stärkere kerntechnische Zusammenarbeit stehen ganz oben auf der Tagesordnung .
2025-04-29 19:44:48,948 - INFO - joeynmt.training - 	Reference:  high on the agenda are plans for greater nuclear co @-@ operation .
2025-04-29 19:44:48,948 - INFO - joeynmt.training - 	Hypothesis: plans for more serious co-operation is a very clear and the day .
2025-04-29 19:44:48,948 - INFO - joeynmt.training - Example #4
2025-04-29 19:44:48,948 - DEBUG - joeynmt.training - 	Tokenized source:     ['Berich@@', 'ten', 'zu@@', 'fol@@', 'ge', 'ho@@', 'fft', 'Indi@@', 'en', 'darüber', 'hinaus', 'auf', 'einen', 'Ver@@', 'trag', 'zur', 'Ver@@', 'tei@@', 'dig@@', 'ungs@@', 'zusammen@@', 'arbeit', 'zwischen', 'den', 'beiden', 'N@@', 'ationen', '.']
2025-04-29 19:44:48,948 - DEBUG - joeynmt.training - 	Tokenized reference:  ['Indi@@', 'a', 'is', 'also', 're@@', 'porte@@', 'dly', 'hop@@', 'ing', 'for', 'a', 'de@@', 'al', 'on', 'def@@', 'ence', 'c@@', 'oll@@', 'ab@@', 'or@@', 'ation', 'between', 'the', 'two', 'n@@', 'ations', '.']
2025-04-29 19:44:48,948 - DEBUG - joeynmt.training - 	Tokenized hypothesis: ['it', 'is', 'also', 'hop@@', 'es', 'that', 'Indi@@', 'a', '&apos;s', 'de@@', 'bt', 'on', 'a', 'con@@', 'tra@@', 'ct', 'on', 'the', 'def@@', 'ence', 'cooperation', 'between', 'the', 'two', 'n@@', 'ations', '.', '</s>']
2025-04-29 19:44:48,948 - INFO - joeynmt.training - 	Source:     Berichten zufolge hofft Indien darüber hinaus auf einen Vertrag zur Verteidigungszusammenarbeit zwischen den beiden Nationen .
2025-04-29 19:44:48,948 - INFO - joeynmt.training - 	Reference:  India is also reportedly hoping for a deal on defence collaboration between the two nations .
2025-04-29 19:44:48,948 - INFO - joeynmt.training - 	Hypothesis: it is also hopes that India &apos;s debt on a contract on the defence cooperation between the two nations .
2025-04-29 19:45:05,365 - INFO - joeynmt.training - Epoch   7, Step:    26100, Batch Loss:     1.801455, Batch Acc: 0.521034, Tokens per Sec:     5615, Lr: 0.000300
2025-04-29 19:45:21,641 - INFO - joeynmt.training - Epoch   7, Step:    26200, Batch Loss:     1.638477, Batch Acc: 0.520797, Tokens per Sec:     5584, Lr: 0.000300
2025-04-29 19:45:37,985 - INFO - joeynmt.training - Epoch   7, Step:    26300, Batch Loss:     1.669032, Batch Acc: 0.528235, Tokens per Sec:     5611, Lr: 0.000300
2025-04-29 19:45:54,350 - INFO - joeynmt.training - Epoch   7, Step:    26400, Batch Loss:     1.890281, Batch Acc: 0.525025, Tokens per Sec:     5650, Lr: 0.000300
2025-04-29 19:46:10,673 - INFO - joeynmt.training - Epoch   7, Step:    26500, Batch Loss:     1.988138, Batch Acc: 0.523714, Tokens per Sec:     5598, Lr: 0.000300
2025-04-29 19:46:10,673 - INFO - joeynmt.prediction - Predicting 500 example(s)... (Greedy decoding with min_output_length=1, max_output_length=-1, return_prob='none', generate_unk=True, repetition_penalty=-1, no_repeat_ngram_size=-1)
2025-04-29 19:46:36,387 - INFO - joeynmt.prediction - Evaluation result (greedy) loss:   2.14, ppl:   8.53, acc:   0.45, generation: 25.7098[sec], evaluation: 0.0000[sec]
2025-04-29 19:46:36,388 - INFO - joeynmt.training - Hooray! New best validation result [ppl]!
2025-04-29 19:46:36,472 - INFO - joeynmt.helpers - delete models/deen_transformer_prenorm/25000.ckpt
2025-04-29 19:46:36,472 - INFO - joeynmt.training - Example #0
2025-04-29 19:46:36,472 - DEBUG - joeynmt.training - 	Tokenized source:     ['die', 'Pre@@', 'mi@@', 'er@@', 'minist@@', 'er', 'Indi@@', 'ens', 'und', 'J@@', 'ap@@', 'ans', 'tra@@', 'fen', 'sich', 'in', 'T@@', 'ok@@', 'i@@', 'o', '.']
2025-04-29 19:46:36,472 - DEBUG - joeynmt.training - 	Tokenized reference:  ['Indi@@', 'a', 'and', 'J@@', 'ap@@', 'an', 'pri@@', 'me', 'minist@@', 'ers', 'me@@', 'et', 'in', 'T@@', 'ok@@', 'y@@', 'o']
2025-04-29 19:46:36,472 - DEBUG - joeynmt.training - 	Tokenized hypothesis: ['the', 'Pri@@', 'me', 'Minist@@', 'er', 'of', 'Indi@@', 'a', 'and', 'J@@', 'ap@@', 'an', ',', 'T@@', 'ok@@', 'i@@', 'o', '.', '</s>']
2025-04-29 19:46:36,473 - INFO - joeynmt.training - 	Source:     die Premierminister Indiens und Japans trafen sich in Tokio .
2025-04-29 19:46:36,473 - INFO - joeynmt.training - 	Reference:  India and Japan prime ministers meet in Tokyo
2025-04-29 19:46:36,473 - INFO - joeynmt.training - 	Hypothesis: the Prime Minister of India and Japan , Tokio .
2025-04-29 19:46:36,473 - INFO - joeynmt.training - Example #1
2025-04-29 19:46:36,473 - DEBUG - joeynmt.training - 	Tokenized source:     ['Indi@@', 'ens', 'neu@@', 'er', 'Pre@@', 'mi@@', 'er@@', 'minist@@', 'er', 'N@@', 'ar@@', 'end@@', 'ra', 'Mo@@', 'd@@', 'i', 'tri@@', 'fft', 'bei', 's@@', 'einem', 'ersten', 'wichti@@', 'gen', 'Aus@@', 'land@@', 's@@', 'bes@@', 'u@@', 'ch', 'seit', 's@@', 'einem', 'W@@', 'ah@@', 'l@@', 'si@@', 'e@@', 'g', 'im', 'Ma@@', 'i', 'seinen', 'j@@', 'ap@@', 'an@@', 'ischen', 'Am@@', 'ts@@', 'k@@', 'olle@@', 'gen', 'S@@', 'hin@@', 'z@@', 'o', 'A@@', 'be', 'in', 'T@@', 'ok@@', 'o', ',', 'um', 'wirtschaf@@', 'tliche', 'und', 'sicher@@', 'heits@@', 'politische', 'Be@@', 'zieh@@', 'ungen', 'zu', 'bes@@', 'pre@@', 'chen', '.']
2025-04-29 19:46:36,473 - DEBUG - joeynmt.training - 	Tokenized reference:  ['Indi@@', 'a', '&apos;s', 'new', 'pri@@', 'me', 'minist@@', 'er', ',', 'N@@', 'ar@@', 'end@@', 'ra', 'Mo@@', 'd@@', 'i', ',', 'is', 'me@@', 'eting', 'his', 'J@@', 'ap@@', 'an@@', 'ese', 'coun@@', 'ter@@', 'part', ',', 'S@@', 'hin@@', 'z@@', 'o', 'A@@', 'be', ',', 'in', 'T@@', 'ok@@', 'y@@', 'o', 'to', 'disc@@', 'uss', 'economic', 'and', 'security', 'ties', ',', 'on', 'his', 'first', 'major', 'fore@@', 'ign', 'visi@@', 't', 'since', 'w@@', 'inn@@', 'ing', 'Ma@@', 'y', '&apos;s', 'elec@@', 'tion', '.']
2025-04-29 19:46:36,473 - DEBUG - joeynmt.training - 	Tokenized hypothesis: ['Indi@@', 'a', 'new', 'Pri@@', 'me', 'Minist@@', 'er', 'N@@', 'ar@@', 'end@@', 'ra', 'Mo@@', 'd@@', 'i', ',', 'the', 'first', 'important', 'ex@@', 'tern@@', 'al', 'F@@', 'e@@', 'der@@', 'al', 'A@@', 'ff@@', 'air@@', 's', ',', 'has', 'been', 'a', 's@@', 'po@@', 'ken', 'in', 'Ma@@', 'y', 'his', 'J@@', 'ap@@', 'an', 'A@@', 'be', 'in', 'T@@', 'ok@@', 'o', 'to', 'the', 'economic', 'and', 'security', 'political', 'rel@@', 'ations', '.', '</s>']
2025-04-29 19:46:36,473 - INFO - joeynmt.training - 	Source:     Indiens neuer Premierminister Narendra Modi trifft bei seinem ersten wichtigen Auslandsbesuch seit seinem Wahlsieg im Mai seinen japanischen Amtskollegen Shinzo Abe in Toko , um wirtschaftliche und sicherheitspolitische Beziehungen zu besprechen .
2025-04-29 19:46:36,473 - INFO - joeynmt.training - 	Reference:  India &apos;s new prime minister , Narendra Modi , is meeting his Japanese counterpart , Shinzo Abe , in Tokyo to discuss economic and security ties , on his first major foreign visit since winning May &apos;s election .
2025-04-29 19:46:36,473 - INFO - joeynmt.training - 	Hypothesis: India new Prime Minister Narendra Modi , the first important external Federal Affairs , has been a spoken in May his Japan Abe in Toko to the economic and security political relations .
2025-04-29 19:46:36,473 - INFO - joeynmt.training - Example #2
2025-04-29 19:46:36,473 - DEBUG - joeynmt.training - 	Tokenized source:     ['Herr', 'Mo@@', 'd@@', 'i', 'befindet', 'sich', 'auf', 'einer', 'fü@@', 'n@@', 'f@@', 'tä@@', 'gi@@', 'gen', 'Rei@@', 'se', 'nach', 'J@@', 'ap@@', 'an', ',', 'um', 'die', 'wirtschaf@@', 'tlichen', 'Be@@', 'zieh@@', 'ungen', 'mit', 'der', 'd@@', 'rit@@', 't@@', 'größ@@', 'ten', 'Wirtschafts@@', 'n@@', 'ation', 'der', 'Welt', 'zu', 'fes@@', 'tigen', '.']
2025-04-29 19:46:36,473 - DEBUG - joeynmt.training - 	Tokenized reference:  ['Mr', 'Mo@@', 'd@@', 'i', 'is', 'on', 'a', 'fi@@', 've', '@@@', '-@@', '@', 'day', 'tri@@', 'p', 'to', 'J@@', 'ap@@', 'an', 'to', 'streng@@', 'then', 'economic', 'ties', 'with', 'the', 'third', 'lar@@', 'ges@@', 't', 'econom@@', 'y', 'in', 'the', 'world', '.']
2025-04-29 19:46:36,473 - DEBUG - joeynmt.training - 	Tokenized hypothesis: ['Mr', 'Mo@@', 'd@@', 'i', 'is', 'a', 'fi@@', 'f@@', 'ty', 'ri@@', 'gh@@', 'ting', 'to', 'J@@', 'ap@@', 'an', 'to', 'the', 'economic', 'rel@@', 'ations', 'with', 'the', 'third', 'lar@@', 'ges@@', 't', 'economic', 'rel@@', 'ations', 'with', 'the', 'third', 'lar@@', 'ges@@', 't', 'economic', 'n@@', 'ation', 'of', 'the', 'world', '.', '</s>']
2025-04-29 19:46:36,473 - INFO - joeynmt.training - 	Source:     Herr Modi befindet sich auf einer fünftägigen Reise nach Japan , um die wirtschaftlichen Beziehungen mit der drittgrößten Wirtschaftsnation der Welt zu festigen .
2025-04-29 19:46:36,473 - INFO - joeynmt.training - 	Reference:  Mr Modi is on a five @-@ day trip to Japan to strengthen economic ties with the third largest economy in the world .
2025-04-29 19:46:36,473 - INFO - joeynmt.training - 	Hypothesis: Mr Modi is a fifty righting to Japan to the economic relations with the third largest economic relations with the third largest economic nation of the world .
2025-04-29 19:46:36,473 - INFO - joeynmt.training - Example #3
2025-04-29 19:46:36,473 - DEBUG - joeynmt.training - 	Tokenized source:     ['P@@', 'län@@', 'e', 'für', 'eine', 'stärk@@', 'ere', 'k@@', 'ern@@', 'techn@@', 'ische', 'Zusammenarbeit', 'stehen', 'ganz', 'ob@@', 'en', 'auf', 'der', 'Tag@@', 'es@@', 'ordnung', '.']
2025-04-29 19:46:36,473 - DEBUG - joeynmt.training - 	Tokenized reference:  ['high', 'on', 'the', 'agen@@', 'da', 'are', 'pl@@', 'ans', 'for', 'gre@@', 'ater', 'nu@@', 'clear', 'c@@', 'o', '@@@', '-@@', '@', 'operation', '.']
2025-04-29 19:46:36,473 - DEBUG - joeynmt.training - 	Tokenized hypothesis: ['pl@@', 'ans', 'for', 'more', 'seri@@', 'ous', 'cooperation', 'are', 'on', 'the', 'agen@@', 'da', '.', '</s>']
2025-04-29 19:46:36,473 - INFO - joeynmt.training - 	Source:     Pläne für eine stärkere kerntechnische Zusammenarbeit stehen ganz oben auf der Tagesordnung .
2025-04-29 19:46:36,473 - INFO - joeynmt.training - 	Reference:  high on the agenda are plans for greater nuclear co @-@ operation .
2025-04-29 19:46:36,473 - INFO - joeynmt.training - 	Hypothesis: plans for more serious cooperation are on the agenda .
2025-04-29 19:46:36,473 - INFO - joeynmt.training - Example #4
2025-04-29 19:46:36,473 - DEBUG - joeynmt.training - 	Tokenized source:     ['Berich@@', 'ten', 'zu@@', 'fol@@', 'ge', 'ho@@', 'fft', 'Indi@@', 'en', 'darüber', 'hinaus', 'auf', 'einen', 'Ver@@', 'trag', 'zur', 'Ver@@', 'tei@@', 'dig@@', 'ungs@@', 'zusammen@@', 'arbeit', 'zwischen', 'den', 'beiden', 'N@@', 'ationen', '.']
2025-04-29 19:46:36,473 - DEBUG - joeynmt.training - 	Tokenized reference:  ['Indi@@', 'a', 'is', 'also', 're@@', 'porte@@', 'dly', 'hop@@', 'ing', 'for', 'a', 'de@@', 'al', 'on', 'def@@', 'ence', 'c@@', 'oll@@', 'ab@@', 'or@@', 'ation', 'between', 'the', 'two', 'n@@', 'ations', '.']
2025-04-29 19:46:36,473 - DEBUG - joeynmt.training - 	Tokenized hypothesis: ['it', 'is', 'also', 'tru@@', 'e', 'Indi@@', 'a', ',', 'which', 'is', 'a', 'con@@', 'tra@@', 'ct', 'on', 'a', 'con@@', 'tra@@', 'ct', 'of', 'def@@', 'ence', 'cooperation', 'between', 'the', 'two', 'n@@', 'ations', '.', '</s>']
2025-04-29 19:46:36,473 - INFO - joeynmt.training - 	Source:     Berichten zufolge hofft Indien darüber hinaus auf einen Vertrag zur Verteidigungszusammenarbeit zwischen den beiden Nationen .
2025-04-29 19:46:36,474 - INFO - joeynmt.training - 	Reference:  India is also reportedly hoping for a deal on defence collaboration between the two nations .
2025-04-29 19:46:36,474 - INFO - joeynmt.training - 	Hypothesis: it is also true India , which is a contract on a contract of defence cooperation between the two nations .
2025-04-29 19:46:52,824 - INFO - joeynmt.training - Epoch   7, Step:    26600, Batch Loss:     1.895892, Batch Acc: 0.519289, Tokens per Sec:     5645, Lr: 0.000300
2025-04-29 19:47:09,252 - INFO - joeynmt.training - Epoch   7, Step:    26700, Batch Loss:     1.827835, Batch Acc: 0.526831, Tokens per Sec:     5562, Lr: 0.000300
2025-04-29 19:47:25,619 - INFO - joeynmt.training - Epoch   7, Step:    26800, Batch Loss:     1.846521, Batch Acc: 0.520553, Tokens per Sec:     5666, Lr: 0.000300
2025-04-29 19:47:42,058 - INFO - joeynmt.training - Epoch   7, Step:    26900, Batch Loss:     1.770042, Batch Acc: 0.518956, Tokens per Sec:     5642, Lr: 0.000300
2025-04-29 19:47:58,351 - INFO - joeynmt.training - Epoch   7, Step:    27000, Batch Loss:     1.614081, Batch Acc: 0.524537, Tokens per Sec:     5586, Lr: 0.000300
2025-04-29 19:47:58,351 - INFO - joeynmt.prediction - Predicting 500 example(s)... (Greedy decoding with min_output_length=1, max_output_length=-1, return_prob='none', generate_unk=True, repetition_penalty=-1, no_repeat_ngram_size=-1)
2025-04-29 19:48:20,453 - INFO - joeynmt.prediction - Evaluation result (greedy) loss:   2.14, ppl:   8.52, acc:   0.45, generation: 22.0976[sec], evaluation: 0.0000[sec]
2025-04-29 19:48:20,454 - INFO - joeynmt.training - Hooray! New best validation result [ppl]!
2025-04-29 19:48:20,534 - INFO - joeynmt.helpers - delete models/deen_transformer_prenorm/24000.ckpt
2025-04-29 19:48:20,545 - INFO - joeynmt.training - Example #0
2025-04-29 19:48:20,545 - DEBUG - joeynmt.training - 	Tokenized source:     ['die', 'Pre@@', 'mi@@', 'er@@', 'minist@@', 'er', 'Indi@@', 'ens', 'und', 'J@@', 'ap@@', 'ans', 'tra@@', 'fen', 'sich', 'in', 'T@@', 'ok@@', 'i@@', 'o', '.']
2025-04-29 19:48:20,545 - DEBUG - joeynmt.training - 	Tokenized reference:  ['Indi@@', 'a', 'and', 'J@@', 'ap@@', 'an', 'pri@@', 'me', 'minist@@', 'ers', 'me@@', 'et', 'in', 'T@@', 'ok@@', 'y@@', 'o']
2025-04-29 19:48:20,545 - DEBUG - joeynmt.training - 	Tokenized hypothesis: ['the', 'Pre@@', 'mi@@', 'er', 'of', 'Indi@@', 'a', 'and', 'J@@', 'ap@@', 'an', ',', 'the', 'pri@@', 'me', 'minist@@', 'er', '.', '</s>']
2025-04-29 19:48:20,545 - INFO - joeynmt.training - 	Source:     die Premierminister Indiens und Japans trafen sich in Tokio .
2025-04-29 19:48:20,545 - INFO - joeynmt.training - 	Reference:  India and Japan prime ministers meet in Tokyo
2025-04-29 19:48:20,545 - INFO - joeynmt.training - 	Hypothesis: the Premier of India and Japan , the prime minister .
2025-04-29 19:48:20,545 - INFO - joeynmt.training - Example #1
2025-04-29 19:48:20,545 - DEBUG - joeynmt.training - 	Tokenized source:     ['Indi@@', 'ens', 'neu@@', 'er', 'Pre@@', 'mi@@', 'er@@', 'minist@@', 'er', 'N@@', 'ar@@', 'end@@', 'ra', 'Mo@@', 'd@@', 'i', 'tri@@', 'fft', 'bei', 's@@', 'einem', 'ersten', 'wichti@@', 'gen', 'Aus@@', 'land@@', 's@@', 'bes@@', 'u@@', 'ch', 'seit', 's@@', 'einem', 'W@@', 'ah@@', 'l@@', 'si@@', 'e@@', 'g', 'im', 'Ma@@', 'i', 'seinen', 'j@@', 'ap@@', 'an@@', 'ischen', 'Am@@', 'ts@@', 'k@@', 'olle@@', 'gen', 'S@@', 'hin@@', 'z@@', 'o', 'A@@', 'be', 'in', 'T@@', 'ok@@', 'o', ',', 'um', 'wirtschaf@@', 'tliche', 'und', 'sicher@@', 'heits@@', 'politische', 'Be@@', 'zieh@@', 'ungen', 'zu', 'bes@@', 'pre@@', 'chen', '.']
2025-04-29 19:48:20,545 - DEBUG - joeynmt.training - 	Tokenized reference:  ['Indi@@', 'a', '&apos;s', 'new', 'pri@@', 'me', 'minist@@', 'er', ',', 'N@@', 'ar@@', 'end@@', 'ra', 'Mo@@', 'd@@', 'i', ',', 'is', 'me@@', 'eting', 'his', 'J@@', 'ap@@', 'an@@', 'ese', 'coun@@', 'ter@@', 'part', ',', 'S@@', 'hin@@', 'z@@', 'o', 'A@@', 'be', ',', 'in', 'T@@', 'ok@@', 'y@@', 'o', 'to', 'disc@@', 'uss', 'economic', 'and', 'security', 'ties', ',', 'on', 'his', 'first', 'major', 'fore@@', 'ign', 'visi@@', 't', 'since', 'w@@', 'inn@@', 'ing', 'Ma@@', 'y', '&apos;s', 'elec@@', 'tion', '.']
2025-04-29 19:48:20,545 - DEBUG - joeynmt.training - 	Tokenized hypothesis: ['Indi@@', 'a', 'new', 'Pri@@', 'me', 'Minist@@', 'er', 'N@@', 'ar@@', 'end@@', 'ra', 'Mo@@', 'd@@', 'i', ',', 'the', 'first', 'important', 'ex@@', 'change', 'for', 'his', 'first', 'important', 'ex@@', 'change', 'since', 'his', 'his', 'elec@@', 't@@', 'or@@', 'ate', 'in', 'Ma@@', 'y', ',', 'S@@', 'hin@@', 'z@@', 'o', 'A@@', 'be', 'in', 'T@@', 'ok@@', 'o', 'to', 'A@@', 'be', 'in', 'T@@', 'ok@@', 'o', 'to', ',', 'to', 'the', 'economic', 'and', 'security', 'political', 'rel@@', 'ations', '.', '</s>']
2025-04-29 19:48:20,545 - INFO - joeynmt.training - 	Source:     Indiens neuer Premierminister Narendra Modi trifft bei seinem ersten wichtigen Auslandsbesuch seit seinem Wahlsieg im Mai seinen japanischen Amtskollegen Shinzo Abe in Toko , um wirtschaftliche und sicherheitspolitische Beziehungen zu besprechen .
2025-04-29 19:48:20,546 - INFO - joeynmt.training - 	Reference:  India &apos;s new prime minister , Narendra Modi , is meeting his Japanese counterpart , Shinzo Abe , in Tokyo to discuss economic and security ties , on his first major foreign visit since winning May &apos;s election .
2025-04-29 19:48:20,546 - INFO - joeynmt.training - 	Hypothesis: India new Prime Minister Narendra Modi , the first important exchange for his first important exchange since his his electorate in May , Shinzo Abe in Toko to Abe in Toko to , to the economic and security political relations .
2025-04-29 19:48:20,546 - INFO - joeynmt.training - Example #2
2025-04-29 19:48:20,546 - DEBUG - joeynmt.training - 	Tokenized source:     ['Herr', 'Mo@@', 'd@@', 'i', 'befindet', 'sich', 'auf', 'einer', 'fü@@', 'n@@', 'f@@', 'tä@@', 'gi@@', 'gen', 'Rei@@', 'se', 'nach', 'J@@', 'ap@@', 'an', ',', 'um', 'die', 'wirtschaf@@', 'tlichen', 'Be@@', 'zieh@@', 'ungen', 'mit', 'der', 'd@@', 'rit@@', 't@@', 'größ@@', 'ten', 'Wirtschafts@@', 'n@@', 'ation', 'der', 'Welt', 'zu', 'fes@@', 'tigen', '.']
2025-04-29 19:48:20,546 - DEBUG - joeynmt.training - 	Tokenized reference:  ['Mr', 'Mo@@', 'd@@', 'i', 'is', 'on', 'a', 'fi@@', 've', '@@@', '-@@', '@', 'day', 'tri@@', 'p', 'to', 'J@@', 'ap@@', 'an', 'to', 'streng@@', 'then', 'economic', 'ties', 'with', 'the', 'third', 'lar@@', 'ges@@', 't', 'econom@@', 'y', 'in', 'the', 'world', '.']
2025-04-29 19:48:20,546 - DEBUG - joeynmt.training - 	Tokenized hypothesis: ['Mr', 'Mo@@', 'd@@', 'i', 'is', 'one', 'of', 'fi@@', 've', 'h@@', 'y@@', 'po@@', 'c@@', 'le', 'to', 'J@@', 'ap@@', 'an', 'to', 'pro@@', 'mo@@', 'te', 'economic', 'rel@@', 'ations', 'with', 'the', 'third', 'lar@@', 'ges@@', 't', 'economic', 'rel@@', 'ations', 'with', 'the', 'third', 'lar@@', 'ges@@', 't', 'economic', 'rel@@', 'ations', 'with', 'the', 'third', 'lar@@', 'ges@@', 't', 'economic', 'rel@@', 'ations', 'with', 'the', 'third', 'lar@@', 'ges@@', 't', 'economic', 'rel@@', 'ations', 'with', 'the', 'third', 'lar@@', 'ges@@', 't', 'economic', 'rel@@', 'ations', 'with', 'the', 'third', 'lar@@', 'ges@@', 't', 'economic', 'n@@', 'ation', '.', '</s>']
2025-04-29 19:48:20,546 - INFO - joeynmt.training - 	Source:     Herr Modi befindet sich auf einer fünftägigen Reise nach Japan , um die wirtschaftlichen Beziehungen mit der drittgrößten Wirtschaftsnation der Welt zu festigen .
2025-04-29 19:48:20,546 - INFO - joeynmt.training - 	Reference:  Mr Modi is on a five @-@ day trip to Japan to strengthen economic ties with the third largest economy in the world .
2025-04-29 19:48:20,546 - INFO - joeynmt.training - 	Hypothesis: Mr Modi is one of five hypocle to Japan to promote economic relations with the third largest economic relations with the third largest economic relations with the third largest economic relations with the third largest economic relations with the third largest economic relations with the third largest economic nation .
2025-04-29 19:48:20,546 - INFO - joeynmt.training - Example #3
2025-04-29 19:48:20,546 - DEBUG - joeynmt.training - 	Tokenized source:     ['P@@', 'län@@', 'e', 'für', 'eine', 'stärk@@', 'ere', 'k@@', 'ern@@', 'techn@@', 'ische', 'Zusammenarbeit', 'stehen', 'ganz', 'ob@@', 'en', 'auf', 'der', 'Tag@@', 'es@@', 'ordnung', '.']
2025-04-29 19:48:20,546 - DEBUG - joeynmt.training - 	Tokenized reference:  ['high', 'on', 'the', 'agen@@', 'da', 'are', 'pl@@', 'ans', 'for', 'gre@@', 'ater', 'nu@@', 'clear', 'c@@', 'o', '@@@', '-@@', '@', 'operation', '.']
2025-04-29 19:48:20,546 - DEBUG - joeynmt.training - 	Tokenized hypothesis: ['pl@@', 'ans', 'for', 'more', 'seri@@', 'ous', 'more', 'seri@@', 'ous', 'techn@@', 'ical', 'cooperation', 'are', 'based', 'on', 'the', 'agen@@', 'da', '.', '</s>']
2025-04-29 19:48:20,546 - INFO - joeynmt.training - 	Source:     Pläne für eine stärkere kerntechnische Zusammenarbeit stehen ganz oben auf der Tagesordnung .
2025-04-29 19:48:20,546 - INFO - joeynmt.training - 	Reference:  high on the agenda are plans for greater nuclear co @-@ operation .
2025-04-29 19:48:20,546 - INFO - joeynmt.training - 	Hypothesis: plans for more serious more serious technical cooperation are based on the agenda .
2025-04-29 19:48:20,546 - INFO - joeynmt.training - Example #4
2025-04-29 19:48:20,546 - DEBUG - joeynmt.training - 	Tokenized source:     ['Berich@@', 'ten', 'zu@@', 'fol@@', 'ge', 'ho@@', 'fft', 'Indi@@', 'en', 'darüber', 'hinaus', 'auf', 'einen', 'Ver@@', 'trag', 'zur', 'Ver@@', 'tei@@', 'dig@@', 'ungs@@', 'zusammen@@', 'arbeit', 'zwischen', 'den', 'beiden', 'N@@', 'ationen', '.']
2025-04-29 19:48:20,546 - DEBUG - joeynmt.training - 	Tokenized reference:  ['Indi@@', 'a', 'is', 'also', 're@@', 'porte@@', 'dly', 'hop@@', 'ing', 'for', 'a', 'de@@', 'al', 'on', 'def@@', 'ence', 'c@@', 'oll@@', 'ab@@', 'or@@', 'ation', 'between', 'the', 'two', 'n@@', 'ations', '.']
2025-04-29 19:48:20,546 - DEBUG - joeynmt.training - 	Tokenized hypothesis: ['it', 'is', 'tru@@', 'e', 'that', 'it', 'is', 'a', 'con@@', 'tra@@', 'ct', 'on', 'a', 'con@@', 'tra@@', 'ct', 'to', 'def@@', 'ence', 'cooperation', 'between', 'the', 'two', 'N@@', 'ations', '.', '</s>']
2025-04-29 19:48:20,546 - INFO - joeynmt.training - 	Source:     Berichten zufolge hofft Indien darüber hinaus auf einen Vertrag zur Verteidigungszusammenarbeit zwischen den beiden Nationen .
2025-04-29 19:48:20,546 - INFO - joeynmt.training - 	Reference:  India is also reportedly hoping for a deal on defence collaboration between the two nations .
2025-04-29 19:48:20,546 - INFO - joeynmt.training - 	Hypothesis: it is true that it is a contract on a contract to defence cooperation between the two Nations .
2025-04-29 19:48:36,959 - INFO - joeynmt.training - Epoch   7, Step:    27100, Batch Loss:     1.559955, Batch Acc: 0.524744, Tokens per Sec:     5633, Lr: 0.000300
2025-04-29 19:48:53,456 - INFO - joeynmt.training - Epoch   7, Step:    27200, Batch Loss:     1.975644, Batch Acc: 0.512719, Tokens per Sec:     5607, Lr: 0.000300
2025-04-29 19:49:09,782 - INFO - joeynmt.training - Epoch   7, Step:    27300, Batch Loss:     1.736216, Batch Acc: 0.524024, Tokens per Sec:     5604, Lr: 0.000300
2025-04-29 19:49:26,302 - INFO - joeynmt.training - Epoch   7, Step:    27400, Batch Loss:     1.931669, Batch Acc: 0.523716, Tokens per Sec:     5564, Lr: 0.000300
2025-04-29 19:49:42,823 - INFO - joeynmt.training - Epoch   7, Step:    27500, Batch Loss:     1.914384, Batch Acc: 0.517155, Tokens per Sec:     5621, Lr: 0.000300
2025-04-29 19:49:42,823 - INFO - joeynmt.prediction - Predicting 500 example(s)... (Greedy decoding with min_output_length=1, max_output_length=-1, return_prob='none', generate_unk=True, repetition_penalty=-1, no_repeat_ngram_size=-1)
2025-04-29 19:50:07,641 - INFO - joeynmt.prediction - Evaluation result (greedy) loss:   2.14, ppl:   8.47, acc:   0.45, generation: 24.8148[sec], evaluation: 0.0000[sec]
2025-04-29 19:50:07,642 - INFO - joeynmt.training - Hooray! New best validation result [ppl]!
2025-04-29 19:50:07,724 - INFO - joeynmt.helpers - delete models/deen_transformer_prenorm/25500.ckpt
2025-04-29 19:50:07,724 - INFO - joeynmt.training - Example #0
2025-04-29 19:50:07,724 - DEBUG - joeynmt.training - 	Tokenized source:     ['die', 'Pre@@', 'mi@@', 'er@@', 'minist@@', 'er', 'Indi@@', 'ens', 'und', 'J@@', 'ap@@', 'ans', 'tra@@', 'fen', 'sich', 'in', 'T@@', 'ok@@', 'i@@', 'o', '.']
2025-04-29 19:50:07,724 - DEBUG - joeynmt.training - 	Tokenized reference:  ['Indi@@', 'a', 'and', 'J@@', 'ap@@', 'an', 'pri@@', 'me', 'minist@@', 'ers', 'me@@', 'et', 'in', 'T@@', 'ok@@', 'y@@', 'o']
2025-04-29 19:50:07,724 - DEBUG - joeynmt.training - 	Tokenized hypothesis: ['the', 'Pri@@', 'me', 'Minist@@', 'er', 'Indi@@', 'a', 'and', 'J@@', 'ap@@', 'an', ',', 'T@@', 'ok@@', 'i@@', 'o', '.', '</s>']
2025-04-29 19:50:07,724 - INFO - joeynmt.training - 	Source:     die Premierminister Indiens und Japans trafen sich in Tokio .
2025-04-29 19:50:07,724 - INFO - joeynmt.training - 	Reference:  India and Japan prime ministers meet in Tokyo
2025-04-29 19:50:07,724 - INFO - joeynmt.training - 	Hypothesis: the Prime Minister India and Japan , Tokio .
2025-04-29 19:50:07,724 - INFO - joeynmt.training - Example #1
2025-04-29 19:50:07,724 - DEBUG - joeynmt.training - 	Tokenized source:     ['Indi@@', 'ens', 'neu@@', 'er', 'Pre@@', 'mi@@', 'er@@', 'minist@@', 'er', 'N@@', 'ar@@', 'end@@', 'ra', 'Mo@@', 'd@@', 'i', 'tri@@', 'fft', 'bei', 's@@', 'einem', 'ersten', 'wichti@@', 'gen', 'Aus@@', 'land@@', 's@@', 'bes@@', 'u@@', 'ch', 'seit', 's@@', 'einem', 'W@@', 'ah@@', 'l@@', 'si@@', 'e@@', 'g', 'im', 'Ma@@', 'i', 'seinen', 'j@@', 'ap@@', 'an@@', 'ischen', 'Am@@', 'ts@@', 'k@@', 'olle@@', 'gen', 'S@@', 'hin@@', 'z@@', 'o', 'A@@', 'be', 'in', 'T@@', 'ok@@', 'o', ',', 'um', 'wirtschaf@@', 'tliche', 'und', 'sicher@@', 'heits@@', 'politische', 'Be@@', 'zieh@@', 'ungen', 'zu', 'bes@@', 'pre@@', 'chen', '.']
2025-04-29 19:50:07,724 - DEBUG - joeynmt.training - 	Tokenized reference:  ['Indi@@', 'a', '&apos;s', 'new', 'pri@@', 'me', 'minist@@', 'er', ',', 'N@@', 'ar@@', 'end@@', 'ra', 'Mo@@', 'd@@', 'i', ',', 'is', 'me@@', 'eting', 'his', 'J@@', 'ap@@', 'an@@', 'ese', 'coun@@', 'ter@@', 'part', ',', 'S@@', 'hin@@', 'z@@', 'o', 'A@@', 'be', ',', 'in', 'T@@', 'ok@@', 'y@@', 'o', 'to', 'disc@@', 'uss', 'economic', 'and', 'security', 'ties', ',', 'on', 'his', 'first', 'major', 'fore@@', 'ign', 'visi@@', 't', 'since', 'w@@', 'inn@@', 'ing', 'Ma@@', 'y', '&apos;s', 'elec@@', 'tion', '.']
2025-04-29 19:50:07,724 - DEBUG - joeynmt.training - 	Tokenized hypothesis: ['Indi@@', 'a', 'new', 'Pri@@', 'me', 'Minist@@', 'er', 'N@@', 'ar@@', 'end@@', 'ra', 'Mo@@', 'd@@', 'i', ',', 'the', 'first', 'important', 'ex@@', 'clu@@', 'sion', 'of', 'his', 'first', 'important', 'ex@@', 'change', 'since', 'S@@', 'hin@@', 'z@@', 'o', ',', 'his', 'first', 'important', 'role', 'in', 'Ma@@', 'y', ',', 'his', 'elec@@', 'tion', 'S@@', 'hin@@', 'z@@', 'o', ',', 'in', 'Ma@@', 'y', 'J@@', 'ap@@', 'an@@', 'ese', 'A@@', 'ff@@', 'air@@', 's', 'and', 'S@@', 'hin@@', 'z@@', 'o', ',', 'in', 'T@@', 'ok@@', 'o', ',', 'and', 'S@@', 'hin@@', 'z@@', 'o', ',', 'and', 'S@@', 'hin@@', 'z@@', 'o', ',', 'and', 'the', 're@@', 'st', 'of', 'the', 'S@@', 'h@@', 'u@@', 'be', '.', '</s>']
2025-04-29 19:50:07,725 - INFO - joeynmt.training - 	Source:     Indiens neuer Premierminister Narendra Modi trifft bei seinem ersten wichtigen Auslandsbesuch seit seinem Wahlsieg im Mai seinen japanischen Amtskollegen Shinzo Abe in Toko , um wirtschaftliche und sicherheitspolitische Beziehungen zu besprechen .
2025-04-29 19:50:07,725 - INFO - joeynmt.training - 	Reference:  India &apos;s new prime minister , Narendra Modi , is meeting his Japanese counterpart , Shinzo Abe , in Tokyo to discuss economic and security ties , on his first major foreign visit since winning May &apos;s election .
2025-04-29 19:50:07,725 - INFO - joeynmt.training - 	Hypothesis: India new Prime Minister Narendra Modi , the first important exclusion of his first important exchange since Shinzo , his first important role in May , his election Shinzo , in May Japanese Affairs and Shinzo , in Toko , and Shinzo , and Shinzo , and the rest of the Shube .
2025-04-29 19:50:07,725 - INFO - joeynmt.training - Example #2
2025-04-29 19:50:07,725 - DEBUG - joeynmt.training - 	Tokenized source:     ['Herr', 'Mo@@', 'd@@', 'i', 'befindet', 'sich', 'auf', 'einer', 'fü@@', 'n@@', 'f@@', 'tä@@', 'gi@@', 'gen', 'Rei@@', 'se', 'nach', 'J@@', 'ap@@', 'an', ',', 'um', 'die', 'wirtschaf@@', 'tlichen', 'Be@@', 'zieh@@', 'ungen', 'mit', 'der', 'd@@', 'rit@@', 't@@', 'größ@@', 'ten', 'Wirtschafts@@', 'n@@', 'ation', 'der', 'Welt', 'zu', 'fes@@', 'tigen', '.']
2025-04-29 19:50:07,725 - DEBUG - joeynmt.training - 	Tokenized reference:  ['Mr', 'Mo@@', 'd@@', 'i', 'is', 'on', 'a', 'fi@@', 've', '@@@', '-@@', '@', 'day', 'tri@@', 'p', 'to', 'J@@', 'ap@@', 'an', 'to', 'streng@@', 'then', 'economic', 'ties', 'with', 'the', 'third', 'lar@@', 'ges@@', 't', 'econom@@', 'y', 'in', 'the', 'world', '.']
2025-04-29 19:50:07,725 - DEBUG - joeynmt.training - 	Tokenized hypothesis: ['Mr', 'Mo@@', 'd@@', 'i', 'is', 'a', 'fi@@', 'f@@', 'day', 'after', 'J@@', 'ap@@', 'an', 'to', 'jo@@', 'in', 'the', 'world', '&apos;s', 'economic', 'rel@@', 'ations', 'with', 'third', 'lar@@', 'ges@@', 't', 'economic', 'rel@@', 'ations', 'with', 'the', 'third', 'lar@@', 'ges@@', 't', 'economic', 'rel@@', 'ations', '.', '</s>']
2025-04-29 19:50:07,725 - INFO - joeynmt.training - 	Source:     Herr Modi befindet sich auf einer fünftägigen Reise nach Japan , um die wirtschaftlichen Beziehungen mit der drittgrößten Wirtschaftsnation der Welt zu festigen .
2025-04-29 19:50:07,725 - INFO - joeynmt.training - 	Reference:  Mr Modi is on a five @-@ day trip to Japan to strengthen economic ties with the third largest economy in the world .
2025-04-29 19:50:07,725 - INFO - joeynmt.training - 	Hypothesis: Mr Modi is a fifday after Japan to join the world &apos;s economic relations with third largest economic relations with the third largest economic relations .
2025-04-29 19:50:07,725 - INFO - joeynmt.training - Example #3
2025-04-29 19:50:07,725 - DEBUG - joeynmt.training - 	Tokenized source:     ['P@@', 'län@@', 'e', 'für', 'eine', 'stärk@@', 'ere', 'k@@', 'ern@@', 'techn@@', 'ische', 'Zusammenarbeit', 'stehen', 'ganz', 'ob@@', 'en', 'auf', 'der', 'Tag@@', 'es@@', 'ordnung', '.']
2025-04-29 19:50:07,725 - DEBUG - joeynmt.training - 	Tokenized reference:  ['high', 'on', 'the', 'agen@@', 'da', 'are', 'pl@@', 'ans', 'for', 'gre@@', 'ater', 'nu@@', 'clear', 'c@@', 'o', '@@@', '-@@', '@', 'operation', '.']
2025-04-29 19:50:07,725 - DEBUG - joeynmt.training - 	Tokenized hypothesis: ['pl@@', 'ans', 'for', 'a', 'more', 'seri@@', 'ous', 'c@@', 'oll@@', 'ab@@', 'or@@', 'ation', '.', '</s>']
2025-04-29 19:50:07,725 - INFO - joeynmt.training - 	Source:     Pläne für eine stärkere kerntechnische Zusammenarbeit stehen ganz oben auf der Tagesordnung .
2025-04-29 19:50:07,725 - INFO - joeynmt.training - 	Reference:  high on the agenda are plans for greater nuclear co @-@ operation .
2025-04-29 19:50:07,725 - INFO - joeynmt.training - 	Hypothesis: plans for a more serious collaboration .
2025-04-29 19:50:07,725 - INFO - joeynmt.training - Example #4
2025-04-29 19:50:07,725 - DEBUG - joeynmt.training - 	Tokenized source:     ['Berich@@', 'ten', 'zu@@', 'fol@@', 'ge', 'ho@@', 'fft', 'Indi@@', 'en', 'darüber', 'hinaus', 'auf', 'einen', 'Ver@@', 'trag', 'zur', 'Ver@@', 'tei@@', 'dig@@', 'ungs@@', 'zusammen@@', 'arbeit', 'zwischen', 'den', 'beiden', 'N@@', 'ationen', '.']
2025-04-29 19:50:07,725 - DEBUG - joeynmt.training - 	Tokenized reference:  ['Indi@@', 'a', 'is', 'also', 're@@', 'porte@@', 'dly', 'hop@@', 'ing', 'for', 'a', 'de@@', 'al', 'on', 'def@@', 'ence', 'c@@', 'oll@@', 'ab@@', 'or@@', 'ation', 'between', 'the', 'two', 'n@@', 'ations', '.']
2025-04-29 19:50:07,725 - DEBUG - joeynmt.training - 	Tokenized hypothesis: ['it', 'is', 'also', 'a', 'high', 'de@@', 'gre@@', 'e', 'of', 'de@@', 'bt', 'on', 'a', 'con@@', 'tra@@', 'ct', ',', 'to', 'the', 'def@@', 'ence', 'cooperation', 'between', 'the', 'two', 'N@@', 'ations', '.', '</s>']
2025-04-29 19:50:07,725 - INFO - joeynmt.training - 	Source:     Berichten zufolge hofft Indien darüber hinaus auf einen Vertrag zur Verteidigungszusammenarbeit zwischen den beiden Nationen .
2025-04-29 19:50:07,725 - INFO - joeynmt.training - 	Reference:  India is also reportedly hoping for a deal on defence collaboration between the two nations .
2025-04-29 19:50:07,725 - INFO - joeynmt.training - 	Hypothesis: it is also a high degree of debt on a contract , to the defence cooperation between the two Nations .
2025-04-29 19:50:24,215 - INFO - joeynmt.training - Epoch   7, Step:    27600, Batch Loss:     1.810848, Batch Acc: 0.527189, Tokens per Sec:     5542, Lr: 0.000300
2025-04-29 19:50:40,799 - INFO - joeynmt.training - Epoch   7, Step:    27700, Batch Loss:     1.737221, Batch Acc: 0.526824, Tokens per Sec:     5519, Lr: 0.000300
2025-04-29 19:50:57,287 - INFO - joeynmt.training - Epoch   7, Step:    27800, Batch Loss:     2.092952, Batch Acc: 0.517198, Tokens per Sec:     5597, Lr: 0.000300
2025-04-29 19:51:13,660 - INFO - joeynmt.training - Epoch   7, Step:    27900, Batch Loss:     1.795057, Batch Acc: 0.523333, Tokens per Sec:     5625, Lr: 0.000300
2025-04-29 19:51:30,030 - INFO - joeynmt.training - Epoch   7, Step:    28000, Batch Loss:     1.823626, Batch Acc: 0.520624, Tokens per Sec:     5579, Lr: 0.000300
2025-04-29 19:51:30,031 - INFO - joeynmt.prediction - Predicting 500 example(s)... (Greedy decoding with min_output_length=1, max_output_length=-1, return_prob='none', generate_unk=True, repetition_penalty=-1, no_repeat_ngram_size=-1)
2025-04-29 19:51:54,304 - INFO - joeynmt.prediction - Evaluation result (greedy) loss:   2.13, ppl:   8.38, acc:   0.45, generation: 24.2693[sec], evaluation: 0.0000[sec]
2025-04-29 19:51:54,305 - INFO - joeynmt.training - Hooray! New best validation result [ppl]!
2025-04-29 19:51:54,384 - INFO - joeynmt.helpers - delete models/deen_transformer_prenorm/24500.ckpt
2025-04-29 19:51:54,397 - INFO - joeynmt.training - Example #0
2025-04-29 19:51:54,397 - DEBUG - joeynmt.training - 	Tokenized source:     ['die', 'Pre@@', 'mi@@', 'er@@', 'minist@@', 'er', 'Indi@@', 'ens', 'und', 'J@@', 'ap@@', 'ans', 'tra@@', 'fen', 'sich', 'in', 'T@@', 'ok@@', 'i@@', 'o', '.']
2025-04-29 19:51:54,397 - DEBUG - joeynmt.training - 	Tokenized reference:  ['Indi@@', 'a', 'and', 'J@@', 'ap@@', 'an', 'pri@@', 'me', 'minist@@', 'ers', 'me@@', 'et', 'in', 'T@@', 'ok@@', 'y@@', 'o']
2025-04-29 19:51:54,397 - DEBUG - joeynmt.training - 	Tokenized hypothesis: ['the', 'Pri@@', 'me', 'Minist@@', 'er', 'Indi@@', 'a', 'and', 'J@@', 'ap@@', 'an', ',', 'in', 'T@@', 'ok@@', 'i@@', 'o', '.', '</s>']
2025-04-29 19:51:54,397 - INFO - joeynmt.training - 	Source:     die Premierminister Indiens und Japans trafen sich in Tokio .
2025-04-29 19:51:54,397 - INFO - joeynmt.training - 	Reference:  India and Japan prime ministers meet in Tokyo
2025-04-29 19:51:54,397 - INFO - joeynmt.training - 	Hypothesis: the Prime Minister India and Japan , in Tokio .
2025-04-29 19:51:54,397 - INFO - joeynmt.training - Example #1
2025-04-29 19:51:54,397 - DEBUG - joeynmt.training - 	Tokenized source:     ['Indi@@', 'ens', 'neu@@', 'er', 'Pre@@', 'mi@@', 'er@@', 'minist@@', 'er', 'N@@', 'ar@@', 'end@@', 'ra', 'Mo@@', 'd@@', 'i', 'tri@@', 'fft', 'bei', 's@@', 'einem', 'ersten', 'wichti@@', 'gen', 'Aus@@', 'land@@', 's@@', 'bes@@', 'u@@', 'ch', 'seit', 's@@', 'einem', 'W@@', 'ah@@', 'l@@', 'si@@', 'e@@', 'g', 'im', 'Ma@@', 'i', 'seinen', 'j@@', 'ap@@', 'an@@', 'ischen', 'Am@@', 'ts@@', 'k@@', 'olle@@', 'gen', 'S@@', 'hin@@', 'z@@', 'o', 'A@@', 'be', 'in', 'T@@', 'ok@@', 'o', ',', 'um', 'wirtschaf@@', 'tliche', 'und', 'sicher@@', 'heits@@', 'politische', 'Be@@', 'zieh@@', 'ungen', 'zu', 'bes@@', 'pre@@', 'chen', '.']
2025-04-29 19:51:54,397 - DEBUG - joeynmt.training - 	Tokenized reference:  ['Indi@@', 'a', '&apos;s', 'new', 'pri@@', 'me', 'minist@@', 'er', ',', 'N@@', 'ar@@', 'end@@', 'ra', 'Mo@@', 'd@@', 'i', ',', 'is', 'me@@', 'eting', 'his', 'J@@', 'ap@@', 'an@@', 'ese', 'coun@@', 'ter@@', 'part', ',', 'S@@', 'hin@@', 'z@@', 'o', 'A@@', 'be', ',', 'in', 'T@@', 'ok@@', 'y@@', 'o', 'to', 'disc@@', 'uss', 'economic', 'and', 'security', 'ties', ',', 'on', 'his', 'first', 'major', 'fore@@', 'ign', 'visi@@', 't', 'since', 'w@@', 'inn@@', 'ing', 'Ma@@', 'y', '&apos;s', 'elec@@', 'tion', '.']
2025-04-29 19:51:54,397 - DEBUG - joeynmt.training - 	Tokenized hypothesis: ['Indi@@', 'a', 'new', 'Pri@@', 'me', 'Minist@@', 'er', 'N@@', 'ar@@', 'end@@', 'ra', 'Mo@@', 'd@@', 'i', ',', 'the', 'first', 'important', 'ex@@', 'ec@@', 'u@@', 'tive', ',', 'has', 'been', 're@@', 'ach@@', 'ed', 'in', 'Ma@@', 'y', ',', 'his', 'first', 'important', 'years', 'since', 'S@@', 'hin@@', 'z@@', 'o', ',', 'in', 'Ma@@', 'y', ',', 'in', 'Ma@@', 'y', ',', 'in', 'Ma@@', 'y', ',', 'to', 'his', 'own', 'elec@@', 'tions', '.', '</s>']
2025-04-29 19:51:54,397 - INFO - joeynmt.training - 	Source:     Indiens neuer Premierminister Narendra Modi trifft bei seinem ersten wichtigen Auslandsbesuch seit seinem Wahlsieg im Mai seinen japanischen Amtskollegen Shinzo Abe in Toko , um wirtschaftliche und sicherheitspolitische Beziehungen zu besprechen .
2025-04-29 19:51:54,397 - INFO - joeynmt.training - 	Reference:  India &apos;s new prime minister , Narendra Modi , is meeting his Japanese counterpart , Shinzo Abe , in Tokyo to discuss economic and security ties , on his first major foreign visit since winning May &apos;s election .
2025-04-29 19:51:54,397 - INFO - joeynmt.training - 	Hypothesis: India new Prime Minister Narendra Modi , the first important executive , has been reached in May , his first important years since Shinzo , in May , in May , in May , to his own elections .
2025-04-29 19:51:54,397 - INFO - joeynmt.training - Example #2
2025-04-29 19:51:54,397 - DEBUG - joeynmt.training - 	Tokenized source:     ['Herr', 'Mo@@', 'd@@', 'i', 'befindet', 'sich', 'auf', 'einer', 'fü@@', 'n@@', 'f@@', 'tä@@', 'gi@@', 'gen', 'Rei@@', 'se', 'nach', 'J@@', 'ap@@', 'an', ',', 'um', 'die', 'wirtschaf@@', 'tlichen', 'Be@@', 'zieh@@', 'ungen', 'mit', 'der', 'd@@', 'rit@@', 't@@', 'größ@@', 'ten', 'Wirtschafts@@', 'n@@', 'ation', 'der', 'Welt', 'zu', 'fes@@', 'tigen', '.']
2025-04-29 19:51:54,397 - DEBUG - joeynmt.training - 	Tokenized reference:  ['Mr', 'Mo@@', 'd@@', 'i', 'is', 'on', 'a', 'fi@@', 've', '@@@', '-@@', '@', 'day', 'tri@@', 'p', 'to', 'J@@', 'ap@@', 'an', 'to', 'streng@@', 'then', 'economic', 'ties', 'with', 'the', 'third', 'lar@@', 'ges@@', 't', 'econom@@', 'y', 'in', 'the', 'world', '.']
2025-04-29 19:51:54,397 - DEBUG - joeynmt.training - 	Tokenized hypothesis: ['Mr', 'Mo@@', 'd@@', 'i', 'is', 'on', 'a', 'fi@@', 've', 'tra@@', 'v@@', 'ell@@', 'ing', 'to', 'J@@', 'ap@@', 'an', 'to', 'the', 'economic', 'rel@@', 'ations', 'with', 'the', 'third', 'lar@@', 'ges@@', 't', 'economic', 'rel@@', 'ations', 'of', 'the', 'world', '.', '</s>']
2025-04-29 19:51:54,397 - INFO - joeynmt.training - 	Source:     Herr Modi befindet sich auf einer fünftägigen Reise nach Japan , um die wirtschaftlichen Beziehungen mit der drittgrößten Wirtschaftsnation der Welt zu festigen .
2025-04-29 19:51:54,397 - INFO - joeynmt.training - 	Reference:  Mr Modi is on a five @-@ day trip to Japan to strengthen economic ties with the third largest economy in the world .
2025-04-29 19:51:54,397 - INFO - joeynmt.training - 	Hypothesis: Mr Modi is on a five travelling to Japan to the economic relations with the third largest economic relations of the world .
2025-04-29 19:51:54,397 - INFO - joeynmt.training - Example #3
2025-04-29 19:51:54,398 - DEBUG - joeynmt.training - 	Tokenized source:     ['P@@', 'län@@', 'e', 'für', 'eine', 'stärk@@', 'ere', 'k@@', 'ern@@', 'techn@@', 'ische', 'Zusammenarbeit', 'stehen', 'ganz', 'ob@@', 'en', 'auf', 'der', 'Tag@@', 'es@@', 'ordnung', '.']
2025-04-29 19:51:54,398 - DEBUG - joeynmt.training - 	Tokenized reference:  ['high', 'on', 'the', 'agen@@', 'da', 'are', 'pl@@', 'ans', 'for', 'gre@@', 'ater', 'nu@@', 'clear', 'c@@', 'o', '@@@', '-@@', '@', 'operation', '.']
2025-04-29 19:51:54,398 - DEBUG - joeynmt.training - 	Tokenized hypothesis: ['pl@@', 'ans', 'for', 'more', 'effective', 'cooperation', ',', 'the', 'e@@', 'ven@@', 'ing', 'of', 'the', 'agen@@', 'da', '.', '</s>']
2025-04-29 19:51:54,398 - INFO - joeynmt.training - 	Source:     Pläne für eine stärkere kerntechnische Zusammenarbeit stehen ganz oben auf der Tagesordnung .
2025-04-29 19:51:54,398 - INFO - joeynmt.training - 	Reference:  high on the agenda are plans for greater nuclear co @-@ operation .
2025-04-29 19:51:54,398 - INFO - joeynmt.training - 	Hypothesis: plans for more effective cooperation , the evening of the agenda .
2025-04-29 19:51:54,398 - INFO - joeynmt.training - Example #4
2025-04-29 19:51:54,398 - DEBUG - joeynmt.training - 	Tokenized source:     ['Berich@@', 'ten', 'zu@@', 'fol@@', 'ge', 'ho@@', 'fft', 'Indi@@', 'en', 'darüber', 'hinaus', 'auf', 'einen', 'Ver@@', 'trag', 'zur', 'Ver@@', 'tei@@', 'dig@@', 'ungs@@', 'zusammen@@', 'arbeit', 'zwischen', 'den', 'beiden', 'N@@', 'ationen', '.']
2025-04-29 19:51:54,398 - DEBUG - joeynmt.training - 	Tokenized reference:  ['Indi@@', 'a', 'is', 'also', 're@@', 'porte@@', 'dly', 'hop@@', 'ing', 'for', 'a', 'de@@', 'al', 'on', 'def@@', 'ence', 'c@@', 'oll@@', 'ab@@', 'or@@', 'ation', 'between', 'the', 'two', 'n@@', 'ations', '.']
2025-04-29 19:51:54,398 - DEBUG - joeynmt.training - 	Tokenized hypothesis: ['it', 'is', 'also', 'tru@@', 'e', 'that', 'Indi@@', 'a', '&apos;s', 're@@', 'ports', 'on', 'a', 'tre@@', 'aty', 'on', 'the', 'def@@', 'ence', 'cooperation', 'between', 'the', 'two', 'N@@', 'ations', '.', '</s>']
2025-04-29 19:51:54,398 - INFO - joeynmt.training - 	Source:     Berichten zufolge hofft Indien darüber hinaus auf einen Vertrag zur Verteidigungszusammenarbeit zwischen den beiden Nationen .
2025-04-29 19:51:54,398 - INFO - joeynmt.training - 	Reference:  India is also reportedly hoping for a deal on defence collaboration between the two nations .
2025-04-29 19:51:54,398 - INFO - joeynmt.training - 	Hypothesis: it is also true that India &apos;s reports on a treaty on the defence cooperation between the two Nations .
2025-04-29 19:52:10,935 - INFO - joeynmt.training - Epoch   7, Step:    28100, Batch Loss:     1.684335, Batch Acc: 0.518038, Tokens per Sec:     5529, Lr: 0.000300
2025-04-29 19:52:27,394 - INFO - joeynmt.training - Epoch   7, Step:    28200, Batch Loss:     1.830956, Batch Acc: 0.524817, Tokens per Sec:     5625, Lr: 0.000300
2025-04-29 19:52:43,769 - INFO - joeynmt.training - Epoch   7, Step:    28300, Batch Loss:     1.802534, Batch Acc: 0.526289, Tokens per Sec:     5624, Lr: 0.000300
2025-04-29 19:53:00,162 - INFO - joeynmt.training - Epoch   7, Step:    28400, Batch Loss:     1.752575, Batch Acc: 0.518361, Tokens per Sec:     5663, Lr: 0.000300
2025-04-29 19:53:09,706 - INFO - joeynmt.training - Epoch   7: total training loss 7101.80
2025-04-29 19:53:09,706 - INFO - joeynmt.training - EPOCH 8
2025-04-29 19:53:16,537 - INFO - joeynmt.training - Epoch   8, Step:    28500, Batch Loss:     1.814069, Batch Acc: 0.538612, Tokens per Sec:     5467, Lr: 0.000300
2025-04-29 19:53:16,537 - INFO - joeynmt.prediction - Predicting 500 example(s)... (Greedy decoding with min_output_length=1, max_output_length=-1, return_prob='none', generate_unk=True, repetition_penalty=-1, no_repeat_ngram_size=-1)
2025-04-29 19:53:42,208 - INFO - joeynmt.prediction - Evaluation result (greedy) loss:   2.12, ppl:   8.35, acc:   0.46, generation: 25.6670[sec], evaluation: 0.0000[sec]
2025-04-29 19:53:42,209 - INFO - joeynmt.training - Hooray! New best validation result [ppl]!
2025-04-29 19:53:42,294 - INFO - joeynmt.helpers - delete models/deen_transformer_prenorm/26000.ckpt
2025-04-29 19:53:42,294 - INFO - joeynmt.training - Example #0
2025-04-29 19:53:42,295 - DEBUG - joeynmt.training - 	Tokenized source:     ['die', 'Pre@@', 'mi@@', 'er@@', 'minist@@', 'er', 'Indi@@', 'ens', 'und', 'J@@', 'ap@@', 'ans', 'tra@@', 'fen', 'sich', 'in', 'T@@', 'ok@@', 'i@@', 'o', '.']
2025-04-29 19:53:42,295 - DEBUG - joeynmt.training - 	Tokenized reference:  ['Indi@@', 'a', 'and', 'J@@', 'ap@@', 'an', 'pri@@', 'me', 'minist@@', 'ers', 'me@@', 'et', 'in', 'T@@', 'ok@@', 'y@@', 'o']
2025-04-29 19:53:42,295 - DEBUG - joeynmt.training - 	Tokenized hypothesis: ['the', 'Pri@@', 'me', 'Minist@@', 'er', 'of', 'Indi@@', 'a', 'and', 'J@@', 'ap@@', 'an', ',', 'the', 'pri@@', 'me', 'minist@@', 'er', '.', '</s>']
2025-04-29 19:53:42,295 - INFO - joeynmt.training - 	Source:     die Premierminister Indiens und Japans trafen sich in Tokio .
2025-04-29 19:53:42,295 - INFO - joeynmt.training - 	Reference:  India and Japan prime ministers meet in Tokyo
2025-04-29 19:53:42,295 - INFO - joeynmt.training - 	Hypothesis: the Prime Minister of India and Japan , the prime minister .
2025-04-29 19:53:42,295 - INFO - joeynmt.training - Example #1
2025-04-29 19:53:42,295 - DEBUG - joeynmt.training - 	Tokenized source:     ['Indi@@', 'ens', 'neu@@', 'er', 'Pre@@', 'mi@@', 'er@@', 'minist@@', 'er', 'N@@', 'ar@@', 'end@@', 'ra', 'Mo@@', 'd@@', 'i', 'tri@@', 'fft', 'bei', 's@@', 'einem', 'ersten', 'wichti@@', 'gen', 'Aus@@', 'land@@', 's@@', 'bes@@', 'u@@', 'ch', 'seit', 's@@', 'einem', 'W@@', 'ah@@', 'l@@', 'si@@', 'e@@', 'g', 'im', 'Ma@@', 'i', 'seinen', 'j@@', 'ap@@', 'an@@', 'ischen', 'Am@@', 'ts@@', 'k@@', 'olle@@', 'gen', 'S@@', 'hin@@', 'z@@', 'o', 'A@@', 'be', 'in', 'T@@', 'ok@@', 'o', ',', 'um', 'wirtschaf@@', 'tliche', 'und', 'sicher@@', 'heits@@', 'politische', 'Be@@', 'zieh@@', 'ungen', 'zu', 'bes@@', 'pre@@', 'chen', '.']
2025-04-29 19:53:42,295 - DEBUG - joeynmt.training - 	Tokenized reference:  ['Indi@@', 'a', '&apos;s', 'new', 'pri@@', 'me', 'minist@@', 'er', ',', 'N@@', 'ar@@', 'end@@', 'ra', 'Mo@@', 'd@@', 'i', ',', 'is', 'me@@', 'eting', 'his', 'J@@', 'ap@@', 'an@@', 'ese', 'coun@@', 'ter@@', 'part', ',', 'S@@', 'hin@@', 'z@@', 'o', 'A@@', 'be', ',', 'in', 'T@@', 'ok@@', 'y@@', 'o', 'to', 'disc@@', 'uss', 'economic', 'and', 'security', 'ties', ',', 'on', 'his', 'first', 'major', 'fore@@', 'ign', 'visi@@', 't', 'since', 'w@@', 'inn@@', 'ing', 'Ma@@', 'y', '&apos;s', 'elec@@', 'tion', '.']
2025-04-29 19:53:42,295 - DEBUG - joeynmt.training - 	Tokenized hypothesis: ['Indi@@', 'a', '&apos;s', 'lat@@', 'ter', 'Pri@@', 'me', 'Minist@@', 'er', 'N@@', 'ar@@', 'end@@', 'ra', 'Mo@@', 'd@@', 'i', ',', 'was', 'the', 'first', 'important', 'ex@@', 't@@', 'ent', 'since', 'his', 'first', 'important', 'ex@@', 't@@', 'ent', 'since', 'his', 'J@@', 'ap@@', 'an@@', 'ese', 'Am@@', 'ts@@', 'k@@', 'ir@@', 'ts', ',', 'in', 'Ma@@', 'y', ',', 'his', 'J@@', 'ap@@', 'an@@', 'ese', 'Am@@', 'ts@@', 'k@@', 'o', ',', 'to', 'pre@@', 'v@@', 'ent', 'economic', 'and', 'saf@@', 'ety', 'policy', 'rel@@', 'ations', '.', '</s>']
2025-04-29 19:53:42,295 - INFO - joeynmt.training - 	Source:     Indiens neuer Premierminister Narendra Modi trifft bei seinem ersten wichtigen Auslandsbesuch seit seinem Wahlsieg im Mai seinen japanischen Amtskollegen Shinzo Abe in Toko , um wirtschaftliche und sicherheitspolitische Beziehungen zu besprechen .
2025-04-29 19:53:42,295 - INFO - joeynmt.training - 	Reference:  India &apos;s new prime minister , Narendra Modi , is meeting his Japanese counterpart , Shinzo Abe , in Tokyo to discuss economic and security ties , on his first major foreign visit since winning May &apos;s election .
2025-04-29 19:53:42,295 - INFO - joeynmt.training - 	Hypothesis: India &apos;s latter Prime Minister Narendra Modi , was the first important extent since his first important extent since his Japanese Amtskirts , in May , his Japanese Amtsko , to prevent economic and safety policy relations .
2025-04-29 19:53:42,295 - INFO - joeynmt.training - Example #2
2025-04-29 19:53:42,295 - DEBUG - joeynmt.training - 	Tokenized source:     ['Herr', 'Mo@@', 'd@@', 'i', 'befindet', 'sich', 'auf', 'einer', 'fü@@', 'n@@', 'f@@', 'tä@@', 'gi@@', 'gen', 'Rei@@', 'se', 'nach', 'J@@', 'ap@@', 'an', ',', 'um', 'die', 'wirtschaf@@', 'tlichen', 'Be@@', 'zieh@@', 'ungen', 'mit', 'der', 'd@@', 'rit@@', 't@@', 'größ@@', 'ten', 'Wirtschafts@@', 'n@@', 'ation', 'der', 'Welt', 'zu', 'fes@@', 'tigen', '.']
2025-04-29 19:53:42,295 - DEBUG - joeynmt.training - 	Tokenized reference:  ['Mr', 'Mo@@', 'd@@', 'i', 'is', 'on', 'a', 'fi@@', 've', '@@@', '-@@', '@', 'day', 'tri@@', 'p', 'to', 'J@@', 'ap@@', 'an', 'to', 'streng@@', 'then', 'economic', 'ties', 'with', 'the', 'third', 'lar@@', 'ges@@', 't', 'econom@@', 'y', 'in', 'the', 'world', '.']
2025-04-29 19:53:42,295 - DEBUG - joeynmt.training - 	Tokenized hypothesis: ['Mr', 'Mo@@', 'd@@', 'i', 'is', 'located', 'on', 'a', 'fi@@', 'f@@', 'ty', 'tra@@', 'v@@', 'el', 'to', 'J@@', 'ap@@', 'an', 'to', 'the', 'economic', 'rel@@', 'ations', 'with', 'the', 'third', 'lar@@', 'ges@@', 't', 'economic', 'rel@@', 'ations', 'with', 'the', 'third', 'lar@@', 'ges@@', 't', 'economic', 'ne@@', 'w@@', 'ly', '.', '</s>']
2025-04-29 19:53:42,295 - INFO - joeynmt.training - 	Source:     Herr Modi befindet sich auf einer fünftägigen Reise nach Japan , um die wirtschaftlichen Beziehungen mit der drittgrößten Wirtschaftsnation der Welt zu festigen .
2025-04-29 19:53:42,295 - INFO - joeynmt.training - 	Reference:  Mr Modi is on a five @-@ day trip to Japan to strengthen economic ties with the third largest economy in the world .
2025-04-29 19:53:42,295 - INFO - joeynmt.training - 	Hypothesis: Mr Modi is located on a fifty travel to Japan to the economic relations with the third largest economic relations with the third largest economic newly .
2025-04-29 19:53:42,295 - INFO - joeynmt.training - Example #3
2025-04-29 19:53:42,295 - DEBUG - joeynmt.training - 	Tokenized source:     ['P@@', 'län@@', 'e', 'für', 'eine', 'stärk@@', 'ere', 'k@@', 'ern@@', 'techn@@', 'ische', 'Zusammenarbeit', 'stehen', 'ganz', 'ob@@', 'en', 'auf', 'der', 'Tag@@', 'es@@', 'ordnung', '.']
2025-04-29 19:53:42,295 - DEBUG - joeynmt.training - 	Tokenized reference:  ['high', 'on', 'the', 'agen@@', 'da', 'are', 'pl@@', 'ans', 'for', 'gre@@', 'ater', 'nu@@', 'clear', 'c@@', 'o', '@@@', '-@@', '@', 'operation', '.']
2025-04-29 19:53:42,295 - DEBUG - joeynmt.training - 	Tokenized hypothesis: ['pl@@', 'ans', 'for', 'gre@@', 'ater', 'seri@@', 'ous', 'cooperation', 'is', 'based', 'on', 'the', 'agen@@', 'da', '.', '</s>']
2025-04-29 19:53:42,295 - INFO - joeynmt.training - 	Source:     Pläne für eine stärkere kerntechnische Zusammenarbeit stehen ganz oben auf der Tagesordnung .
2025-04-29 19:53:42,295 - INFO - joeynmt.training - 	Reference:  high on the agenda are plans for greater nuclear co @-@ operation .
2025-04-29 19:53:42,295 - INFO - joeynmt.training - 	Hypothesis: plans for greater serious cooperation is based on the agenda .
2025-04-29 19:53:42,295 - INFO - joeynmt.training - Example #4
2025-04-29 19:53:42,295 - DEBUG - joeynmt.training - 	Tokenized source:     ['Berich@@', 'ten', 'zu@@', 'fol@@', 'ge', 'ho@@', 'fft', 'Indi@@', 'en', 'darüber', 'hinaus', 'auf', 'einen', 'Ver@@', 'trag', 'zur', 'Ver@@', 'tei@@', 'dig@@', 'ungs@@', 'zusammen@@', 'arbeit', 'zwischen', 'den', 'beiden', 'N@@', 'ationen', '.']
2025-04-29 19:53:42,295 - DEBUG - joeynmt.training - 	Tokenized reference:  ['Indi@@', 'a', 'is', 'also', 're@@', 'porte@@', 'dly', 'hop@@', 'ing', 'for', 'a', 'de@@', 'al', 'on', 'def@@', 'ence', 'c@@', 'oll@@', 'ab@@', 'or@@', 'ation', 'between', 'the', 'two', 'n@@', 'ations', '.']
2025-04-29 19:53:42,296 - DEBUG - joeynmt.training - 	Tokenized hypothesis: ['the', 're@@', 'ports', 'are', 'also', 'high', ',', 'Indi@@', 'a', ',', 'which', 'is', 'a', 'con@@', 'tra@@', 'ct', 'on', 'the', 'part', 'of', 'the', 'two', 'n@@', 'ations', '.', '</s>']
2025-04-29 19:53:42,296 - INFO - joeynmt.training - 	Source:     Berichten zufolge hofft Indien darüber hinaus auf einen Vertrag zur Verteidigungszusammenarbeit zwischen den beiden Nationen .
2025-04-29 19:53:42,296 - INFO - joeynmt.training - 	Reference:  India is also reportedly hoping for a deal on defence collaboration between the two nations .
2025-04-29 19:53:42,296 - INFO - joeynmt.training - 	Hypothesis: the reports are also high , India , which is a contract on the part of the two nations .
2025-04-29 19:53:58,728 - INFO - joeynmt.training - Epoch   8, Step:    28600, Batch Loss:     1.856468, Batch Acc: 0.550624, Tokens per Sec:     5527, Lr: 0.000300
2025-04-29 19:54:15,217 - INFO - joeynmt.training - Epoch   8, Step:    28700, Batch Loss:     1.547670, Batch Acc: 0.536831, Tokens per Sec:     5595, Lr: 0.000300
2025-04-29 19:54:31,655 - INFO - joeynmt.training - Epoch   8, Step:    28800, Batch Loss:     1.371090, Batch Acc: 0.544027, Tokens per Sec:     5605, Lr: 0.000300
2025-04-29 19:54:48,078 - INFO - joeynmt.training - Epoch   8, Step:    28900, Batch Loss:     1.926057, Batch Acc: 0.540700, Tokens per Sec:     5722, Lr: 0.000300
2025-04-29 19:55:04,458 - INFO - joeynmt.training - Epoch   8, Step:    29000, Batch Loss:     1.654321, Batch Acc: 0.536003, Tokens per Sec:     5623, Lr: 0.000300
2025-04-29 19:55:04,458 - INFO - joeynmt.prediction - Predicting 500 example(s)... (Greedy decoding with min_output_length=1, max_output_length=-1, return_prob='none', generate_unk=True, repetition_penalty=-1, no_repeat_ngram_size=-1)
2025-04-29 19:55:31,516 - INFO - joeynmt.prediction - Evaluation result (greedy) loss:   2.12, ppl:   8.37, acc:   0.45, generation: 27.0548[sec], evaluation: 0.0000[sec]
2025-04-29 19:55:31,603 - INFO - joeynmt.helpers - delete models/deen_transformer_prenorm/26500.ckpt
2025-04-29 19:55:31,615 - INFO - joeynmt.training - Example #0
2025-04-29 19:55:31,615 - DEBUG - joeynmt.training - 	Tokenized source:     ['die', 'Pre@@', 'mi@@', 'er@@', 'minist@@', 'er', 'Indi@@', 'ens', 'und', 'J@@', 'ap@@', 'ans', 'tra@@', 'fen', 'sich', 'in', 'T@@', 'ok@@', 'i@@', 'o', '.']
2025-04-29 19:55:31,615 - DEBUG - joeynmt.training - 	Tokenized reference:  ['Indi@@', 'a', 'and', 'J@@', 'ap@@', 'an', 'pri@@', 'me', 'minist@@', 'ers', 'me@@', 'et', 'in', 'T@@', 'ok@@', 'y@@', 'o']
2025-04-29 19:55:31,615 - DEBUG - joeynmt.training - 	Tokenized hypothesis: ['the', 'Pri@@', 'me', 'Minist@@', 'er', 'of', 'Indi@@', 'a', 'and', 'J@@', 'ap@@', 'an', ',', 'in', 'T@@', 'ok@@', 'i@@', 'o', '.', '</s>']
2025-04-29 19:55:31,615 - INFO - joeynmt.training - 	Source:     die Premierminister Indiens und Japans trafen sich in Tokio .
2025-04-29 19:55:31,615 - INFO - joeynmt.training - 	Reference:  India and Japan prime ministers meet in Tokyo
2025-04-29 19:55:31,615 - INFO - joeynmt.training - 	Hypothesis: the Prime Minister of India and Japan , in Tokio .
2025-04-29 19:55:31,615 - INFO - joeynmt.training - Example #1
2025-04-29 19:55:31,615 - DEBUG - joeynmt.training - 	Tokenized source:     ['Indi@@', 'ens', 'neu@@', 'er', 'Pre@@', 'mi@@', 'er@@', 'minist@@', 'er', 'N@@', 'ar@@', 'end@@', 'ra', 'Mo@@', 'd@@', 'i', 'tri@@', 'fft', 'bei', 's@@', 'einem', 'ersten', 'wichti@@', 'gen', 'Aus@@', 'land@@', 's@@', 'bes@@', 'u@@', 'ch', 'seit', 's@@', 'einem', 'W@@', 'ah@@', 'l@@', 'si@@', 'e@@', 'g', 'im', 'Ma@@', 'i', 'seinen', 'j@@', 'ap@@', 'an@@', 'ischen', 'Am@@', 'ts@@', 'k@@', 'olle@@', 'gen', 'S@@', 'hin@@', 'z@@', 'o', 'A@@', 'be', 'in', 'T@@', 'ok@@', 'o', ',', 'um', 'wirtschaf@@', 'tliche', 'und', 'sicher@@', 'heits@@', 'politische', 'Be@@', 'zieh@@', 'ungen', 'zu', 'bes@@', 'pre@@', 'chen', '.']
2025-04-29 19:55:31,615 - DEBUG - joeynmt.training - 	Tokenized reference:  ['Indi@@', 'a', '&apos;s', 'new', 'pri@@', 'me', 'minist@@', 'er', ',', 'N@@', 'ar@@', 'end@@', 'ra', 'Mo@@', 'd@@', 'i', ',', 'is', 'me@@', 'eting', 'his', 'J@@', 'ap@@', 'an@@', 'ese', 'coun@@', 'ter@@', 'part', ',', 'S@@', 'hin@@', 'z@@', 'o', 'A@@', 'be', ',', 'in', 'T@@', 'ok@@', 'y@@', 'o', 'to', 'disc@@', 'uss', 'economic', 'and', 'security', 'ties', ',', 'on', 'his', 'first', 'major', 'fore@@', 'ign', 'visi@@', 't', 'since', 'w@@', 'inn@@', 'ing', 'Ma@@', 'y', '&apos;s', 'elec@@', 'tion', '.']
2025-04-29 19:55:31,615 - DEBUG - joeynmt.training - 	Tokenized hypothesis: ['Indi@@', 'a', '&apos;s', 'new', 'Pri@@', 'me', 'Minist@@', 'er', 'N@@', 'ar@@', 'end@@', 'ra', 'Mo@@', 'd@@', 'i', '&apos;s', 'first', 'important', 'ex@@', 'tern@@', 'al', 'visi@@', 'tors', ',', 'his', 'first', 'important', 'ex@@', 'tern@@', 'al', 'c@@', 'are', 'in', 'Ma@@', 'y', 'his', 'J@@', 'ap@@', 'an@@', 'ese', 'colle@@', 'c@@', 'ts', 'of', 'S@@', 'hin@@', 'z@@', 'o', ',', 'in', 'T@@', 'ok@@', 'o', ',', 'to', 'pro@@', 'duce', 'economic', 'and', 'saf@@', 'ety', 'rel@@', 'ations', '.', '</s>']
2025-04-29 19:55:31,615 - INFO - joeynmt.training - 	Source:     Indiens neuer Premierminister Narendra Modi trifft bei seinem ersten wichtigen Auslandsbesuch seit seinem Wahlsieg im Mai seinen japanischen Amtskollegen Shinzo Abe in Toko , um wirtschaftliche und sicherheitspolitische Beziehungen zu besprechen .
2025-04-29 19:55:31,615 - INFO - joeynmt.training - 	Reference:  India &apos;s new prime minister , Narendra Modi , is meeting his Japanese counterpart , Shinzo Abe , in Tokyo to discuss economic and security ties , on his first major foreign visit since winning May &apos;s election .
2025-04-29 19:55:31,615 - INFO - joeynmt.training - 	Hypothesis: India &apos;s new Prime Minister Narendra Modi &apos;s first important external visitors , his first important external care in May his Japanese collects of Shinzo , in Toko , to produce economic and safety relations .
2025-04-29 19:55:31,615 - INFO - joeynmt.training - Example #2
2025-04-29 19:55:31,615 - DEBUG - joeynmt.training - 	Tokenized source:     ['Herr', 'Mo@@', 'd@@', 'i', 'befindet', 'sich', 'auf', 'einer', 'fü@@', 'n@@', 'f@@', 'tä@@', 'gi@@', 'gen', 'Rei@@', 'se', 'nach', 'J@@', 'ap@@', 'an', ',', 'um', 'die', 'wirtschaf@@', 'tlichen', 'Be@@', 'zieh@@', 'ungen', 'mit', 'der', 'd@@', 'rit@@', 't@@', 'größ@@', 'ten', 'Wirtschafts@@', 'n@@', 'ation', 'der', 'Welt', 'zu', 'fes@@', 'tigen', '.']
2025-04-29 19:55:31,615 - DEBUG - joeynmt.training - 	Tokenized reference:  ['Mr', 'Mo@@', 'd@@', 'i', 'is', 'on', 'a', 'fi@@', 've', '@@@', '-@@', '@', 'day', 'tri@@', 'p', 'to', 'J@@', 'ap@@', 'an', 'to', 'streng@@', 'then', 'economic', 'ties', 'with', 'the', 'third', 'lar@@', 'ges@@', 't', 'econom@@', 'y', 'in', 'the', 'world', '.']
2025-04-29 19:55:31,615 - DEBUG - joeynmt.training - 	Tokenized hypothesis: ['Mr', 'Mo@@', 'd@@', 'i', 'is', 'on', 'a', 'fi@@', 've', 'ser@@', 'ies', 'of', 'a', 'fi@@', 've', 'ser@@', 'ies', 'to', 'J@@', 'ap@@', 'an', 'to', 'the', 'economic', 'rel@@', 'ations', 'with', 'the', 'third', 'lar@@', 'ges@@', 't', 'economic', 'rel@@', 'ations', 'with', 'the', 'third', 'lar@@', 'ges@@', 't', 'economic', 'rel@@', 'ations', 'with', 'the', 'third', 'lar@@', 'ges@@', 't', 'economic', 'rel@@', 'ations', 'with', 'the', 'third', 'lar@@', 'ges@@', 't', 'economic', 'rel@@', 'ations', 'with', 'the', 'third', 'lar@@', 'ges@@', 't', 'economic', 'rel@@', 'ations', 'with', 'the', 'third', 'lar@@', 'ges@@', 't', 'economic', 'rel@@', 'ations', 'with', 'the', 'third', 'lar@@', 'ges@@', 't', 'economic', 'rel@@', 'ations', 'with', 'the', 'third', 'lar@@', 'ges@@', 't', 'economic', 'econom@@', 'y', '.', '</s>']
2025-04-29 19:55:31,615 - INFO - joeynmt.training - 	Source:     Herr Modi befindet sich auf einer fünftägigen Reise nach Japan , um die wirtschaftlichen Beziehungen mit der drittgrößten Wirtschaftsnation der Welt zu festigen .
2025-04-29 19:55:31,615 - INFO - joeynmt.training - 	Reference:  Mr Modi is on a five @-@ day trip to Japan to strengthen economic ties with the third largest economy in the world .
2025-04-29 19:55:31,615 - INFO - joeynmt.training - 	Hypothesis: Mr Modi is on a five series of a five series to Japan to the economic relations with the third largest economic relations with the third largest economic relations with the third largest economic relations with the third largest economic relations with the third largest economic relations with the third largest economic relations with the third largest economic relations with the third largest economic economy .
2025-04-29 19:55:31,615 - INFO - joeynmt.training - Example #3
2025-04-29 19:55:31,616 - DEBUG - joeynmt.training - 	Tokenized source:     ['P@@', 'län@@', 'e', 'für', 'eine', 'stärk@@', 'ere', 'k@@', 'ern@@', 'techn@@', 'ische', 'Zusammenarbeit', 'stehen', 'ganz', 'ob@@', 'en', 'auf', 'der', 'Tag@@', 'es@@', 'ordnung', '.']
2025-04-29 19:55:31,616 - DEBUG - joeynmt.training - 	Tokenized reference:  ['high', 'on', 'the', 'agen@@', 'da', 'are', 'pl@@', 'ans', 'for', 'gre@@', 'ater', 'nu@@', 'clear', 'c@@', 'o', '@@@', '-@@', '@', 'operation', '.']
2025-04-29 19:55:31,616 - DEBUG - joeynmt.training - 	Tokenized hypothesis: ['pl@@', 'ans', 'for', 'a', 'more', 'seri@@', 'ous', 'techn@@', 'ical', 'cooperation', 'is', 'a', 'very', 'seri@@', 'ous', 'techn@@', 'ical', 'cooperation', '.', '</s>']
2025-04-29 19:55:31,616 - INFO - joeynmt.training - 	Source:     Pläne für eine stärkere kerntechnische Zusammenarbeit stehen ganz oben auf der Tagesordnung .
2025-04-29 19:55:31,616 - INFO - joeynmt.training - 	Reference:  high on the agenda are plans for greater nuclear co @-@ operation .
2025-04-29 19:55:31,616 - INFO - joeynmt.training - 	Hypothesis: plans for a more serious technical cooperation is a very serious technical cooperation .
2025-04-29 19:55:31,616 - INFO - joeynmt.training - Example #4
2025-04-29 19:55:31,616 - DEBUG - joeynmt.training - 	Tokenized source:     ['Berich@@', 'ten', 'zu@@', 'fol@@', 'ge', 'ho@@', 'fft', 'Indi@@', 'en', 'darüber', 'hinaus', 'auf', 'einen', 'Ver@@', 'trag', 'zur', 'Ver@@', 'tei@@', 'dig@@', 'ungs@@', 'zusammen@@', 'arbeit', 'zwischen', 'den', 'beiden', 'N@@', 'ationen', '.']
2025-04-29 19:55:31,616 - DEBUG - joeynmt.training - 	Tokenized reference:  ['Indi@@', 'a', 'is', 'also', 're@@', 'porte@@', 'dly', 'hop@@', 'ing', 'for', 'a', 'de@@', 'al', 'on', 'def@@', 'ence', 'c@@', 'oll@@', 'ab@@', 'or@@', 'ation', 'between', 'the', 'two', 'n@@', 'ations', '.']
2025-04-29 19:55:31,616 - DEBUG - joeynmt.training - 	Tokenized hypothesis: ['it', 'is', 'tru@@', 'e', 'that', 'Indi@@', 'a', 'has', 'also', 'been', 'on', 'a', 'con@@', 'tra@@', 'ct', 'on', 'def@@', 'ence', 'between', 'the', 'two', 'n@@', 'ations', '.', '</s>']
2025-04-29 19:55:31,616 - INFO - joeynmt.training - 	Source:     Berichten zufolge hofft Indien darüber hinaus auf einen Vertrag zur Verteidigungszusammenarbeit zwischen den beiden Nationen .
2025-04-29 19:55:31,616 - INFO - joeynmt.training - 	Reference:  India is also reportedly hoping for a deal on defence collaboration between the two nations .
2025-04-29 19:55:31,616 - INFO - joeynmt.training - 	Hypothesis: it is true that India has also been on a contract on defence between the two nations .
2025-04-29 19:55:48,113 - INFO - joeynmt.training - Epoch   8, Step:    29100, Batch Loss:     1.947759, Batch Acc: 0.530660, Tokens per Sec:     5597, Lr: 0.000300
2025-04-29 19:56:04,435 - INFO - joeynmt.training - Epoch   8, Step:    29200, Batch Loss:     1.621472, Batch Acc: 0.541995, Tokens per Sec:     5565, Lr: 0.000300
2025-04-29 19:56:20,901 - INFO - joeynmt.training - Epoch   8, Step:    29300, Batch Loss:     1.524707, Batch Acc: 0.537735, Tokens per Sec:     5606, Lr: 0.000300
2025-04-29 19:56:37,254 - INFO - joeynmt.training - Epoch   8, Step:    29400, Batch Loss:     1.517652, Batch Acc: 0.530881, Tokens per Sec:     5599, Lr: 0.000300
2025-04-29 19:56:53,577 - INFO - joeynmt.training - Epoch   8, Step:    29500, Batch Loss:     1.750993, Batch Acc: 0.533602, Tokens per Sec:     5638, Lr: 0.000300
2025-04-29 19:56:53,577 - INFO - joeynmt.prediction - Predicting 500 example(s)... (Greedy decoding with min_output_length=1, max_output_length=-1, return_prob='none', generate_unk=True, repetition_penalty=-1, no_repeat_ngram_size=-1)
2025-04-29 19:57:19,923 - INFO - joeynmt.prediction - Evaluation result (greedy) loss:   2.13, ppl:   8.40, acc:   0.45, generation: 26.3417[sec], evaluation: 0.0000[sec]
2025-04-29 19:57:20,014 - INFO - joeynmt.helpers - delete models/deen_transformer_prenorm/27000.ckpt
2025-04-29 19:57:20,015 - INFO - joeynmt.training - Example #0
2025-04-29 19:57:20,015 - DEBUG - joeynmt.training - 	Tokenized source:     ['die', 'Pre@@', 'mi@@', 'er@@', 'minist@@', 'er', 'Indi@@', 'ens', 'und', 'J@@', 'ap@@', 'ans', 'tra@@', 'fen', 'sich', 'in', 'T@@', 'ok@@', 'i@@', 'o', '.']
2025-04-29 19:57:20,015 - DEBUG - joeynmt.training - 	Tokenized reference:  ['Indi@@', 'a', 'and', 'J@@', 'ap@@', 'an', 'pri@@', 'me', 'minist@@', 'ers', 'me@@', 'et', 'in', 'T@@', 'ok@@', 'y@@', 'o']
2025-04-29 19:57:20,015 - DEBUG - joeynmt.training - 	Tokenized hypothesis: ['the', 'Pri@@', 'me', 'Minist@@', 'er', 'Indi@@', 'a', 'and', 'J@@', 'ap@@', 'an', ',', 'T@@', 'ok@@', 'i@@', 'o', '.', '</s>']
2025-04-29 19:57:20,015 - INFO - joeynmt.training - 	Source:     die Premierminister Indiens und Japans trafen sich in Tokio .
2025-04-29 19:57:20,015 - INFO - joeynmt.training - 	Reference:  India and Japan prime ministers meet in Tokyo
2025-04-29 19:57:20,015 - INFO - joeynmt.training - 	Hypothesis: the Prime Minister India and Japan , Tokio .
2025-04-29 19:57:20,015 - INFO - joeynmt.training - Example #1
2025-04-29 19:57:20,015 - DEBUG - joeynmt.training - 	Tokenized source:     ['Indi@@', 'ens', 'neu@@', 'er', 'Pre@@', 'mi@@', 'er@@', 'minist@@', 'er', 'N@@', 'ar@@', 'end@@', 'ra', 'Mo@@', 'd@@', 'i', 'tri@@', 'fft', 'bei', 's@@', 'einem', 'ersten', 'wichti@@', 'gen', 'Aus@@', 'land@@', 's@@', 'bes@@', 'u@@', 'ch', 'seit', 's@@', 'einem', 'W@@', 'ah@@', 'l@@', 'si@@', 'e@@', 'g', 'im', 'Ma@@', 'i', 'seinen', 'j@@', 'ap@@', 'an@@', 'ischen', 'Am@@', 'ts@@', 'k@@', 'olle@@', 'gen', 'S@@', 'hin@@', 'z@@', 'o', 'A@@', 'be', 'in', 'T@@', 'ok@@', 'o', ',', 'um', 'wirtschaf@@', 'tliche', 'und', 'sicher@@', 'heits@@', 'politische', 'Be@@', 'zieh@@', 'ungen', 'zu', 'bes@@', 'pre@@', 'chen', '.']
2025-04-29 19:57:20,015 - DEBUG - joeynmt.training - 	Tokenized reference:  ['Indi@@', 'a', '&apos;s', 'new', 'pri@@', 'me', 'minist@@', 'er', ',', 'N@@', 'ar@@', 'end@@', 'ra', 'Mo@@', 'd@@', 'i', ',', 'is', 'me@@', 'eting', 'his', 'J@@', 'ap@@', 'an@@', 'ese', 'coun@@', 'ter@@', 'part', ',', 'S@@', 'hin@@', 'z@@', 'o', 'A@@', 'be', ',', 'in', 'T@@', 'ok@@', 'y@@', 'o', 'to', 'disc@@', 'uss', 'economic', 'and', 'security', 'ties', ',', 'on', 'his', 'first', 'major', 'fore@@', 'ign', 'visi@@', 't', 'since', 'w@@', 'inn@@', 'ing', 'Ma@@', 'y', '&apos;s', 'elec@@', 'tion', '.']
2025-04-29 19:57:20,015 - DEBUG - joeynmt.training - 	Tokenized hypothesis: ['Indi@@', 'a', '&apos;s', 'lat@@', 'est', 'Pri@@', 'me', 'Minist@@', 'er', 'N@@', 'ar@@', 'end@@', 'ra', 'Mo@@', 'd@@', 'i', ',', 'the', 'first', 'important', 'ex@@', 'ec@@', 'ution', 'since', 'his', 'first', 'important', 'ex@@', 'change', 'since', 'his', 'J@@', 'ap@@', 'an@@', 'ese', 'colle@@', 'ag@@', 'ue', 'S@@', 'hin@@', 'z@@', 'o', ',', 'S@@', 'hin@@', 'z@@', 'o', 'A@@', 'in', 'Ma@@', 'y', ',', 'his', 'J@@', 'ap@@', 'an@@', 'ese', 'A@@', 'in', 'T@@', 'ok@@', 'o', ',', 'to', 're@@', 'mo@@', 've', 'economic', 'and', 'security', 'political', 'rel@@', 'ations', '.', '</s>']
2025-04-29 19:57:20,015 - INFO - joeynmt.training - 	Source:     Indiens neuer Premierminister Narendra Modi trifft bei seinem ersten wichtigen Auslandsbesuch seit seinem Wahlsieg im Mai seinen japanischen Amtskollegen Shinzo Abe in Toko , um wirtschaftliche und sicherheitspolitische Beziehungen zu besprechen .
2025-04-29 19:57:20,015 - INFO - joeynmt.training - 	Reference:  India &apos;s new prime minister , Narendra Modi , is meeting his Japanese counterpart , Shinzo Abe , in Tokyo to discuss economic and security ties , on his first major foreign visit since winning May &apos;s election .
2025-04-29 19:57:20,015 - INFO - joeynmt.training - 	Hypothesis: India &apos;s latest Prime Minister Narendra Modi , the first important execution since his first important exchange since his Japanese colleague Shinzo , Shinzo Ain May , his Japanese Ain Toko , to remove economic and security political relations .
2025-04-29 19:57:20,015 - INFO - joeynmt.training - Example #2
2025-04-29 19:57:20,015 - DEBUG - joeynmt.training - 	Tokenized source:     ['Herr', 'Mo@@', 'd@@', 'i', 'befindet', 'sich', 'auf', 'einer', 'fü@@', 'n@@', 'f@@', 'tä@@', 'gi@@', 'gen', 'Rei@@', 'se', 'nach', 'J@@', 'ap@@', 'an', ',', 'um', 'die', 'wirtschaf@@', 'tlichen', 'Be@@', 'zieh@@', 'ungen', 'mit', 'der', 'd@@', 'rit@@', 't@@', 'größ@@', 'ten', 'Wirtschafts@@', 'n@@', 'ation', 'der', 'Welt', 'zu', 'fes@@', 'tigen', '.']
2025-04-29 19:57:20,015 - DEBUG - joeynmt.training - 	Tokenized reference:  ['Mr', 'Mo@@', 'd@@', 'i', 'is', 'on', 'a', 'fi@@', 've', '@@@', '-@@', '@', 'day', 'tri@@', 'p', 'to', 'J@@', 'ap@@', 'an', 'to', 'streng@@', 'then', 'economic', 'ties', 'with', 'the', 'third', 'lar@@', 'ges@@', 't', 'econom@@', 'y', 'in', 'the', 'world', '.']
2025-04-29 19:57:20,015 - DEBUG - joeynmt.training - 	Tokenized hypothesis: ['Mr', 'Mo@@', 'd@@', 'i', 'is', 'on', 'a', 'fi@@', 'f@@', 'ty', 'tra@@', 'v@@', 'el', 'to', 'J@@', 'ap@@', 'an', 'to', 're@@', 'ach', 'the', 'economic', 'rel@@', 'ations', 'with', 'the', 'third', 'lar@@', 'ges@@', 't', 'economic', 'rel@@', 'ations', 'with', 'the', 'third', 'lar@@', 'ges@@', 't', 'economic', 'rel@@', 'ations', '.', '</s>']
2025-04-29 19:57:20,015 - INFO - joeynmt.training - 	Source:     Herr Modi befindet sich auf einer fünftägigen Reise nach Japan , um die wirtschaftlichen Beziehungen mit der drittgrößten Wirtschaftsnation der Welt zu festigen .
2025-04-29 19:57:20,015 - INFO - joeynmt.training - 	Reference:  Mr Modi is on a five @-@ day trip to Japan to strengthen economic ties with the third largest economy in the world .
2025-04-29 19:57:20,015 - INFO - joeynmt.training - 	Hypothesis: Mr Modi is on a fifty travel to Japan to reach the economic relations with the third largest economic relations with the third largest economic relations .
2025-04-29 19:57:20,015 - INFO - joeynmt.training - Example #3
2025-04-29 19:57:20,015 - DEBUG - joeynmt.training - 	Tokenized source:     ['P@@', 'län@@', 'e', 'für', 'eine', 'stärk@@', 'ere', 'k@@', 'ern@@', 'techn@@', 'ische', 'Zusammenarbeit', 'stehen', 'ganz', 'ob@@', 'en', 'auf', 'der', 'Tag@@', 'es@@', 'ordnung', '.']
2025-04-29 19:57:20,016 - DEBUG - joeynmt.training - 	Tokenized reference:  ['high', 'on', 'the', 'agen@@', 'da', 'are', 'pl@@', 'ans', 'for', 'gre@@', 'ater', 'nu@@', 'clear', 'c@@', 'o', '@@@', '-@@', '@', 'operation', '.']
2025-04-29 19:57:20,016 - DEBUG - joeynmt.training - 	Tokenized hypothesis: ['pl@@', 'ans', 'for', 'a', 'str@@', 'on@@', 'ger', 'seri@@', 'ous', 'cooperation', 'is', 'very', 'close', 'to', 'the', 'agen@@', 'da', '.', '</s>']
2025-04-29 19:57:20,016 - INFO - joeynmt.training - 	Source:     Pläne für eine stärkere kerntechnische Zusammenarbeit stehen ganz oben auf der Tagesordnung .
2025-04-29 19:57:20,016 - INFO - joeynmt.training - 	Reference:  high on the agenda are plans for greater nuclear co @-@ operation .
2025-04-29 19:57:20,016 - INFO - joeynmt.training - 	Hypothesis: plans for a stronger serious cooperation is very close to the agenda .
2025-04-29 19:57:20,016 - INFO - joeynmt.training - Example #4
2025-04-29 19:57:20,016 - DEBUG - joeynmt.training - 	Tokenized source:     ['Berich@@', 'ten', 'zu@@', 'fol@@', 'ge', 'ho@@', 'fft', 'Indi@@', 'en', 'darüber', 'hinaus', 'auf', 'einen', 'Ver@@', 'trag', 'zur', 'Ver@@', 'tei@@', 'dig@@', 'ungs@@', 'zusammen@@', 'arbeit', 'zwischen', 'den', 'beiden', 'N@@', 'ationen', '.']
2025-04-29 19:57:20,016 - DEBUG - joeynmt.training - 	Tokenized reference:  ['Indi@@', 'a', 'is', 'also', 're@@', 'porte@@', 'dly', 'hop@@', 'ing', 'for', 'a', 'de@@', 'al', 'on', 'def@@', 'ence', 'c@@', 'oll@@', 'ab@@', 'or@@', 'ation', 'between', 'the', 'two', 'n@@', 'ations', '.']
2025-04-29 19:57:20,016 - DEBUG - joeynmt.training - 	Tokenized hypothesis: ['it', 'is', 'also', 'high', ',', 'Indi@@', 'a', ',', 'on', 'a', 'con@@', 'tra@@', 'ct', 'on', 'a', 'con@@', 'tra@@', 'ct', 'of', 'the', 'two', 'n@@', 'ations', '.', '</s>']
2025-04-29 19:57:20,016 - INFO - joeynmt.training - 	Source:     Berichten zufolge hofft Indien darüber hinaus auf einen Vertrag zur Verteidigungszusammenarbeit zwischen den beiden Nationen .
2025-04-29 19:57:20,016 - INFO - joeynmt.training - 	Reference:  India is also reportedly hoping for a deal on defence collaboration between the two nations .
2025-04-29 19:57:20,016 - INFO - joeynmt.training - 	Hypothesis: it is also high , India , on a contract on a contract of the two nations .
2025-04-29 19:57:36,412 - INFO - joeynmt.training - Epoch   8, Step:    29600, Batch Loss:     1.697860, Batch Acc: 0.534742, Tokens per Sec:     5496, Lr: 0.000300
2025-04-29 19:57:52,669 - INFO - joeynmt.training - Epoch   8, Step:    29700, Batch Loss:     1.509149, Batch Acc: 0.536814, Tokens per Sec:     5684, Lr: 0.000300
2025-04-29 19:58:08,940 - INFO - joeynmt.training - Epoch   8, Step:    29800, Batch Loss:     1.583841, Batch Acc: 0.536367, Tokens per Sec:     5633, Lr: 0.000300
2025-04-29 19:58:25,415 - INFO - joeynmt.training - Epoch   8, Step:    29900, Batch Loss:     1.813914, Batch Acc: 0.535539, Tokens per Sec:     5578, Lr: 0.000300
2025-04-29 19:58:41,739 - INFO - joeynmt.training - Epoch   8, Step:    30000, Batch Loss:     1.617116, Batch Acc: 0.536958, Tokens per Sec:     5679, Lr: 0.000300
2025-04-29 19:58:41,739 - INFO - joeynmt.prediction - Predicting 500 example(s)... (Greedy decoding with min_output_length=1, max_output_length=-1, return_prob='none', generate_unk=True, repetition_penalty=-1, no_repeat_ngram_size=-1)
2025-04-29 19:59:06,008 - INFO - joeynmt.prediction - Evaluation result (greedy) loss:   2.12, ppl:   8.36, acc:   0.45, generation: 24.2654[sec], evaluation: 0.0000[sec]
2025-04-29 19:59:06,092 - INFO - joeynmt.helpers - delete models/deen_transformer_prenorm/27500.ckpt
2025-04-29 19:59:06,104 - INFO - joeynmt.training - Example #0
2025-04-29 19:59:06,104 - DEBUG - joeynmt.training - 	Tokenized source:     ['die', 'Pre@@', 'mi@@', 'er@@', 'minist@@', 'er', 'Indi@@', 'ens', 'und', 'J@@', 'ap@@', 'ans', 'tra@@', 'fen', 'sich', 'in', 'T@@', 'ok@@', 'i@@', 'o', '.']
2025-04-29 19:59:06,104 - DEBUG - joeynmt.training - 	Tokenized reference:  ['Indi@@', 'a', 'and', 'J@@', 'ap@@', 'an', 'pri@@', 'me', 'minist@@', 'ers', 'me@@', 'et', 'in', 'T@@', 'ok@@', 'y@@', 'o']
2025-04-29 19:59:06,104 - DEBUG - joeynmt.training - 	Tokenized hypothesis: ['the', 'Pri@@', 'me', 'Minist@@', 'er', 'Indi@@', 'a', 'and', 'J@@', 'ap@@', 'an', ',', 'the', 'Pri@@', 'me', 'Minist@@', 'er', 'of', 'Indi@@', 'a', 'and', 'J@@', 'ap@@', 'an', '.', '</s>']
2025-04-29 19:59:06,104 - INFO - joeynmt.training - 	Source:     die Premierminister Indiens und Japans trafen sich in Tokio .
2025-04-29 19:59:06,104 - INFO - joeynmt.training - 	Reference:  India and Japan prime ministers meet in Tokyo
2025-04-29 19:59:06,104 - INFO - joeynmt.training - 	Hypothesis: the Prime Minister India and Japan , the Prime Minister of India and Japan .
2025-04-29 19:59:06,104 - INFO - joeynmt.training - Example #1
2025-04-29 19:59:06,104 - DEBUG - joeynmt.training - 	Tokenized source:     ['Indi@@', 'ens', 'neu@@', 'er', 'Pre@@', 'mi@@', 'er@@', 'minist@@', 'er', 'N@@', 'ar@@', 'end@@', 'ra', 'Mo@@', 'd@@', 'i', 'tri@@', 'fft', 'bei', 's@@', 'einem', 'ersten', 'wichti@@', 'gen', 'Aus@@', 'land@@', 's@@', 'bes@@', 'u@@', 'ch', 'seit', 's@@', 'einem', 'W@@', 'ah@@', 'l@@', 'si@@', 'e@@', 'g', 'im', 'Ma@@', 'i', 'seinen', 'j@@', 'ap@@', 'an@@', 'ischen', 'Am@@', 'ts@@', 'k@@', 'olle@@', 'gen', 'S@@', 'hin@@', 'z@@', 'o', 'A@@', 'be', 'in', 'T@@', 'ok@@', 'o', ',', 'um', 'wirtschaf@@', 'tliche', 'und', 'sicher@@', 'heits@@', 'politische', 'Be@@', 'zieh@@', 'ungen', 'zu', 'bes@@', 'pre@@', 'chen', '.']
2025-04-29 19:59:06,104 - DEBUG - joeynmt.training - 	Tokenized reference:  ['Indi@@', 'a', '&apos;s', 'new', 'pri@@', 'me', 'minist@@', 'er', ',', 'N@@', 'ar@@', 'end@@', 'ra', 'Mo@@', 'd@@', 'i', ',', 'is', 'me@@', 'eting', 'his', 'J@@', 'ap@@', 'an@@', 'ese', 'coun@@', 'ter@@', 'part', ',', 'S@@', 'hin@@', 'z@@', 'o', 'A@@', 'be', ',', 'in', 'T@@', 'ok@@', 'y@@', 'o', 'to', 'disc@@', 'uss', 'economic', 'and', 'security', 'ties', ',', 'on', 'his', 'first', 'major', 'fore@@', 'ign', 'visi@@', 't', 'since', 'w@@', 'inn@@', 'ing', 'Ma@@', 'y', '&apos;s', 'elec@@', 'tion', '.']
2025-04-29 19:59:06,104 - DEBUG - joeynmt.training - 	Tokenized hypothesis: ['Indi@@', 'a', '&apos;s', 'new', 'Pri@@', 'me', 'Minist@@', 'er', 'N@@', 'ar@@', 'end@@', 'ra', 'Mo@@', 'd@@', 'i', ',', 'the', 'first', 'important', 'ex@@', 'ec@@', 'u@@', 'tive', ',', 'the', 'first', 'important', 'ex@@', 'ec@@', 'u@@', 'tive', ',', 'has', 'been', 're@@', 'ach@@', 'ed', 'in', 'Ma@@', 'y', 'his', 'first', 'important', 'years', 'since', 'his', 'J@@', 'ap@@', 'an@@', 'ese', 'Am@@', 'ts@@', 'ts@@', 'k@@', 'o', ',', 'to', 'be', 'a@@', 'vo@@', 'id', 'economic', 'and', 'saf@@', 'ety', '.', '</s>']
2025-04-29 19:59:06,104 - INFO - joeynmt.training - 	Source:     Indiens neuer Premierminister Narendra Modi trifft bei seinem ersten wichtigen Auslandsbesuch seit seinem Wahlsieg im Mai seinen japanischen Amtskollegen Shinzo Abe in Toko , um wirtschaftliche und sicherheitspolitische Beziehungen zu besprechen .
2025-04-29 19:59:06,104 - INFO - joeynmt.training - 	Reference:  India &apos;s new prime minister , Narendra Modi , is meeting his Japanese counterpart , Shinzo Abe , in Tokyo to discuss economic and security ties , on his first major foreign visit since winning May &apos;s election .
2025-04-29 19:59:06,104 - INFO - joeynmt.training - 	Hypothesis: India &apos;s new Prime Minister Narendra Modi , the first important executive , the first important executive , has been reached in May his first important years since his Japanese Amtstsko , to be avoid economic and safety .
2025-04-29 19:59:06,104 - INFO - joeynmt.training - Example #2
2025-04-29 19:59:06,105 - DEBUG - joeynmt.training - 	Tokenized source:     ['Herr', 'Mo@@', 'd@@', 'i', 'befindet', 'sich', 'auf', 'einer', 'fü@@', 'n@@', 'f@@', 'tä@@', 'gi@@', 'gen', 'Rei@@', 'se', 'nach', 'J@@', 'ap@@', 'an', ',', 'um', 'die', 'wirtschaf@@', 'tlichen', 'Be@@', 'zieh@@', 'ungen', 'mit', 'der', 'd@@', 'rit@@', 't@@', 'größ@@', 'ten', 'Wirtschafts@@', 'n@@', 'ation', 'der', 'Welt', 'zu', 'fes@@', 'tigen', '.']
2025-04-29 19:59:06,105 - DEBUG - joeynmt.training - 	Tokenized reference:  ['Mr', 'Mo@@', 'd@@', 'i', 'is', 'on', 'a', 'fi@@', 've', '@@@', '-@@', '@', 'day', 'tri@@', 'p', 'to', 'J@@', 'ap@@', 'an', 'to', 'streng@@', 'then', 'economic', 'ties', 'with', 'the', 'third', 'lar@@', 'ges@@', 't', 'econom@@', 'y', 'in', 'the', 'world', '.']
2025-04-29 19:59:06,105 - DEBUG - joeynmt.training - 	Tokenized hypothesis: ['Mr', 'Mo@@', 'd@@', 'i', 'is', 'located', 'on', 'one', 'of', 'the', 'fi@@', 'f@@', 'ty', 'tra@@', 'v@@', 'el', 'to', 'J@@', 'ap@@', 'an', 'to', 'pro@@', 'duce', 'economic', 'rel@@', 'ations', 'with', 'the', 'third', 'lar@@', 'ges@@', 't', 'economic', 'rel@@', 'ations', '.', '</s>']
2025-04-29 19:59:06,105 - INFO - joeynmt.training - 	Source:     Herr Modi befindet sich auf einer fünftägigen Reise nach Japan , um die wirtschaftlichen Beziehungen mit der drittgrößten Wirtschaftsnation der Welt zu festigen .
2025-04-29 19:59:06,105 - INFO - joeynmt.training - 	Reference:  Mr Modi is on a five @-@ day trip to Japan to strengthen economic ties with the third largest economy in the world .
2025-04-29 19:59:06,105 - INFO - joeynmt.training - 	Hypothesis: Mr Modi is located on one of the fifty travel to Japan to produce economic relations with the third largest economic relations .
2025-04-29 19:59:06,105 - INFO - joeynmt.training - Example #3
2025-04-29 19:59:06,105 - DEBUG - joeynmt.training - 	Tokenized source:     ['P@@', 'län@@', 'e', 'für', 'eine', 'stärk@@', 'ere', 'k@@', 'ern@@', 'techn@@', 'ische', 'Zusammenarbeit', 'stehen', 'ganz', 'ob@@', 'en', 'auf', 'der', 'Tag@@', 'es@@', 'ordnung', '.']
2025-04-29 19:59:06,105 - DEBUG - joeynmt.training - 	Tokenized reference:  ['high', 'on', 'the', 'agen@@', 'da', 'are', 'pl@@', 'ans', 'for', 'gre@@', 'ater', 'nu@@', 'clear', 'c@@', 'o', '@@@', '-@@', '@', 'operation', '.']
2025-04-29 19:59:06,105 - DEBUG - joeynmt.training - 	Tokenized hypothesis: ['pl@@', 'ans', 'for', 'gre@@', 'ater', 'seri@@', 'ous', 'seri@@', 'ous', 'techn@@', 'ical', 'cooperation', 'is', 'on', 'the', 'agen@@', 'da', '.', '</s>']
2025-04-29 19:59:06,105 - INFO - joeynmt.training - 	Source:     Pläne für eine stärkere kerntechnische Zusammenarbeit stehen ganz oben auf der Tagesordnung .
2025-04-29 19:59:06,105 - INFO - joeynmt.training - 	Reference:  high on the agenda are plans for greater nuclear co @-@ operation .
2025-04-29 19:59:06,105 - INFO - joeynmt.training - 	Hypothesis: plans for greater serious serious technical cooperation is on the agenda .
2025-04-29 19:59:06,105 - INFO - joeynmt.training - Example #4
2025-04-29 19:59:06,105 - DEBUG - joeynmt.training - 	Tokenized source:     ['Berich@@', 'ten', 'zu@@', 'fol@@', 'ge', 'ho@@', 'fft', 'Indi@@', 'en', 'darüber', 'hinaus', 'auf', 'einen', 'Ver@@', 'trag', 'zur', 'Ver@@', 'tei@@', 'dig@@', 'ungs@@', 'zusammen@@', 'arbeit', 'zwischen', 'den', 'beiden', 'N@@', 'ationen', '.']
2025-04-29 19:59:06,105 - DEBUG - joeynmt.training - 	Tokenized reference:  ['Indi@@', 'a', 'is', 'also', 're@@', 'porte@@', 'dly', 'hop@@', 'ing', 'for', 'a', 'de@@', 'al', 'on', 'def@@', 'ence', 'c@@', 'oll@@', 'ab@@', 'or@@', 'ation', 'between', 'the', 'two', 'n@@', 'ations', '.']
2025-04-29 19:59:06,105 - DEBUG - joeynmt.training - 	Tokenized hypothesis: ['in', 'ad@@', 'dition', ',', 'Indi@@', 'a', 'has', 'also', 'hop@@', 'ed', 'that', 'the', 'def@@', 'en@@', 'se', 'cooperation', 'between', 'the', 'two', 'N@@', 'ations', '.', '</s>']
2025-04-29 19:59:06,105 - INFO - joeynmt.training - 	Source:     Berichten zufolge hofft Indien darüber hinaus auf einen Vertrag zur Verteidigungszusammenarbeit zwischen den beiden Nationen .
2025-04-29 19:59:06,105 - INFO - joeynmt.training - 	Reference:  India is also reportedly hoping for a deal on defence collaboration between the two nations .
2025-04-29 19:59:06,105 - INFO - joeynmt.training - 	Hypothesis: in addition , India has also hoped that the defense cooperation between the two Nations .
2025-04-29 19:59:22,606 - INFO - joeynmt.training - Epoch   8, Step:    30100, Batch Loss:     1.937803, Batch Acc: 0.536809, Tokens per Sec:     5597, Lr: 0.000300
2025-04-29 19:59:39,066 - INFO - joeynmt.training - Epoch   8, Step:    30200, Batch Loss:     1.749845, Batch Acc: 0.535937, Tokens per Sec:     5562, Lr: 0.000300
2025-04-29 19:59:55,566 - INFO - joeynmt.training - Epoch   8, Step:    30300, Batch Loss:     1.715157, Batch Acc: 0.533826, Tokens per Sec:     5542, Lr: 0.000300
2025-04-29 20:00:11,790 - INFO - joeynmt.training - Epoch   8, Step:    30400, Batch Loss:     1.783962, Batch Acc: 0.537785, Tokens per Sec:     5710, Lr: 0.000300
2025-04-29 20:00:28,145 - INFO - joeynmt.training - Epoch   8, Step:    30500, Batch Loss:     1.833336, Batch Acc: 0.531102, Tokens per Sec:     5683, Lr: 0.000300
2025-04-29 20:00:28,145 - INFO - joeynmt.prediction - Predicting 500 example(s)... (Greedy decoding with min_output_length=1, max_output_length=-1, return_prob='none', generate_unk=True, repetition_penalty=-1, no_repeat_ngram_size=-1)
2025-04-29 20:00:54,320 - INFO - joeynmt.prediction - Evaluation result (greedy) loss:   2.12, ppl:   8.33, acc:   0.45, generation: 26.1711[sec], evaluation: 0.0000[sec]
2025-04-29 20:00:54,321 - INFO - joeynmt.training - Hooray! New best validation result [ppl]!
2025-04-29 20:00:54,408 - INFO - joeynmt.helpers - delete models/deen_transformer_prenorm/29500.ckpt
2025-04-29 20:00:54,421 - INFO - joeynmt.training - Example #0
2025-04-29 20:00:54,422 - DEBUG - joeynmt.training - 	Tokenized source:     ['die', 'Pre@@', 'mi@@', 'er@@', 'minist@@', 'er', 'Indi@@', 'ens', 'und', 'J@@', 'ap@@', 'ans', 'tra@@', 'fen', 'sich', 'in', 'T@@', 'ok@@', 'i@@', 'o', '.']
2025-04-29 20:00:54,422 - DEBUG - joeynmt.training - 	Tokenized reference:  ['Indi@@', 'a', 'and', 'J@@', 'ap@@', 'an', 'pri@@', 'me', 'minist@@', 'ers', 'me@@', 'et', 'in', 'T@@', 'ok@@', 'y@@', 'o']
2025-04-29 20:00:54,422 - DEBUG - joeynmt.training - 	Tokenized hypothesis: ['the', 'Pri@@', 'me', 'Minist@@', 'er', 'of', 'Indi@@', 'a', 'and', 'J@@', 'ap@@', 'an', ',', 'the', 'Pri@@', 'me', 'Minist@@', 'er', 'of', 'Indi@@', 'a', '.', '</s>']
2025-04-29 20:00:54,422 - INFO - joeynmt.training - 	Source:     die Premierminister Indiens und Japans trafen sich in Tokio .
2025-04-29 20:00:54,422 - INFO - joeynmt.training - 	Reference:  India and Japan prime ministers meet in Tokyo
2025-04-29 20:00:54,422 - INFO - joeynmt.training - 	Hypothesis: the Prime Minister of India and Japan , the Prime Minister of India .
2025-04-29 20:00:54,422 - INFO - joeynmt.training - Example #1
2025-04-29 20:00:54,422 - DEBUG - joeynmt.training - 	Tokenized source:     ['Indi@@', 'ens', 'neu@@', 'er', 'Pre@@', 'mi@@', 'er@@', 'minist@@', 'er', 'N@@', 'ar@@', 'end@@', 'ra', 'Mo@@', 'd@@', 'i', 'tri@@', 'fft', 'bei', 's@@', 'einem', 'ersten', 'wichti@@', 'gen', 'Aus@@', 'land@@', 's@@', 'bes@@', 'u@@', 'ch', 'seit', 's@@', 'einem', 'W@@', 'ah@@', 'l@@', 'si@@', 'e@@', 'g', 'im', 'Ma@@', 'i', 'seinen', 'j@@', 'ap@@', 'an@@', 'ischen', 'Am@@', 'ts@@', 'k@@', 'olle@@', 'gen', 'S@@', 'hin@@', 'z@@', 'o', 'A@@', 'be', 'in', 'T@@', 'ok@@', 'o', ',', 'um', 'wirtschaf@@', 'tliche', 'und', 'sicher@@', 'heits@@', 'politische', 'Be@@', 'zieh@@', 'ungen', 'zu', 'bes@@', 'pre@@', 'chen', '.']
2025-04-29 20:00:54,422 - DEBUG - joeynmt.training - 	Tokenized reference:  ['Indi@@', 'a', '&apos;s', 'new', 'pri@@', 'me', 'minist@@', 'er', ',', 'N@@', 'ar@@', 'end@@', 'ra', 'Mo@@', 'd@@', 'i', ',', 'is', 'me@@', 'eting', 'his', 'J@@', 'ap@@', 'an@@', 'ese', 'coun@@', 'ter@@', 'part', ',', 'S@@', 'hin@@', 'z@@', 'o', 'A@@', 'be', ',', 'in', 'T@@', 'ok@@', 'y@@', 'o', 'to', 'disc@@', 'uss', 'economic', 'and', 'security', 'ties', ',', 'on', 'his', 'first', 'major', 'fore@@', 'ign', 'visi@@', 't', 'since', 'w@@', 'inn@@', 'ing', 'Ma@@', 'y', '&apos;s', 'elec@@', 'tion', '.']
2025-04-29 20:00:54,422 - DEBUG - joeynmt.training - 	Tokenized hypothesis: ['Indi@@', 'a', '&apos;s', 'new', 'Pri@@', 'me', 'Minist@@', 'er', 'N@@', 'ar@@', 'end@@', 'ra', 'Mo@@', 'd@@', 'i', ',', 'the', 'first', 'important', 'ex@@', 'tern@@', 'al', ',', 'has', 'been', 't@@', 'old', 'in', 'Ma@@', 'y', 'his', 'first', 'important', ',', 'since', 'the', 'J@@', 'ap@@', 'an@@', 'ese', 'Am@@', 'ts@@', 'k@@', 'o', ',', 'in', 'Ma@@', 'y', 'his', 'J@@', 'ap@@', 'an@@', 'ese', 'A@@', 'in', 'T@@', 'ok@@', 'o', ',', 'in', 'Ma@@', 'y', ',', 'to', 'be', 'a', 's@@', 'po@@', 'ke', 'of', 'Indi@@', 'a', '.', '</s>']
2025-04-29 20:00:54,422 - INFO - joeynmt.training - 	Source:     Indiens neuer Premierminister Narendra Modi trifft bei seinem ersten wichtigen Auslandsbesuch seit seinem Wahlsieg im Mai seinen japanischen Amtskollegen Shinzo Abe in Toko , um wirtschaftliche und sicherheitspolitische Beziehungen zu besprechen .
2025-04-29 20:00:54,422 - INFO - joeynmt.training - 	Reference:  India &apos;s new prime minister , Narendra Modi , is meeting his Japanese counterpart , Shinzo Abe , in Tokyo to discuss economic and security ties , on his first major foreign visit since winning May &apos;s election .
2025-04-29 20:00:54,422 - INFO - joeynmt.training - 	Hypothesis: India &apos;s new Prime Minister Narendra Modi , the first important external , has been told in May his first important , since the Japanese Amtsko , in May his Japanese Ain Toko , in May , to be a spoke of India .
2025-04-29 20:00:54,422 - INFO - joeynmt.training - Example #2
2025-04-29 20:00:54,422 - DEBUG - joeynmt.training - 	Tokenized source:     ['Herr', 'Mo@@', 'd@@', 'i', 'befindet', 'sich', 'auf', 'einer', 'fü@@', 'n@@', 'f@@', 'tä@@', 'gi@@', 'gen', 'Rei@@', 'se', 'nach', 'J@@', 'ap@@', 'an', ',', 'um', 'die', 'wirtschaf@@', 'tlichen', 'Be@@', 'zieh@@', 'ungen', 'mit', 'der', 'd@@', 'rit@@', 't@@', 'größ@@', 'ten', 'Wirtschafts@@', 'n@@', 'ation', 'der', 'Welt', 'zu', 'fes@@', 'tigen', '.']
2025-04-29 20:00:54,422 - DEBUG - joeynmt.training - 	Tokenized reference:  ['Mr', 'Mo@@', 'd@@', 'i', 'is', 'on', 'a', 'fi@@', 've', '@@@', '-@@', '@', 'day', 'tri@@', 'p', 'to', 'J@@', 'ap@@', 'an', 'to', 'streng@@', 'then', 'economic', 'ties', 'with', 'the', 'third', 'lar@@', 'ges@@', 't', 'econom@@', 'y', 'in', 'the', 'world', '.']
2025-04-29 20:00:54,422 - DEBUG - joeynmt.training - 	Tokenized hypothesis: ['Mr', 'Mo@@', 'd@@', 'i', 'is', 'located', 'on', 'a', 'fi@@', 've', 'tri@@', 'al', 'to', 'J@@', 'ap@@', 'an', 'to', 'the', 'economic', 'rel@@', 'ations', 'with', 'the', 'third', 'lar@@', 'ges@@', 't', 'economic', 'rel@@', 'ations', 'with', 'the', 'third', 'lar@@', 'ges@@', 't', 'economic', 'rel@@', 'ations', 'with', 'the', 'third', 'lar@@', 'ges@@', 't', 'economic', 'rel@@', 'ations', '.', '</s>']
2025-04-29 20:00:54,422 - INFO - joeynmt.training - 	Source:     Herr Modi befindet sich auf einer fünftägigen Reise nach Japan , um die wirtschaftlichen Beziehungen mit der drittgrößten Wirtschaftsnation der Welt zu festigen .
2025-04-29 20:00:54,422 - INFO - joeynmt.training - 	Reference:  Mr Modi is on a five @-@ day trip to Japan to strengthen economic ties with the third largest economy in the world .
2025-04-29 20:00:54,422 - INFO - joeynmt.training - 	Hypothesis: Mr Modi is located on a five trial to Japan to the economic relations with the third largest economic relations with the third largest economic relations with the third largest economic relations .
2025-04-29 20:00:54,422 - INFO - joeynmt.training - Example #3
2025-04-29 20:00:54,422 - DEBUG - joeynmt.training - 	Tokenized source:     ['P@@', 'län@@', 'e', 'für', 'eine', 'stärk@@', 'ere', 'k@@', 'ern@@', 'techn@@', 'ische', 'Zusammenarbeit', 'stehen', 'ganz', 'ob@@', 'en', 'auf', 'der', 'Tag@@', 'es@@', 'ordnung', '.']
2025-04-29 20:00:54,422 - DEBUG - joeynmt.training - 	Tokenized reference:  ['high', 'on', 'the', 'agen@@', 'da', 'are', 'pl@@', 'ans', 'for', 'gre@@', 'ater', 'nu@@', 'clear', 'c@@', 'o', '@@@', '-@@', '@', 'operation', '.']
2025-04-29 20:00:54,422 - DEBUG - joeynmt.training - 	Tokenized hypothesis: ['pl@@', 'ans', 'for', 'gre@@', 'ater', 'seri@@', 'ous', 'techn@@', 'ical', 'cooperation', 'are', 'very', 'close', 'to', 'the', 'agen@@', 'da', '.', '</s>']
2025-04-29 20:00:54,422 - INFO - joeynmt.training - 	Source:     Pläne für eine stärkere kerntechnische Zusammenarbeit stehen ganz oben auf der Tagesordnung .
2025-04-29 20:00:54,422 - INFO - joeynmt.training - 	Reference:  high on the agenda are plans for greater nuclear co @-@ operation .
2025-04-29 20:00:54,422 - INFO - joeynmt.training - 	Hypothesis: plans for greater serious technical cooperation are very close to the agenda .
2025-04-29 20:00:54,422 - INFO - joeynmt.training - Example #4
2025-04-29 20:00:54,422 - DEBUG - joeynmt.training - 	Tokenized source:     ['Berich@@', 'ten', 'zu@@', 'fol@@', 'ge', 'ho@@', 'fft', 'Indi@@', 'en', 'darüber', 'hinaus', 'auf', 'einen', 'Ver@@', 'trag', 'zur', 'Ver@@', 'tei@@', 'dig@@', 'ungs@@', 'zusammen@@', 'arbeit', 'zwischen', 'den', 'beiden', 'N@@', 'ationen', '.']
2025-04-29 20:00:54,422 - DEBUG - joeynmt.training - 	Tokenized reference:  ['Indi@@', 'a', 'is', 'also', 're@@', 'porte@@', 'dly', 'hop@@', 'ing', 'for', 'a', 'de@@', 'al', 'on', 'def@@', 'ence', 'c@@', 'oll@@', 'ab@@', 'or@@', 'ation', 'between', 'the', 'two', 'n@@', 'ations', '.']
2025-04-29 20:00:54,423 - DEBUG - joeynmt.training - 	Tokenized hypothesis: ['the', 'fact', 'that', 'the', 'Council', 'has', 'also', 'hop@@', 'ed', 'to', 'def@@', 'ence', 'between', 'the', 'two', 'n@@', 'ations', '.', '</s>']
2025-04-29 20:00:54,423 - INFO - joeynmt.training - 	Source:     Berichten zufolge hofft Indien darüber hinaus auf einen Vertrag zur Verteidigungszusammenarbeit zwischen den beiden Nationen .
2025-04-29 20:00:54,423 - INFO - joeynmt.training - 	Reference:  India is also reportedly hoping for a deal on defence collaboration between the two nations .
2025-04-29 20:00:54,423 - INFO - joeynmt.training - 	Hypothesis: the fact that the Council has also hoped to defence between the two nations .
2025-04-29 20:01:10,707 - INFO - joeynmt.training - Epoch   8, Step:    30600, Batch Loss:     1.565519, Batch Acc: 0.532200, Tokens per Sec:     5613, Lr: 0.000300
2025-04-29 20:01:27,084 - INFO - joeynmt.training - Epoch   8, Step:    30700, Batch Loss:     1.651718, Batch Acc: 0.524999, Tokens per Sec:     5625, Lr: 0.000300
2025-04-29 20:01:43,401 - INFO - joeynmt.training - Epoch   8, Step:    30800, Batch Loss:     1.736460, Batch Acc: 0.531454, Tokens per Sec:     5623, Lr: 0.000300
2025-04-29 20:01:59,697 - INFO - joeynmt.training - Epoch   8, Step:    30900, Batch Loss:     1.610461, Batch Acc: 0.531585, Tokens per Sec:     5603, Lr: 0.000300
2025-04-29 20:02:16,074 - INFO - joeynmt.training - Epoch   8, Step:    31000, Batch Loss:     1.612959, Batch Acc: 0.537225, Tokens per Sec:     5650, Lr: 0.000300
2025-04-29 20:02:16,074 - INFO - joeynmt.prediction - Predicting 500 example(s)... (Greedy decoding with min_output_length=1, max_output_length=-1, return_prob='none', generate_unk=True, repetition_penalty=-1, no_repeat_ngram_size=-1)
2025-04-29 20:02:42,471 - INFO - joeynmt.prediction - Evaluation result (greedy) loss:   2.11, ppl:   8.29, acc:   0.46, generation: 26.3934[sec], evaluation: 0.0000[sec]
2025-04-29 20:02:42,472 - INFO - joeynmt.training - Hooray! New best validation result [ppl]!
2025-04-29 20:02:42,558 - INFO - joeynmt.helpers - delete models/deen_transformer_prenorm/28000.ckpt
2025-04-29 20:02:42,571 - INFO - joeynmt.training - Example #0
2025-04-29 20:02:42,571 - DEBUG - joeynmt.training - 	Tokenized source:     ['die', 'Pre@@', 'mi@@', 'er@@', 'minist@@', 'er', 'Indi@@', 'ens', 'und', 'J@@', 'ap@@', 'ans', 'tra@@', 'fen', 'sich', 'in', 'T@@', 'ok@@', 'i@@', 'o', '.']
2025-04-29 20:02:42,571 - DEBUG - joeynmt.training - 	Tokenized reference:  ['Indi@@', 'a', 'and', 'J@@', 'ap@@', 'an', 'pri@@', 'me', 'minist@@', 'ers', 'me@@', 'et', 'in', 'T@@', 'ok@@', 'y@@', 'o']
2025-04-29 20:02:42,571 - DEBUG - joeynmt.training - 	Tokenized hypothesis: ['the', 'Pri@@', 'me', 'Minist@@', 'er', 'of', 'Indi@@', 'a', 'and', 'J@@', 'ap@@', 'an', ',', 'T@@', 'ok@@', 'i@@', 'o', '.', '</s>']
2025-04-29 20:02:42,571 - INFO - joeynmt.training - 	Source:     die Premierminister Indiens und Japans trafen sich in Tokio .
2025-04-29 20:02:42,571 - INFO - joeynmt.training - 	Reference:  India and Japan prime ministers meet in Tokyo
2025-04-29 20:02:42,571 - INFO - joeynmt.training - 	Hypothesis: the Prime Minister of India and Japan , Tokio .
2025-04-29 20:02:42,571 - INFO - joeynmt.training - Example #1
2025-04-29 20:02:42,571 - DEBUG - joeynmt.training - 	Tokenized source:     ['Indi@@', 'ens', 'neu@@', 'er', 'Pre@@', 'mi@@', 'er@@', 'minist@@', 'er', 'N@@', 'ar@@', 'end@@', 'ra', 'Mo@@', 'd@@', 'i', 'tri@@', 'fft', 'bei', 's@@', 'einem', 'ersten', 'wichti@@', 'gen', 'Aus@@', 'land@@', 's@@', 'bes@@', 'u@@', 'ch', 'seit', 's@@', 'einem', 'W@@', 'ah@@', 'l@@', 'si@@', 'e@@', 'g', 'im', 'Ma@@', 'i', 'seinen', 'j@@', 'ap@@', 'an@@', 'ischen', 'Am@@', 'ts@@', 'k@@', 'olle@@', 'gen', 'S@@', 'hin@@', 'z@@', 'o', 'A@@', 'be', 'in', 'T@@', 'ok@@', 'o', ',', 'um', 'wirtschaf@@', 'tliche', 'und', 'sicher@@', 'heits@@', 'politische', 'Be@@', 'zieh@@', 'ungen', 'zu', 'bes@@', 'pre@@', 'chen', '.']
2025-04-29 20:02:42,571 - DEBUG - joeynmt.training - 	Tokenized reference:  ['Indi@@', 'a', '&apos;s', 'new', 'pri@@', 'me', 'minist@@', 'er', ',', 'N@@', 'ar@@', 'end@@', 'ra', 'Mo@@', 'd@@', 'i', ',', 'is', 'me@@', 'eting', 'his', 'J@@', 'ap@@', 'an@@', 'ese', 'coun@@', 'ter@@', 'part', ',', 'S@@', 'hin@@', 'z@@', 'o', 'A@@', 'be', ',', 'in', 'T@@', 'ok@@', 'y@@', 'o', 'to', 'disc@@', 'uss', 'economic', 'and', 'security', 'ties', ',', 'on', 'his', 'first', 'major', 'fore@@', 'ign', 'visi@@', 't', 'since', 'w@@', 'inn@@', 'ing', 'Ma@@', 'y', '&apos;s', 'elec@@', 'tion', '.']
2025-04-29 20:02:42,571 - DEBUG - joeynmt.training - 	Tokenized hypothesis: ['Indi@@', 'a', 'new', 'Pri@@', 'me', 'Minist@@', 'er', 'N@@', 'ar@@', 'end@@', 'ra', 'Mo@@', 'd@@', 'i', ',', 'the', 'first', 'important', 'ex@@', 't@@', 'ent', 'of', 'his', 'first', 'important', 'ex@@', 't@@', 'ent', 'to', 'his', 'first', 'important', 'role', 'in', 'Ma@@', 'y', ',', 'S@@', 'hin@@', 'z@@', 'o', 'A@@', 'in', 'T@@', 'ok@@', 'o', 'to', 'be', 'T@@', 'ok@@', 'o', 'to', 're@@', 'mo@@', 've', 'economic', 'and', 'saf@@', 'ety', 'rel@@', 'ations', '.', '</s>']
2025-04-29 20:02:42,571 - INFO - joeynmt.training - 	Source:     Indiens neuer Premierminister Narendra Modi trifft bei seinem ersten wichtigen Auslandsbesuch seit seinem Wahlsieg im Mai seinen japanischen Amtskollegen Shinzo Abe in Toko , um wirtschaftliche und sicherheitspolitische Beziehungen zu besprechen .
2025-04-29 20:02:42,571 - INFO - joeynmt.training - 	Reference:  India &apos;s new prime minister , Narendra Modi , is meeting his Japanese counterpart , Shinzo Abe , in Tokyo to discuss economic and security ties , on his first major foreign visit since winning May &apos;s election .
2025-04-29 20:02:42,571 - INFO - joeynmt.training - 	Hypothesis: India new Prime Minister Narendra Modi , the first important extent of his first important extent to his first important role in May , Shinzo Ain Toko to be Toko to remove economic and safety relations .
2025-04-29 20:02:42,571 - INFO - joeynmt.training - Example #2
2025-04-29 20:02:42,571 - DEBUG - joeynmt.training - 	Tokenized source:     ['Herr', 'Mo@@', 'd@@', 'i', 'befindet', 'sich', 'auf', 'einer', 'fü@@', 'n@@', 'f@@', 'tä@@', 'gi@@', 'gen', 'Rei@@', 'se', 'nach', 'J@@', 'ap@@', 'an', ',', 'um', 'die', 'wirtschaf@@', 'tlichen', 'Be@@', 'zieh@@', 'ungen', 'mit', 'der', 'd@@', 'rit@@', 't@@', 'größ@@', 'ten', 'Wirtschafts@@', 'n@@', 'ation', 'der', 'Welt', 'zu', 'fes@@', 'tigen', '.']
2025-04-29 20:02:42,572 - DEBUG - joeynmt.training - 	Tokenized reference:  ['Mr', 'Mo@@', 'd@@', 'i', 'is', 'on', 'a', 'fi@@', 've', '@@@', '-@@', '@', 'day', 'tri@@', 'p', 'to', 'J@@', 'ap@@', 'an', 'to', 'streng@@', 'then', 'economic', 'ties', 'with', 'the', 'third', 'lar@@', 'ges@@', 't', 'econom@@', 'y', 'in', 'the', 'world', '.']
2025-04-29 20:02:42,572 - DEBUG - joeynmt.training - 	Tokenized hypothesis: ['Mr', 'Mo@@', 'd@@', 'i', 'is', 'located', 'on', 'a', 'fi@@', 'f@@', 'ty', 'tra@@', 'v@@', 'ell@@', 'ing', 'to', 'J@@', 'ap@@', 'an', 'to', 'J@@', 'ap@@', 'an', 'to', 'the', 'economic', 'rel@@', 'ations', 'with', 'the', 'third', 'lar@@', 'ges@@', 't', 'econom@@', 'y', '.', '</s>']
2025-04-29 20:02:42,572 - INFO - joeynmt.training - 	Source:     Herr Modi befindet sich auf einer fünftägigen Reise nach Japan , um die wirtschaftlichen Beziehungen mit der drittgrößten Wirtschaftsnation der Welt zu festigen .
2025-04-29 20:02:42,572 - INFO - joeynmt.training - 	Reference:  Mr Modi is on a five @-@ day trip to Japan to strengthen economic ties with the third largest economy in the world .
2025-04-29 20:02:42,572 - INFO - joeynmt.training - 	Hypothesis: Mr Modi is located on a fifty travelling to Japan to Japan to the economic relations with the third largest economy .
2025-04-29 20:02:42,572 - INFO - joeynmt.training - Example #3
2025-04-29 20:02:42,572 - DEBUG - joeynmt.training - 	Tokenized source:     ['P@@', 'län@@', 'e', 'für', 'eine', 'stärk@@', 'ere', 'k@@', 'ern@@', 'techn@@', 'ische', 'Zusammenarbeit', 'stehen', 'ganz', 'ob@@', 'en', 'auf', 'der', 'Tag@@', 'es@@', 'ordnung', '.']
2025-04-29 20:02:42,572 - DEBUG - joeynmt.training - 	Tokenized reference:  ['high', 'on', 'the', 'agen@@', 'da', 'are', 'pl@@', 'ans', 'for', 'gre@@', 'ater', 'nu@@', 'clear', 'c@@', 'o', '@@@', '-@@', '@', 'operation', '.']
2025-04-29 20:02:42,572 - DEBUG - joeynmt.training - 	Tokenized hypothesis: ['pl@@', 'ans', 'for', 'a', 'more', 'seri@@', 'ous', 'techn@@', 'ical', 'cooperation', 'are', 'in', 'the', 'agen@@', 'da', '.', '</s>']
2025-04-29 20:02:42,572 - INFO - joeynmt.training - 	Source:     Pläne für eine stärkere kerntechnische Zusammenarbeit stehen ganz oben auf der Tagesordnung .
2025-04-29 20:02:42,572 - INFO - joeynmt.training - 	Reference:  high on the agenda are plans for greater nuclear co @-@ operation .
2025-04-29 20:02:42,572 - INFO - joeynmt.training - 	Hypothesis: plans for a more serious technical cooperation are in the agenda .
2025-04-29 20:02:42,572 - INFO - joeynmt.training - Example #4
2025-04-29 20:02:42,572 - DEBUG - joeynmt.training - 	Tokenized source:     ['Berich@@', 'ten', 'zu@@', 'fol@@', 'ge', 'ho@@', 'fft', 'Indi@@', 'en', 'darüber', 'hinaus', 'auf', 'einen', 'Ver@@', 'trag', 'zur', 'Ver@@', 'tei@@', 'dig@@', 'ungs@@', 'zusammen@@', 'arbeit', 'zwischen', 'den', 'beiden', 'N@@', 'ationen', '.']
2025-04-29 20:02:42,572 - DEBUG - joeynmt.training - 	Tokenized reference:  ['Indi@@', 'a', 'is', 'also', 're@@', 'porte@@', 'dly', 'hop@@', 'ing', 'for', 'a', 'de@@', 'al', 'on', 'def@@', 'ence', 'c@@', 'oll@@', 'ab@@', 'or@@', 'ation', 'between', 'the', 'two', 'n@@', 'ations', '.']
2025-04-29 20:02:42,572 - DEBUG - joeynmt.training - 	Tokenized hypothesis: ['it', 'is', 'also', 'tru@@', 'e', 'that', 'Indi@@', 'a', 'has', 'also', 'hop@@', 'ed', 'to', 'def@@', 'ence', 'between', 'the', 'two', 'n@@', 'ations', '.', '</s>']
2025-04-29 20:02:42,572 - INFO - joeynmt.training - 	Source:     Berichten zufolge hofft Indien darüber hinaus auf einen Vertrag zur Verteidigungszusammenarbeit zwischen den beiden Nationen .
2025-04-29 20:02:42,572 - INFO - joeynmt.training - 	Reference:  India is also reportedly hoping for a deal on defence collaboration between the two nations .
2025-04-29 20:02:42,572 - INFO - joeynmt.training - 	Hypothesis: it is also true that India has also hoped to defence between the two nations .
2025-04-29 20:02:58,994 - INFO - joeynmt.training - Epoch   8, Step:    31100, Batch Loss:     1.752058, Batch Acc: 0.531313, Tokens per Sec:     5656, Lr: 0.000300
2025-04-29 20:03:15,257 - INFO - joeynmt.training - Epoch   8, Step:    31200, Batch Loss:     2.023926, Batch Acc: 0.532909, Tokens per Sec:     5620, Lr: 0.000300
2025-04-29 20:03:31,486 - INFO - joeynmt.training - Epoch   8, Step:    31300, Batch Loss:     1.931533, Batch Acc: 0.524560, Tokens per Sec:     5512, Lr: 0.000300
2025-04-29 20:03:47,679 - INFO - joeynmt.training - Epoch   8, Step:    31400, Batch Loss:     1.655170, Batch Acc: 0.532330, Tokens per Sec:     5658, Lr: 0.000300
2025-04-29 20:04:04,045 - INFO - joeynmt.training - Epoch   8, Step:    31500, Batch Loss:     1.806514, Batch Acc: 0.524798, Tokens per Sec:     5639, Lr: 0.000300
2025-04-29 20:04:04,045 - INFO - joeynmt.prediction - Predicting 500 example(s)... (Greedy decoding with min_output_length=1, max_output_length=-1, return_prob='none', generate_unk=True, repetition_penalty=-1, no_repeat_ngram_size=-1)
2025-04-29 20:04:26,861 - INFO - joeynmt.prediction - Evaluation result (greedy) loss:   2.11, ppl:   8.28, acc:   0.46, generation: 22.8119[sec], evaluation: 0.0000[sec]
2025-04-29 20:04:26,862 - INFO - joeynmt.training - Hooray! New best validation result [ppl]!
2025-04-29 20:04:26,950 - INFO - joeynmt.helpers - delete models/deen_transformer_prenorm/29000.ckpt
2025-04-29 20:04:26,966 - INFO - joeynmt.training - Example #0
2025-04-29 20:04:26,966 - DEBUG - joeynmt.training - 	Tokenized source:     ['die', 'Pre@@', 'mi@@', 'er@@', 'minist@@', 'er', 'Indi@@', 'ens', 'und', 'J@@', 'ap@@', 'ans', 'tra@@', 'fen', 'sich', 'in', 'T@@', 'ok@@', 'i@@', 'o', '.']
2025-04-29 20:04:26,966 - DEBUG - joeynmt.training - 	Tokenized reference:  ['Indi@@', 'a', 'and', 'J@@', 'ap@@', 'an', 'pri@@', 'me', 'minist@@', 'ers', 'me@@', 'et', 'in', 'T@@', 'ok@@', 'y@@', 'o']
2025-04-29 20:04:26,966 - DEBUG - joeynmt.training - 	Tokenized hypothesis: ['Pri@@', 'me', 'Minist@@', 'er', 'Indi@@', 'a', 'and', 'J@@', 'ap@@', 'an', ',', 'T@@', 'ok@@', 'i@@', 'o', '.', '</s>']
2025-04-29 20:04:26,966 - INFO - joeynmt.training - 	Source:     die Premierminister Indiens und Japans trafen sich in Tokio .
2025-04-29 20:04:26,966 - INFO - joeynmt.training - 	Reference:  India and Japan prime ministers meet in Tokyo
2025-04-29 20:04:26,966 - INFO - joeynmt.training - 	Hypothesis: Prime Minister India and Japan , Tokio .
2025-04-29 20:04:26,966 - INFO - joeynmt.training - Example #1
2025-04-29 20:04:26,966 - DEBUG - joeynmt.training - 	Tokenized source:     ['Indi@@', 'ens', 'neu@@', 'er', 'Pre@@', 'mi@@', 'er@@', 'minist@@', 'er', 'N@@', 'ar@@', 'end@@', 'ra', 'Mo@@', 'd@@', 'i', 'tri@@', 'fft', 'bei', 's@@', 'einem', 'ersten', 'wichti@@', 'gen', 'Aus@@', 'land@@', 's@@', 'bes@@', 'u@@', 'ch', 'seit', 's@@', 'einem', 'W@@', 'ah@@', 'l@@', 'si@@', 'e@@', 'g', 'im', 'Ma@@', 'i', 'seinen', 'j@@', 'ap@@', 'an@@', 'ischen', 'Am@@', 'ts@@', 'k@@', 'olle@@', 'gen', 'S@@', 'hin@@', 'z@@', 'o', 'A@@', 'be', 'in', 'T@@', 'ok@@', 'o', ',', 'um', 'wirtschaf@@', 'tliche', 'und', 'sicher@@', 'heits@@', 'politische', 'Be@@', 'zieh@@', 'ungen', 'zu', 'bes@@', 'pre@@', 'chen', '.']
2025-04-29 20:04:26,966 - DEBUG - joeynmt.training - 	Tokenized reference:  ['Indi@@', 'a', '&apos;s', 'new', 'pri@@', 'me', 'minist@@', 'er', ',', 'N@@', 'ar@@', 'end@@', 'ra', 'Mo@@', 'd@@', 'i', ',', 'is', 'me@@', 'eting', 'his', 'J@@', 'ap@@', 'an@@', 'ese', 'coun@@', 'ter@@', 'part', ',', 'S@@', 'hin@@', 'z@@', 'o', 'A@@', 'be', ',', 'in', 'T@@', 'ok@@', 'y@@', 'o', 'to', 'disc@@', 'uss', 'economic', 'and', 'security', 'ties', ',', 'on', 'his', 'first', 'major', 'fore@@', 'ign', 'visi@@', 't', 'since', 'w@@', 'inn@@', 'ing', 'Ma@@', 'y', '&apos;s', 'elec@@', 'tion', '.']
2025-04-29 20:04:26,966 - DEBUG - joeynmt.training - 	Tokenized hypothesis: ['Indi@@', 'a', 'new', 'Pri@@', 'me', 'Minist@@', 'er', 'N@@', 'ar@@', 'end@@', 'ra', 'Mo@@', 'd@@', 'i', '&apos;s', 'first', 'important', 'fore@@', 'ign', ',', 'for', 'his', 'first', 'important', 'ex@@', 't@@', 'ent', 'since', 'his', 'year', ',', 'in', 'the', 'Ma@@', 'y', 'of', 'his', 'J@@', 'ap@@', 'an@@', 'ese', 'colle@@', 'ag@@', 'u@@', 'es', 'in', 'Ma@@', 'y', ',', 'S@@', 'hin@@', 'z@@', 'o', 'A@@', 'in', 'T@@', 'ok@@', 'o', ',', 'in', 'a', 're@@', 'le@@', 'ase', '.', '</s>']
2025-04-29 20:04:26,966 - INFO - joeynmt.training - 	Source:     Indiens neuer Premierminister Narendra Modi trifft bei seinem ersten wichtigen Auslandsbesuch seit seinem Wahlsieg im Mai seinen japanischen Amtskollegen Shinzo Abe in Toko , um wirtschaftliche und sicherheitspolitische Beziehungen zu besprechen .
2025-04-29 20:04:26,966 - INFO - joeynmt.training - 	Reference:  India &apos;s new prime minister , Narendra Modi , is meeting his Japanese counterpart , Shinzo Abe , in Tokyo to discuss economic and security ties , on his first major foreign visit since winning May &apos;s election .
2025-04-29 20:04:26,966 - INFO - joeynmt.training - 	Hypothesis: India new Prime Minister Narendra Modi &apos;s first important foreign , for his first important extent since his year , in the May of his Japanese colleagues in May , Shinzo Ain Toko , in a release .
2025-04-29 20:04:26,966 - INFO - joeynmt.training - Example #2
2025-04-29 20:04:26,966 - DEBUG - joeynmt.training - 	Tokenized source:     ['Herr', 'Mo@@', 'd@@', 'i', 'befindet', 'sich', 'auf', 'einer', 'fü@@', 'n@@', 'f@@', 'tä@@', 'gi@@', 'gen', 'Rei@@', 'se', 'nach', 'J@@', 'ap@@', 'an', ',', 'um', 'die', 'wirtschaf@@', 'tlichen', 'Be@@', 'zieh@@', 'ungen', 'mit', 'der', 'd@@', 'rit@@', 't@@', 'größ@@', 'ten', 'Wirtschafts@@', 'n@@', 'ation', 'der', 'Welt', 'zu', 'fes@@', 'tigen', '.']
2025-04-29 20:04:26,966 - DEBUG - joeynmt.training - 	Tokenized reference:  ['Mr', 'Mo@@', 'd@@', 'i', 'is', 'on', 'a', 'fi@@', 've', '@@@', '-@@', '@', 'day', 'tri@@', 'p', 'to', 'J@@', 'ap@@', 'an', 'to', 'streng@@', 'then', 'economic', 'ties', 'with', 'the', 'third', 'lar@@', 'ges@@', 't', 'econom@@', 'y', 'in', 'the', 'world', '.']
2025-04-29 20:04:26,966 - DEBUG - joeynmt.training - 	Tokenized hypothesis: ['Mr', 'Mo@@', 'd@@', 'i', 'is', 'located', 'on', 'a', 'fi@@', 'f@@', 'ty', 'tra@@', 'v@@', 'el', 'to', 'J@@', 'ap@@', 'an', 'to', 'the', 'economic', 'rel@@', 'ations', 'with', 'the', 'third', 'lar@@', 'ges@@', 't', 'economic', 'rel@@', 'ations', 'with', 'the', 'third', 'lar@@', 'ges@@', 't', 'economic', 'n@@', 'ation', '.', '</s>']
2025-04-29 20:04:26,966 - INFO - joeynmt.training - 	Source:     Herr Modi befindet sich auf einer fünftägigen Reise nach Japan , um die wirtschaftlichen Beziehungen mit der drittgrößten Wirtschaftsnation der Welt zu festigen .
2025-04-29 20:04:26,966 - INFO - joeynmt.training - 	Reference:  Mr Modi is on a five @-@ day trip to Japan to strengthen economic ties with the third largest economy in the world .
2025-04-29 20:04:26,966 - INFO - joeynmt.training - 	Hypothesis: Mr Modi is located on a fifty travel to Japan to the economic relations with the third largest economic relations with the third largest economic nation .
2025-04-29 20:04:26,966 - INFO - joeynmt.training - Example #3
2025-04-29 20:04:26,967 - DEBUG - joeynmt.training - 	Tokenized source:     ['P@@', 'län@@', 'e', 'für', 'eine', 'stärk@@', 'ere', 'k@@', 'ern@@', 'techn@@', 'ische', 'Zusammenarbeit', 'stehen', 'ganz', 'ob@@', 'en', 'auf', 'der', 'Tag@@', 'es@@', 'ordnung', '.']
2025-04-29 20:04:26,967 - DEBUG - joeynmt.training - 	Tokenized reference:  ['high', 'on', 'the', 'agen@@', 'da', 'are', 'pl@@', 'ans', 'for', 'gre@@', 'ater', 'nu@@', 'clear', 'c@@', 'o', '@@@', '-@@', '@', 'operation', '.']
2025-04-29 20:04:26,967 - DEBUG - joeynmt.training - 	Tokenized hypothesis: ['pl@@', 'ans', 'for', 'more', 'seri@@', 'ous', 'co@@', '-@@', 'operation', 'is', 'on', 'the', 'agen@@', 'da', '.', '</s>']
2025-04-29 20:04:26,967 - INFO - joeynmt.training - 	Source:     Pläne für eine stärkere kerntechnische Zusammenarbeit stehen ganz oben auf der Tagesordnung .
2025-04-29 20:04:26,967 - INFO - joeynmt.training - 	Reference:  high on the agenda are plans for greater nuclear co @-@ operation .
2025-04-29 20:04:26,967 - INFO - joeynmt.training - 	Hypothesis: plans for more serious co-operation is on the agenda .
2025-04-29 20:04:26,967 - INFO - joeynmt.training - Example #4
2025-04-29 20:04:26,967 - DEBUG - joeynmt.training - 	Tokenized source:     ['Berich@@', 'ten', 'zu@@', 'fol@@', 'ge', 'ho@@', 'fft', 'Indi@@', 'en', 'darüber', 'hinaus', 'auf', 'einen', 'Ver@@', 'trag', 'zur', 'Ver@@', 'tei@@', 'dig@@', 'ungs@@', 'zusammen@@', 'arbeit', 'zwischen', 'den', 'beiden', 'N@@', 'ationen', '.']
2025-04-29 20:04:26,967 - DEBUG - joeynmt.training - 	Tokenized reference:  ['Indi@@', 'a', 'is', 'also', 're@@', 'porte@@', 'dly', 'hop@@', 'ing', 'for', 'a', 'de@@', 'al', 'on', 'def@@', 'ence', 'c@@', 'oll@@', 'ab@@', 'or@@', 'ation', 'between', 'the', 'two', 'n@@', 'ations', '.']
2025-04-29 20:04:26,967 - DEBUG - joeynmt.training - 	Tokenized hypothesis: ['it', 'is', 'also', 'high', 'as', 'a', 'result', 'of', 'a', 'con@@', 'tra@@', 'ct', 'on', 'a', 'con@@', 'tra@@', 'ct', 'of', 'com@@', 'par@@', 'is@@', 'on', 'with', 'the', 'two', 'n@@', 'ations', '.', '</s>']
2025-04-29 20:04:26,967 - INFO - joeynmt.training - 	Source:     Berichten zufolge hofft Indien darüber hinaus auf einen Vertrag zur Verteidigungszusammenarbeit zwischen den beiden Nationen .
2025-04-29 20:04:26,967 - INFO - joeynmt.training - 	Reference:  India is also reportedly hoping for a deal on defence collaboration between the two nations .
2025-04-29 20:04:26,967 - INFO - joeynmt.training - 	Hypothesis: it is also high as a result of a contract on a contract of comparison with the two nations .
2025-04-29 20:04:43,511 - INFO - joeynmt.training - Epoch   8, Step:    31600, Batch Loss:     1.875019, Batch Acc: 0.528124, Tokens per Sec:     5574, Lr: 0.000300
2025-04-29 20:04:59,729 - INFO - joeynmt.training - Epoch   8, Step:    31700, Batch Loss:     1.887941, Batch Acc: 0.531718, Tokens per Sec:     5582, Lr: 0.000300
2025-04-29 20:05:16,103 - INFO - joeynmt.training - Epoch   8, Step:    31800, Batch Loss:     1.666377, Batch Acc: 0.526579, Tokens per Sec:     5679, Lr: 0.000300
2025-04-29 20:05:32,433 - INFO - joeynmt.training - Epoch   8, Step:    31900, Batch Loss:     1.737652, Batch Acc: 0.531983, Tokens per Sec:     5694, Lr: 0.000300
2025-04-29 20:05:48,774 - INFO - joeynmt.training - Epoch   8, Step:    32000, Batch Loss:     1.826919, Batch Acc: 0.531075, Tokens per Sec:     5610, Lr: 0.000300
2025-04-29 20:05:48,774 - INFO - joeynmt.prediction - Predicting 500 example(s)... (Greedy decoding with min_output_length=1, max_output_length=-1, return_prob='none', generate_unk=True, repetition_penalty=-1, no_repeat_ngram_size=-1)
2025-04-29 20:06:13,361 - INFO - joeynmt.prediction - Evaluation result (greedy) loss:   2.11, ppl:   8.23, acc:   0.46, generation: 24.5831[sec], evaluation: 0.0000[sec]
2025-04-29 20:06:13,362 - INFO - joeynmt.training - Hooray! New best validation result [ppl]!
2025-04-29 20:06:13,446 - INFO - joeynmt.helpers - delete models/deen_transformer_prenorm/30000.ckpt
2025-04-29 20:06:13,462 - INFO - joeynmt.training - Example #0
2025-04-29 20:06:13,462 - DEBUG - joeynmt.training - 	Tokenized source:     ['die', 'Pre@@', 'mi@@', 'er@@', 'minist@@', 'er', 'Indi@@', 'ens', 'und', 'J@@', 'ap@@', 'ans', 'tra@@', 'fen', 'sich', 'in', 'T@@', 'ok@@', 'i@@', 'o', '.']
2025-04-29 20:06:13,462 - DEBUG - joeynmt.training - 	Tokenized reference:  ['Indi@@', 'a', 'and', 'J@@', 'ap@@', 'an', 'pri@@', 'me', 'minist@@', 'ers', 'me@@', 'et', 'in', 'T@@', 'ok@@', 'y@@', 'o']
2025-04-29 20:06:13,462 - DEBUG - joeynmt.training - 	Tokenized hypothesis: ['the', 'Pri@@', 'me', 'Minist@@', 'er', 'Indi@@', 'a', 'and', 'J@@', 'ap@@', 'an', ',', 'T@@', 'ok@@', 'i@@', 'o', '.', '</s>']
2025-04-29 20:06:13,463 - INFO - joeynmt.training - 	Source:     die Premierminister Indiens und Japans trafen sich in Tokio .
2025-04-29 20:06:13,463 - INFO - joeynmt.training - 	Reference:  India and Japan prime ministers meet in Tokyo
2025-04-29 20:06:13,463 - INFO - joeynmt.training - 	Hypothesis: the Prime Minister India and Japan , Tokio .
2025-04-29 20:06:13,463 - INFO - joeynmt.training - Example #1
2025-04-29 20:06:13,463 - DEBUG - joeynmt.training - 	Tokenized source:     ['Indi@@', 'ens', 'neu@@', 'er', 'Pre@@', 'mi@@', 'er@@', 'minist@@', 'er', 'N@@', 'ar@@', 'end@@', 'ra', 'Mo@@', 'd@@', 'i', 'tri@@', 'fft', 'bei', 's@@', 'einem', 'ersten', 'wichti@@', 'gen', 'Aus@@', 'land@@', 's@@', 'bes@@', 'u@@', 'ch', 'seit', 's@@', 'einem', 'W@@', 'ah@@', 'l@@', 'si@@', 'e@@', 'g', 'im', 'Ma@@', 'i', 'seinen', 'j@@', 'ap@@', 'an@@', 'ischen', 'Am@@', 'ts@@', 'k@@', 'olle@@', 'gen', 'S@@', 'hin@@', 'z@@', 'o', 'A@@', 'be', 'in', 'T@@', 'ok@@', 'o', ',', 'um', 'wirtschaf@@', 'tliche', 'und', 'sicher@@', 'heits@@', 'politische', 'Be@@', 'zieh@@', 'ungen', 'zu', 'bes@@', 'pre@@', 'chen', '.']
2025-04-29 20:06:13,463 - DEBUG - joeynmt.training - 	Tokenized reference:  ['Indi@@', 'a', '&apos;s', 'new', 'pri@@', 'me', 'minist@@', 'er', ',', 'N@@', 'ar@@', 'end@@', 'ra', 'Mo@@', 'd@@', 'i', ',', 'is', 'me@@', 'eting', 'his', 'J@@', 'ap@@', 'an@@', 'ese', 'coun@@', 'ter@@', 'part', ',', 'S@@', 'hin@@', 'z@@', 'o', 'A@@', 'be', ',', 'in', 'T@@', 'ok@@', 'y@@', 'o', 'to', 'disc@@', 'uss', 'economic', 'and', 'security', 'ties', ',', 'on', 'his', 'first', 'major', 'fore@@', 'ign', 'visi@@', 't', 'since', 'w@@', 'inn@@', 'ing', 'Ma@@', 'y', '&apos;s', 'elec@@', 'tion', '.']
2025-04-29 20:06:13,463 - DEBUG - joeynmt.training - 	Tokenized hypothesis: ['Indi@@', 'a', 'new', 'Pri@@', 'me', 'Minist@@', 'er', 'N@@', 'ar@@', 'end@@', 'ra', 'Mo@@', 'd@@', 'i', '&apos;s', 'first', 'important', 'ex@@', 't@@', 'ent', 'to', 'his', 'first', 'important', 'ex@@', 't@@', 'ent', 'since', 'his', 'elec@@', 't@@', 'or@@', 'al', 'A@@', 'ss@@', 'em@@', 'b@@', 'ly', 'in', 'Ma@@', 'y', 'to', 'S@@', 'hin@@', 'z@@', 'o', 'A@@', 'in', 'T@@', 'ok@@', 'o', ',', 'in', 'T@@', 'ok@@', 'o', ',', 'to', 'a@@', 'vo@@', 'id', 'economic', 'and', 'security', 'policy', 'rel@@', 'ations', '.', '</s>']
2025-04-29 20:06:13,463 - INFO - joeynmt.training - 	Source:     Indiens neuer Premierminister Narendra Modi trifft bei seinem ersten wichtigen Auslandsbesuch seit seinem Wahlsieg im Mai seinen japanischen Amtskollegen Shinzo Abe in Toko , um wirtschaftliche und sicherheitspolitische Beziehungen zu besprechen .
2025-04-29 20:06:13,463 - INFO - joeynmt.training - 	Reference:  India &apos;s new prime minister , Narendra Modi , is meeting his Japanese counterpart , Shinzo Abe , in Tokyo to discuss economic and security ties , on his first major foreign visit since winning May &apos;s election .
2025-04-29 20:06:13,463 - INFO - joeynmt.training - 	Hypothesis: India new Prime Minister Narendra Modi &apos;s first important extent to his first important extent since his electoral Assembly in May to Shinzo Ain Toko , in Toko , to avoid economic and security policy relations .
2025-04-29 20:06:13,463 - INFO - joeynmt.training - Example #2
2025-04-29 20:06:13,463 - DEBUG - joeynmt.training - 	Tokenized source:     ['Herr', 'Mo@@', 'd@@', 'i', 'befindet', 'sich', 'auf', 'einer', 'fü@@', 'n@@', 'f@@', 'tä@@', 'gi@@', 'gen', 'Rei@@', 'se', 'nach', 'J@@', 'ap@@', 'an', ',', 'um', 'die', 'wirtschaf@@', 'tlichen', 'Be@@', 'zieh@@', 'ungen', 'mit', 'der', 'd@@', 'rit@@', 't@@', 'größ@@', 'ten', 'Wirtschafts@@', 'n@@', 'ation', 'der', 'Welt', 'zu', 'fes@@', 'tigen', '.']
2025-04-29 20:06:13,463 - DEBUG - joeynmt.training - 	Tokenized reference:  ['Mr', 'Mo@@', 'd@@', 'i', 'is', 'on', 'a', 'fi@@', 've', '@@@', '-@@', '@', 'day', 'tri@@', 'p', 'to', 'J@@', 'ap@@', 'an', 'to', 'streng@@', 'then', 'economic', 'ties', 'with', 'the', 'third', 'lar@@', 'ges@@', 't', 'econom@@', 'y', 'in', 'the', 'world', '.']
2025-04-29 20:06:13,463 - DEBUG - joeynmt.training - 	Tokenized hypothesis: ['Mr', 'Mo@@', 'd@@', 'i', 'is', 'situ@@', 'ated', 'on', 'a', 'fi@@', 'f@@', 'ty', 'tra@@', 'v@@', 'el', 'to', 'J@@', 'ap@@', 'an', 'to', 'the', 'economic', 'rel@@', 'ations', 'with', 'the', 'third', 'lar@@', 'ges@@', 't', 'economic', 'rel@@', 'ations', 'with', 'the', 'third', 'lar@@', 'ges@@', 't', 'economic', 'ne@@', 'w@@', 'sp@@', 'ap@@', 'ers', '.', '</s>']
2025-04-29 20:06:13,463 - INFO - joeynmt.training - 	Source:     Herr Modi befindet sich auf einer fünftägigen Reise nach Japan , um die wirtschaftlichen Beziehungen mit der drittgrößten Wirtschaftsnation der Welt zu festigen .
2025-04-29 20:06:13,463 - INFO - joeynmt.training - 	Reference:  Mr Modi is on a five @-@ day trip to Japan to strengthen economic ties with the third largest economy in the world .
2025-04-29 20:06:13,463 - INFO - joeynmt.training - 	Hypothesis: Mr Modi is situated on a fifty travel to Japan to the economic relations with the third largest economic relations with the third largest economic newspapers .
2025-04-29 20:06:13,463 - INFO - joeynmt.training - Example #3
2025-04-29 20:06:13,463 - DEBUG - joeynmt.training - 	Tokenized source:     ['P@@', 'län@@', 'e', 'für', 'eine', 'stärk@@', 'ere', 'k@@', 'ern@@', 'techn@@', 'ische', 'Zusammenarbeit', 'stehen', 'ganz', 'ob@@', 'en', 'auf', 'der', 'Tag@@', 'es@@', 'ordnung', '.']
2025-04-29 20:06:13,463 - DEBUG - joeynmt.training - 	Tokenized reference:  ['high', 'on', 'the', 'agen@@', 'da', 'are', 'pl@@', 'ans', 'for', 'gre@@', 'ater', 'nu@@', 'clear', 'c@@', 'o', '@@@', '-@@', '@', 'operation', '.']
2025-04-29 20:06:13,463 - DEBUG - joeynmt.training - 	Tokenized hypothesis: ['pl@@', 'ans', 'for', 'more', 'seri@@', 'ous', 'c@@', 'oll@@', 'ab@@', 'or@@', 'ation', 'is', 'at', 'the', 'agen@@', 'da', '.', '</s>']
2025-04-29 20:06:13,463 - INFO - joeynmt.training - 	Source:     Pläne für eine stärkere kerntechnische Zusammenarbeit stehen ganz oben auf der Tagesordnung .
2025-04-29 20:06:13,463 - INFO - joeynmt.training - 	Reference:  high on the agenda are plans for greater nuclear co @-@ operation .
2025-04-29 20:06:13,463 - INFO - joeynmt.training - 	Hypothesis: plans for more serious collaboration is at the agenda .
2025-04-29 20:06:13,463 - INFO - joeynmt.training - Example #4
2025-04-29 20:06:13,463 - DEBUG - joeynmt.training - 	Tokenized source:     ['Berich@@', 'ten', 'zu@@', 'fol@@', 'ge', 'ho@@', 'fft', 'Indi@@', 'en', 'darüber', 'hinaus', 'auf', 'einen', 'Ver@@', 'trag', 'zur', 'Ver@@', 'tei@@', 'dig@@', 'ungs@@', 'zusammen@@', 'arbeit', 'zwischen', 'den', 'beiden', 'N@@', 'ationen', '.']
2025-04-29 20:06:13,463 - DEBUG - joeynmt.training - 	Tokenized reference:  ['Indi@@', 'a', 'is', 'also', 're@@', 'porte@@', 'dly', 'hop@@', 'ing', 'for', 'a', 'de@@', 'al', 'on', 'def@@', 'ence', 'c@@', 'oll@@', 'ab@@', 'or@@', 'ation', 'between', 'the', 'two', 'n@@', 'ations', '.']
2025-04-29 20:06:13,463 - DEBUG - joeynmt.training - 	Tokenized hypothesis: ['re@@', 'ports', ',', 'in', 'ad@@', 'dition', ',', 'it', 'is', 'also', 'a', 'result', 'of', 'a', 'tre@@', 'aty', 'on', 'def@@', 'ence', 'between', 'the', 'two', 'n@@', 'ations', '.', '</s>']
2025-04-29 20:06:13,463 - INFO - joeynmt.training - 	Source:     Berichten zufolge hofft Indien darüber hinaus auf einen Vertrag zur Verteidigungszusammenarbeit zwischen den beiden Nationen .
2025-04-29 20:06:13,464 - INFO - joeynmt.training - 	Reference:  India is also reportedly hoping for a deal on defence collaboration between the two nations .
2025-04-29 20:06:13,464 - INFO - joeynmt.training - 	Hypothesis: reports , in addition , it is also a result of a treaty on defence between the two nations .
2025-04-29 20:06:29,794 - INFO - joeynmt.training - Epoch   8, Step:    32100, Batch Loss:     1.615315, Batch Acc: 0.538261, Tokens per Sec:     5569, Lr: 0.000300
2025-04-29 20:06:46,445 - INFO - joeynmt.training - Epoch   8, Step:    32200, Batch Loss:     1.803993, Batch Acc: 0.530260, Tokens per Sec:     5516, Lr: 0.000300
2025-04-29 20:07:03,802 - INFO - joeynmt.training - Epoch   8, Step:    32300, Batch Loss:     1.496665, Batch Acc: 0.529402, Tokens per Sec:     5300, Lr: 0.000300
2025-04-29 20:07:21,451 - INFO - joeynmt.training - Epoch   8, Step:    32400, Batch Loss:     1.629848, Batch Acc: 0.534280, Tokens per Sec:     5094, Lr: 0.000300
2025-04-29 20:07:38,270 - INFO - joeynmt.training - Epoch   8, Step:    32500, Batch Loss:     1.654112, Batch Acc: 0.540396, Tokens per Sec:     5342, Lr: 0.000300
2025-04-29 20:07:38,270 - INFO - joeynmt.prediction - Predicting 500 example(s)... (Greedy decoding with min_output_length=1, max_output_length=-1, return_prob='none', generate_unk=True, repetition_penalty=-1, no_repeat_ngram_size=-1)
2025-04-29 20:08:01,064 - INFO - joeynmt.prediction - Evaluation result (greedy) loss:   2.10, ppl:   8.19, acc:   0.46, generation: 22.7906[sec], evaluation: 0.0000[sec]
2025-04-29 20:08:01,065 - INFO - joeynmt.training - Hooray! New best validation result [ppl]!
2025-04-29 20:08:01,161 - INFO - joeynmt.helpers - delete models/deen_transformer_prenorm/28500.ckpt
2025-04-29 20:08:01,175 - INFO - joeynmt.training - Example #0
2025-04-29 20:08:01,175 - DEBUG - joeynmt.training - 	Tokenized source:     ['die', 'Pre@@', 'mi@@', 'er@@', 'minist@@', 'er', 'Indi@@', 'ens', 'und', 'J@@', 'ap@@', 'ans', 'tra@@', 'fen', 'sich', 'in', 'T@@', 'ok@@', 'i@@', 'o', '.']
2025-04-29 20:08:01,175 - DEBUG - joeynmt.training - 	Tokenized reference:  ['Indi@@', 'a', 'and', 'J@@', 'ap@@', 'an', 'pri@@', 'me', 'minist@@', 'ers', 'me@@', 'et', 'in', 'T@@', 'ok@@', 'y@@', 'o']
2025-04-29 20:08:01,175 - DEBUG - joeynmt.training - 	Tokenized hypothesis: ['the', 'Pre@@', 'mi@@', 'er', 'of', 'Indi@@', 'a', 'and', 'J@@', 'ap@@', 'an', ',', 'T@@', 'ok@@', 'i@@', 'o', '.', '</s>']
2025-04-29 20:08:01,176 - INFO - joeynmt.training - 	Source:     die Premierminister Indiens und Japans trafen sich in Tokio .
2025-04-29 20:08:01,176 - INFO - joeynmt.training - 	Reference:  India and Japan prime ministers meet in Tokyo
2025-04-29 20:08:01,176 - INFO - joeynmt.training - 	Hypothesis: the Premier of India and Japan , Tokio .
2025-04-29 20:08:01,176 - INFO - joeynmt.training - Example #1
2025-04-29 20:08:01,176 - DEBUG - joeynmt.training - 	Tokenized source:     ['Indi@@', 'ens', 'neu@@', 'er', 'Pre@@', 'mi@@', 'er@@', 'minist@@', 'er', 'N@@', 'ar@@', 'end@@', 'ra', 'Mo@@', 'd@@', 'i', 'tri@@', 'fft', 'bei', 's@@', 'einem', 'ersten', 'wichti@@', 'gen', 'Aus@@', 'land@@', 's@@', 'bes@@', 'u@@', 'ch', 'seit', 's@@', 'einem', 'W@@', 'ah@@', 'l@@', 'si@@', 'e@@', 'g', 'im', 'Ma@@', 'i', 'seinen', 'j@@', 'ap@@', 'an@@', 'ischen', 'Am@@', 'ts@@', 'k@@', 'olle@@', 'gen', 'S@@', 'hin@@', 'z@@', 'o', 'A@@', 'be', 'in', 'T@@', 'ok@@', 'o', ',', 'um', 'wirtschaf@@', 'tliche', 'und', 'sicher@@', 'heits@@', 'politische', 'Be@@', 'zieh@@', 'ungen', 'zu', 'bes@@', 'pre@@', 'chen', '.']
2025-04-29 20:08:01,176 - DEBUG - joeynmt.training - 	Tokenized reference:  ['Indi@@', 'a', '&apos;s', 'new', 'pri@@', 'me', 'minist@@', 'er', ',', 'N@@', 'ar@@', 'end@@', 'ra', 'Mo@@', 'd@@', 'i', ',', 'is', 'me@@', 'eting', 'his', 'J@@', 'ap@@', 'an@@', 'ese', 'coun@@', 'ter@@', 'part', ',', 'S@@', 'hin@@', 'z@@', 'o', 'A@@', 'be', ',', 'in', 'T@@', 'ok@@', 'y@@', 'o', 'to', 'disc@@', 'uss', 'economic', 'and', 'security', 'ties', ',', 'on', 'his', 'first', 'major', 'fore@@', 'ign', 'visi@@', 't', 'since', 'w@@', 'inn@@', 'ing', 'Ma@@', 'y', '&apos;s', 'elec@@', 'tion', '.']
2025-04-29 20:08:01,176 - DEBUG - joeynmt.training - 	Tokenized hypothesis: ['Indi@@', 'a', '&apos;s', 'new', 'Pri@@', 'me', 'Minist@@', 'er', 'N@@', 'ar@@', 'end@@', 'ra', 'Mo@@', 'd@@', 'i', ',', 'the', 'first', 'important', 'ex@@', 't@@', 'ent', 'of', 'the', 'first', 'important', 'ex@@', 'change', 'for', 'his', 'first', 'important', 'ex@@', 't@@', 'ent', 'in', 'Ma@@', 'y', 'of', 'S@@', 'hin@@', 'z@@', 'o', 'A@@', 'in', 'T@@', 'ok@@', 'o', ',', 'in', 'T@@', 'ok@@', 'o', ',', 'in', 'order', 'to', 'economic', 'and', 'security', 'political', 'rel@@', 'ations', '.', '</s>']
2025-04-29 20:08:01,176 - INFO - joeynmt.training - 	Source:     Indiens neuer Premierminister Narendra Modi trifft bei seinem ersten wichtigen Auslandsbesuch seit seinem Wahlsieg im Mai seinen japanischen Amtskollegen Shinzo Abe in Toko , um wirtschaftliche und sicherheitspolitische Beziehungen zu besprechen .
2025-04-29 20:08:01,176 - INFO - joeynmt.training - 	Reference:  India &apos;s new prime minister , Narendra Modi , is meeting his Japanese counterpart , Shinzo Abe , in Tokyo to discuss economic and security ties , on his first major foreign visit since winning May &apos;s election .
2025-04-29 20:08:01,176 - INFO - joeynmt.training - 	Hypothesis: India &apos;s new Prime Minister Narendra Modi , the first important extent of the first important exchange for his first important extent in May of Shinzo Ain Toko , in Toko , in order to economic and security political relations .
2025-04-29 20:08:01,176 - INFO - joeynmt.training - Example #2
2025-04-29 20:08:01,176 - DEBUG - joeynmt.training - 	Tokenized source:     ['Herr', 'Mo@@', 'd@@', 'i', 'befindet', 'sich', 'auf', 'einer', 'fü@@', 'n@@', 'f@@', 'tä@@', 'gi@@', 'gen', 'Rei@@', 'se', 'nach', 'J@@', 'ap@@', 'an', ',', 'um', 'die', 'wirtschaf@@', 'tlichen', 'Be@@', 'zieh@@', 'ungen', 'mit', 'der', 'd@@', 'rit@@', 't@@', 'größ@@', 'ten', 'Wirtschafts@@', 'n@@', 'ation', 'der', 'Welt', 'zu', 'fes@@', 'tigen', '.']
2025-04-29 20:08:01,176 - DEBUG - joeynmt.training - 	Tokenized reference:  ['Mr', 'Mo@@', 'd@@', 'i', 'is', 'on', 'a', 'fi@@', 've', '@@@', '-@@', '@', 'day', 'tri@@', 'p', 'to', 'J@@', 'ap@@', 'an', 'to', 'streng@@', 'then', 'economic', 'ties', 'with', 'the', 'third', 'lar@@', 'ges@@', 't', 'econom@@', 'y', 'in', 'the', 'world', '.']
2025-04-29 20:08:01,176 - DEBUG - joeynmt.training - 	Tokenized hypothesis: ['Mr', 'Mo@@', 'd@@', 'i', 'is', 'based', 'on', 'a', 'fi@@', 'f@@', 'ty', 'ri@@', 'ch', 'tra@@', 'ff@@', 'ic', 'to', 'J@@', 'ap@@', 'an', 'to', 'the', 'economic', 'rel@@', 'ation@@', 'ship', 'with', 'the', 'third', 'lar@@', 'ges@@', 't', 'economic', 'ne@@', 'ws', '.', '</s>']
2025-04-29 20:08:01,176 - INFO - joeynmt.training - 	Source:     Herr Modi befindet sich auf einer fünftägigen Reise nach Japan , um die wirtschaftlichen Beziehungen mit der drittgrößten Wirtschaftsnation der Welt zu festigen .
2025-04-29 20:08:01,176 - INFO - joeynmt.training - 	Reference:  Mr Modi is on a five @-@ day trip to Japan to strengthen economic ties with the third largest economy in the world .
2025-04-29 20:08:01,176 - INFO - joeynmt.training - 	Hypothesis: Mr Modi is based on a fifty rich traffic to Japan to the economic relationship with the third largest economic news .
2025-04-29 20:08:01,176 - INFO - joeynmt.training - Example #3
2025-04-29 20:08:01,176 - DEBUG - joeynmt.training - 	Tokenized source:     ['P@@', 'län@@', 'e', 'für', 'eine', 'stärk@@', 'ere', 'k@@', 'ern@@', 'techn@@', 'ische', 'Zusammenarbeit', 'stehen', 'ganz', 'ob@@', 'en', 'auf', 'der', 'Tag@@', 'es@@', 'ordnung', '.']
2025-04-29 20:08:01,176 - DEBUG - joeynmt.training - 	Tokenized reference:  ['high', 'on', 'the', 'agen@@', 'da', 'are', 'pl@@', 'ans', 'for', 'gre@@', 'ater', 'nu@@', 'clear', 'c@@', 'o', '@@@', '-@@', '@', 'operation', '.']
2025-04-29 20:08:01,176 - DEBUG - joeynmt.training - 	Tokenized hypothesis: ['pl@@', 'ans', 'for', 'gre@@', 'ater', 'c@@', 'oll@@', 'ab@@', 'or@@', 'ation', ',', 'the', 'very', 'di@@', 'st@@', 'ant', 'of', 'the', 'agen@@', 'da', '.', '</s>']
2025-04-29 20:08:01,176 - INFO - joeynmt.training - 	Source:     Pläne für eine stärkere kerntechnische Zusammenarbeit stehen ganz oben auf der Tagesordnung .
2025-04-29 20:08:01,176 - INFO - joeynmt.training - 	Reference:  high on the agenda are plans for greater nuclear co @-@ operation .
2025-04-29 20:08:01,176 - INFO - joeynmt.training - 	Hypothesis: plans for greater collaboration , the very distant of the agenda .
2025-04-29 20:08:01,176 - INFO - joeynmt.training - Example #4
2025-04-29 20:08:01,176 - DEBUG - joeynmt.training - 	Tokenized source:     ['Berich@@', 'ten', 'zu@@', 'fol@@', 'ge', 'ho@@', 'fft', 'Indi@@', 'en', 'darüber', 'hinaus', 'auf', 'einen', 'Ver@@', 'trag', 'zur', 'Ver@@', 'tei@@', 'dig@@', 'ungs@@', 'zusammen@@', 'arbeit', 'zwischen', 'den', 'beiden', 'N@@', 'ationen', '.']
2025-04-29 20:08:01,176 - DEBUG - joeynmt.training - 	Tokenized reference:  ['Indi@@', 'a', 'is', 'also', 're@@', 'porte@@', 'dly', 'hop@@', 'ing', 'for', 'a', 'de@@', 'al', 'on', 'def@@', 'ence', 'c@@', 'oll@@', 'ab@@', 'or@@', 'ation', 'between', 'the', 'two', 'n@@', 'ations', '.']
2025-04-29 20:08:01,176 - DEBUG - joeynmt.training - 	Tokenized hypothesis: ['Indi@@', 'a', ',', 'it', 'is', 'tru@@', 'e', 'that', 'Indi@@', 'a', 'has', 'been', 're@@', 'ports', 'on', 'a', 'con@@', 'tra@@', 'ct', 'on', 'the', 'con@@', 'tra@@', 'ct', 'between', 'the', 'two', 'N@@', 'ations', '.', '</s>']
2025-04-29 20:08:01,176 - INFO - joeynmt.training - 	Source:     Berichten zufolge hofft Indien darüber hinaus auf einen Vertrag zur Verteidigungszusammenarbeit zwischen den beiden Nationen .
2025-04-29 20:08:01,176 - INFO - joeynmt.training - 	Reference:  India is also reportedly hoping for a deal on defence collaboration between the two nations .
2025-04-29 20:08:01,176 - INFO - joeynmt.training - 	Hypothesis: India , it is true that India has been reports on a contract on the contract between the two Nations .
2025-04-29 20:08:05,378 - INFO - joeynmt.training - Epoch   8: total training loss 6949.52
2025-04-29 20:08:05,378 - INFO - joeynmt.training - EPOCH 9
2025-04-29 20:08:17,838 - INFO - joeynmt.training - Epoch   9, Step:    32600, Batch Loss:     1.758374, Batch Acc: 0.550649, Tokens per Sec:     5385, Lr: 0.000300
2025-04-29 20:08:34,537 - INFO - joeynmt.training - Epoch   9, Step:    32700, Batch Loss:     1.706092, Batch Acc: 0.550837, Tokens per Sec:     5543, Lr: 0.000300
2025-04-29 20:08:51,470 - INFO - joeynmt.training - Epoch   9, Step:    32800, Batch Loss:     1.625144, Batch Acc: 0.542822, Tokens per Sec:     5464, Lr: 0.000300
2025-04-29 20:09:09,205 - INFO - joeynmt.training - Epoch   9, Step:    32900, Batch Loss:     1.632767, Batch Acc: 0.546869, Tokens per Sec:     5198, Lr: 0.000300
2025-04-29 20:09:26,135 - INFO - joeynmt.training - Epoch   9, Step:    33000, Batch Loss:     1.568401, Batch Acc: 0.551305, Tokens per Sec:     5455, Lr: 0.000300
2025-04-29 20:09:26,135 - INFO - joeynmt.prediction - Predicting 500 example(s)... (Greedy decoding with min_output_length=1, max_output_length=-1, return_prob='none', generate_unk=True, repetition_penalty=-1, no_repeat_ngram_size=-1)
2025-04-29 20:09:53,749 - INFO - joeynmt.prediction - Evaluation result (greedy) loss:   2.10, ppl:   8.20, acc:   0.46, generation: 27.6100[sec], evaluation: 0.0000[sec]
2025-04-29 20:09:53,834 - INFO - joeynmt.helpers - delete models/deen_transformer_prenorm/30500.ckpt
2025-04-29 20:09:53,846 - INFO - joeynmt.training - Example #0
2025-04-29 20:09:53,846 - DEBUG - joeynmt.training - 	Tokenized source:     ['die', 'Pre@@', 'mi@@', 'er@@', 'minist@@', 'er', 'Indi@@', 'ens', 'und', 'J@@', 'ap@@', 'ans', 'tra@@', 'fen', 'sich', 'in', 'T@@', 'ok@@', 'i@@', 'o', '.']
2025-04-29 20:09:53,846 - DEBUG - joeynmt.training - 	Tokenized reference:  ['Indi@@', 'a', 'and', 'J@@', 'ap@@', 'an', 'pri@@', 'me', 'minist@@', 'ers', 'me@@', 'et', 'in', 'T@@', 'ok@@', 'y@@', 'o']
2025-04-29 20:09:53,846 - DEBUG - joeynmt.training - 	Tokenized hypothesis: ['the', 'Pri@@', 'me', 'Minist@@', 'er', 'Indi@@', 'a', 'and', 'J@@', 'ap@@', 'an', 'tra@@', 'v@@', 'el', 'in', 'T@@', 'ok@@', 'y@@', 'o', '.', '</s>']
2025-04-29 20:09:53,846 - INFO - joeynmt.training - 	Source:     die Premierminister Indiens und Japans trafen sich in Tokio .
2025-04-29 20:09:53,846 - INFO - joeynmt.training - 	Reference:  India and Japan prime ministers meet in Tokyo
2025-04-29 20:09:53,846 - INFO - joeynmt.training - 	Hypothesis: the Prime Minister India and Japan travel in Tokyo .
2025-04-29 20:09:53,846 - INFO - joeynmt.training - Example #1
2025-04-29 20:09:53,846 - DEBUG - joeynmt.training - 	Tokenized source:     ['Indi@@', 'ens', 'neu@@', 'er', 'Pre@@', 'mi@@', 'er@@', 'minist@@', 'er', 'N@@', 'ar@@', 'end@@', 'ra', 'Mo@@', 'd@@', 'i', 'tri@@', 'fft', 'bei', 's@@', 'einem', 'ersten', 'wichti@@', 'gen', 'Aus@@', 'land@@', 's@@', 'bes@@', 'u@@', 'ch', 'seit', 's@@', 'einem', 'W@@', 'ah@@', 'l@@', 'si@@', 'e@@', 'g', 'im', 'Ma@@', 'i', 'seinen', 'j@@', 'ap@@', 'an@@', 'ischen', 'Am@@', 'ts@@', 'k@@', 'olle@@', 'gen', 'S@@', 'hin@@', 'z@@', 'o', 'A@@', 'be', 'in', 'T@@', 'ok@@', 'o', ',', 'um', 'wirtschaf@@', 'tliche', 'und', 'sicher@@', 'heits@@', 'politische', 'Be@@', 'zieh@@', 'ungen', 'zu', 'bes@@', 'pre@@', 'chen', '.']
2025-04-29 20:09:53,846 - DEBUG - joeynmt.training - 	Tokenized reference:  ['Indi@@', 'a', '&apos;s', 'new', 'pri@@', 'me', 'minist@@', 'er', ',', 'N@@', 'ar@@', 'end@@', 'ra', 'Mo@@', 'd@@', 'i', ',', 'is', 'me@@', 'eting', 'his', 'J@@', 'ap@@', 'an@@', 'ese', 'coun@@', 'ter@@', 'part', ',', 'S@@', 'hin@@', 'z@@', 'o', 'A@@', 'be', ',', 'in', 'T@@', 'ok@@', 'y@@', 'o', 'to', 'disc@@', 'uss', 'economic', 'and', 'security', 'ties', ',', 'on', 'his', 'first', 'major', 'fore@@', 'ign', 'visi@@', 't', 'since', 'w@@', 'inn@@', 'ing', 'Ma@@', 'y', '&apos;s', 'elec@@', 'tion', '.']
2025-04-29 20:09:53,846 - DEBUG - joeynmt.training - 	Tokenized hypothesis: ['Indi@@', 'a', 'new', 'Pri@@', 'me', 'Minist@@', 'er', 'N@@', 'ar@@', 'end@@', 'ra', 'Mo@@', 'd@@', 'i', '&apos;s', 'first', 'important', 're@@', 'ference', 'in', 'his', 'first', 'important', 'fore@@', 'ign', 'ag@@', 'o', ',', 'since', 'his', 'year', ',', 'he', 'was', 'his', 'J@@', 'ap@@', 'an@@', 'ese', 'colle@@', 'ag@@', 'ue', 'S@@', 'hin@@', 'z@@', 'o', 'A@@', 'in', 'Ma@@', 'y', ',', 'to', 'the', 'E@@', 'con@@', 'om@@', 'ic', 'and', 'S@@', 'hin@@', 'z@@', 'o', 'A@@', 'in', 'T@@', 'ok@@', 'o', ',', 'in', 'order', 'to', 'pre@@', 'v@@', 'ent', 'economic', 'and', 'security', 'political', 'rel@@', 'ations', '.', '</s>']
2025-04-29 20:09:53,846 - INFO - joeynmt.training - 	Source:     Indiens neuer Premierminister Narendra Modi trifft bei seinem ersten wichtigen Auslandsbesuch seit seinem Wahlsieg im Mai seinen japanischen Amtskollegen Shinzo Abe in Toko , um wirtschaftliche und sicherheitspolitische Beziehungen zu besprechen .
2025-04-29 20:09:53,846 - INFO - joeynmt.training - 	Reference:  India &apos;s new prime minister , Narendra Modi , is meeting his Japanese counterpart , Shinzo Abe , in Tokyo to discuss economic and security ties , on his first major foreign visit since winning May &apos;s election .
2025-04-29 20:09:53,846 - INFO - joeynmt.training - 	Hypothesis: India new Prime Minister Narendra Modi &apos;s first important reference in his first important foreign ago , since his year , he was his Japanese colleague Shinzo Ain May , to the Economic and Shinzo Ain Toko , in order to prevent economic and security political relations .
2025-04-29 20:09:53,846 - INFO - joeynmt.training - Example #2
2025-04-29 20:09:53,846 - DEBUG - joeynmt.training - 	Tokenized source:     ['Herr', 'Mo@@', 'd@@', 'i', 'befindet', 'sich', 'auf', 'einer', 'fü@@', 'n@@', 'f@@', 'tä@@', 'gi@@', 'gen', 'Rei@@', 'se', 'nach', 'J@@', 'ap@@', 'an', ',', 'um', 'die', 'wirtschaf@@', 'tlichen', 'Be@@', 'zieh@@', 'ungen', 'mit', 'der', 'd@@', 'rit@@', 't@@', 'größ@@', 'ten', 'Wirtschafts@@', 'n@@', 'ation', 'der', 'Welt', 'zu', 'fes@@', 'tigen', '.']
2025-04-29 20:09:53,846 - DEBUG - joeynmt.training - 	Tokenized reference:  ['Mr', 'Mo@@', 'd@@', 'i', 'is', 'on', 'a', 'fi@@', 've', '@@@', '-@@', '@', 'day', 'tri@@', 'p', 'to', 'J@@', 'ap@@', 'an', 'to', 'streng@@', 'then', 'economic', 'ties', 'with', 'the', 'third', 'lar@@', 'ges@@', 't', 'econom@@', 'y', 'in', 'the', 'world', '.']
2025-04-29 20:09:53,846 - DEBUG - joeynmt.training - 	Tokenized hypothesis: ['Mr', 'Mo@@', 'd@@', 'i', 'is', 'one', 'of', 'a', 'fi@@', 'f@@', 'ty', 'tra@@', 'v@@', 'el', 'to', 'J@@', 'ap@@', 'an', 'to', 'the', 'economic', 'rel@@', 'ations', 'with', 'the', 'third', 'lar@@', 'ges@@', 't', 'economic', 'rel@@', 'ations', 'with', 'the', 'third', 'lar@@', 'ges@@', 't', 'economic', 'ne@@', 'g@@', 'le@@', 'c@@', 'ting', '.', '</s>']
2025-04-29 20:09:53,846 - INFO - joeynmt.training - 	Source:     Herr Modi befindet sich auf einer fünftägigen Reise nach Japan , um die wirtschaftlichen Beziehungen mit der drittgrößten Wirtschaftsnation der Welt zu festigen .
2025-04-29 20:09:53,846 - INFO - joeynmt.training - 	Reference:  Mr Modi is on a five @-@ day trip to Japan to strengthen economic ties with the third largest economy in the world .
2025-04-29 20:09:53,847 - INFO - joeynmt.training - 	Hypothesis: Mr Modi is one of a fifty travel to Japan to the economic relations with the third largest economic relations with the third largest economic neglecting .
2025-04-29 20:09:53,847 - INFO - joeynmt.training - Example #3
2025-04-29 20:09:53,847 - DEBUG - joeynmt.training - 	Tokenized source:     ['P@@', 'län@@', 'e', 'für', 'eine', 'stärk@@', 'ere', 'k@@', 'ern@@', 'techn@@', 'ische', 'Zusammenarbeit', 'stehen', 'ganz', 'ob@@', 'en', 'auf', 'der', 'Tag@@', 'es@@', 'ordnung', '.']
2025-04-29 20:09:53,847 - DEBUG - joeynmt.training - 	Tokenized reference:  ['high', 'on', 'the', 'agen@@', 'da', 'are', 'pl@@', 'ans', 'for', 'gre@@', 'ater', 'nu@@', 'clear', 'c@@', 'o', '@@@', '-@@', '@', 'operation', '.']
2025-04-29 20:09:53,847 - DEBUG - joeynmt.training - 	Tokenized hypothesis: ['pl@@', 'ans', 'for', 'gre@@', 'ater', 'c@@', 'oll@@', 'ab@@', 'or@@', 'ation', 'is', 'the', 'main', 'agen@@', 'da', '.', '</s>']
2025-04-29 20:09:53,847 - INFO - joeynmt.training - 	Source:     Pläne für eine stärkere kerntechnische Zusammenarbeit stehen ganz oben auf der Tagesordnung .
2025-04-29 20:09:53,847 - INFO - joeynmt.training - 	Reference:  high on the agenda are plans for greater nuclear co @-@ operation .
2025-04-29 20:09:53,847 - INFO - joeynmt.training - 	Hypothesis: plans for greater collaboration is the main agenda .
2025-04-29 20:09:53,847 - INFO - joeynmt.training - Example #4
2025-04-29 20:09:53,847 - DEBUG - joeynmt.training - 	Tokenized source:     ['Berich@@', 'ten', 'zu@@', 'fol@@', 'ge', 'ho@@', 'fft', 'Indi@@', 'en', 'darüber', 'hinaus', 'auf', 'einen', 'Ver@@', 'trag', 'zur', 'Ver@@', 'tei@@', 'dig@@', 'ungs@@', 'zusammen@@', 'arbeit', 'zwischen', 'den', 'beiden', 'N@@', 'ationen', '.']
2025-04-29 20:09:53,847 - DEBUG - joeynmt.training - 	Tokenized reference:  ['Indi@@', 'a', 'is', 'also', 're@@', 'porte@@', 'dly', 'hop@@', 'ing', 'for', 'a', 'de@@', 'al', 'on', 'def@@', 'ence', 'c@@', 'oll@@', 'ab@@', 'or@@', 'ation', 'between', 'the', 'two', 'n@@', 'ations', '.']
2025-04-29 20:09:53,847 - DEBUG - joeynmt.training - 	Tokenized hypothesis: ['Indi@@', 'a', ',', 'it', 'is', 'tru@@', 'e', 'Indi@@', 'a', 'that', 'is', 'a', 'tre@@', 'aty', 'on', 'the', 'def@@', 'ence', 'between', 'the', 'two', 'n@@', 'ations', '.', '</s>']
2025-04-29 20:09:53,847 - INFO - joeynmt.training - 	Source:     Berichten zufolge hofft Indien darüber hinaus auf einen Vertrag zur Verteidigungszusammenarbeit zwischen den beiden Nationen .
2025-04-29 20:09:53,847 - INFO - joeynmt.training - 	Reference:  India is also reportedly hoping for a deal on defence collaboration between the two nations .
2025-04-29 20:09:53,847 - INFO - joeynmt.training - 	Hypothesis: India , it is true India that is a treaty on the defence between the two nations .
2025-04-29 20:10:10,855 - INFO - joeynmt.training - Epoch   9, Step:    33100, Batch Loss:     1.762523, Batch Acc: 0.547385, Tokens per Sec:     5439, Lr: 0.000300
2025-04-29 20:10:28,041 - INFO - joeynmt.training - Epoch   9, Step:    33200, Batch Loss:     1.563845, Batch Acc: 0.549977, Tokens per Sec:     5247, Lr: 0.000300
2025-04-29 20:10:45,090 - INFO - joeynmt.training - Epoch   9, Step:    33300, Batch Loss:     1.644847, Batch Acc: 0.546620, Tokens per Sec:     5448, Lr: 0.000300
2025-04-29 20:11:02,348 - INFO - joeynmt.training - Epoch   9, Step:    33400, Batch Loss:     1.679859, Batch Acc: 0.547384, Tokens per Sec:     5333, Lr: 0.000300
2025-04-29 20:11:19,223 - INFO - joeynmt.training - Epoch   9, Step:    33500, Batch Loss:     1.520503, Batch Acc: 0.546513, Tokens per Sec:     5520, Lr: 0.000300
2025-04-29 20:11:19,223 - INFO - joeynmt.prediction - Predicting 500 example(s)... (Greedy decoding with min_output_length=1, max_output_length=-1, return_prob='none', generate_unk=True, repetition_penalty=-1, no_repeat_ngram_size=-1)
2025-04-29 20:11:51,279 - INFO - joeynmt.prediction - Evaluation result (greedy) loss:   2.12, ppl:   8.29, acc:   0.46, generation: 32.0512[sec], evaluation: 0.0000[sec]
2025-04-29 20:11:51,280 - INFO - joeynmt.training - Example #0
2025-04-29 20:11:51,280 - DEBUG - joeynmt.training - 	Tokenized source:     ['die', 'Pre@@', 'mi@@', 'er@@', 'minist@@', 'er', 'Indi@@', 'ens', 'und', 'J@@', 'ap@@', 'ans', 'tra@@', 'fen', 'sich', 'in', 'T@@', 'ok@@', 'i@@', 'o', '.']
2025-04-29 20:11:51,280 - DEBUG - joeynmt.training - 	Tokenized reference:  ['Indi@@', 'a', 'and', 'J@@', 'ap@@', 'an', 'pri@@', 'me', 'minist@@', 'ers', 'me@@', 'et', 'in', 'T@@', 'ok@@', 'y@@', 'o']
2025-04-29 20:11:51,280 - DEBUG - joeynmt.training - 	Tokenized hypothesis: ['the', 'Pre@@', 'mi@@', 'er', 'Indi@@', 'a', 'and', 'J@@', 'ap@@', 'an', ',', 'T@@', 'ok@@', 'i@@', 'o', '.', '</s>']
2025-04-29 20:11:51,280 - INFO - joeynmt.training - 	Source:     die Premierminister Indiens und Japans trafen sich in Tokio .
2025-04-29 20:11:51,280 - INFO - joeynmt.training - 	Reference:  India and Japan prime ministers meet in Tokyo
2025-04-29 20:11:51,280 - INFO - joeynmt.training - 	Hypothesis: the Premier India and Japan , Tokio .
2025-04-29 20:11:51,280 - INFO - joeynmt.training - Example #1
2025-04-29 20:11:51,280 - DEBUG - joeynmt.training - 	Tokenized source:     ['Indi@@', 'ens', 'neu@@', 'er', 'Pre@@', 'mi@@', 'er@@', 'minist@@', 'er', 'N@@', 'ar@@', 'end@@', 'ra', 'Mo@@', 'd@@', 'i', 'tri@@', 'fft', 'bei', 's@@', 'einem', 'ersten', 'wichti@@', 'gen', 'Aus@@', 'land@@', 's@@', 'bes@@', 'u@@', 'ch', 'seit', 's@@', 'einem', 'W@@', 'ah@@', 'l@@', 'si@@', 'e@@', 'g', 'im', 'Ma@@', 'i', 'seinen', 'j@@', 'ap@@', 'an@@', 'ischen', 'Am@@', 'ts@@', 'k@@', 'olle@@', 'gen', 'S@@', 'hin@@', 'z@@', 'o', 'A@@', 'be', 'in', 'T@@', 'ok@@', 'o', ',', 'um', 'wirtschaf@@', 'tliche', 'und', 'sicher@@', 'heits@@', 'politische', 'Be@@', 'zieh@@', 'ungen', 'zu', 'bes@@', 'pre@@', 'chen', '.']
2025-04-29 20:11:51,280 - DEBUG - joeynmt.training - 	Tokenized reference:  ['Indi@@', 'a', '&apos;s', 'new', 'pri@@', 'me', 'minist@@', 'er', ',', 'N@@', 'ar@@', 'end@@', 'ra', 'Mo@@', 'd@@', 'i', ',', 'is', 'me@@', 'eting', 'his', 'J@@', 'ap@@', 'an@@', 'ese', 'coun@@', 'ter@@', 'part', ',', 'S@@', 'hin@@', 'z@@', 'o', 'A@@', 'be', ',', 'in', 'T@@', 'ok@@', 'y@@', 'o', 'to', 'disc@@', 'uss', 'economic', 'and', 'security', 'ties', ',', 'on', 'his', 'first', 'major', 'fore@@', 'ign', 'visi@@', 't', 'since', 'w@@', 'inn@@', 'ing', 'Ma@@', 'y', '&apos;s', 'elec@@', 'tion', '.']
2025-04-29 20:11:51,281 - DEBUG - joeynmt.training - 	Tokenized hypothesis: ['Indi@@', 'a', '&apos;s', 'new', 'Pri@@', 'me', 'Minist@@', 'er', 'N@@', 'ar@@', 'end@@', 'ra', 'Mo@@', 'd@@', 'i', '&apos;s', 'first', 'important', 'exc@@', 'ep@@', 'tional', 'A@@', 'ge', 'of', 'the', 'A@@', 'c@@', 'e@@', 'der@@', 'ed', 'his', 'J@@', 'ap@@', 'an@@', 'ese', 'colle@@', 'ag@@', 'u@@', 'es', 'S@@', 'hin@@', 'z@@', 'o', 'A@@', 'in', 'T@@', 'ok@@', 'o', 'to', 'A@@', 'be', 'in', 'T@@', 'ok@@', 'o', 'to', 'pre@@', 'v@@', 'ent', 'economic', 'and', 'security', 'political', 'rel@@', 'ations', '.', '</s>']
2025-04-29 20:11:51,281 - INFO - joeynmt.training - 	Source:     Indiens neuer Premierminister Narendra Modi trifft bei seinem ersten wichtigen Auslandsbesuch seit seinem Wahlsieg im Mai seinen japanischen Amtskollegen Shinzo Abe in Toko , um wirtschaftliche und sicherheitspolitische Beziehungen zu besprechen .
2025-04-29 20:11:51,281 - INFO - joeynmt.training - 	Reference:  India &apos;s new prime minister , Narendra Modi , is meeting his Japanese counterpart , Shinzo Abe , in Tokyo to discuss economic and security ties , on his first major foreign visit since winning May &apos;s election .
2025-04-29 20:11:51,281 - INFO - joeynmt.training - 	Hypothesis: India &apos;s new Prime Minister Narendra Modi &apos;s first important exceptional Age of the Acedered his Japanese colleagues Shinzo Ain Toko to Abe in Toko to prevent economic and security political relations .
2025-04-29 20:11:51,281 - INFO - joeynmt.training - Example #2
2025-04-29 20:11:51,281 - DEBUG - joeynmt.training - 	Tokenized source:     ['Herr', 'Mo@@', 'd@@', 'i', 'befindet', 'sich', 'auf', 'einer', 'fü@@', 'n@@', 'f@@', 'tä@@', 'gi@@', 'gen', 'Rei@@', 'se', 'nach', 'J@@', 'ap@@', 'an', ',', 'um', 'die', 'wirtschaf@@', 'tlichen', 'Be@@', 'zieh@@', 'ungen', 'mit', 'der', 'd@@', 'rit@@', 't@@', 'größ@@', 'ten', 'Wirtschafts@@', 'n@@', 'ation', 'der', 'Welt', 'zu', 'fes@@', 'tigen', '.']
2025-04-29 20:11:51,281 - DEBUG - joeynmt.training - 	Tokenized reference:  ['Mr', 'Mo@@', 'd@@', 'i', 'is', 'on', 'a', 'fi@@', 've', '@@@', '-@@', '@', 'day', 'tri@@', 'p', 'to', 'J@@', 'ap@@', 'an', 'to', 'streng@@', 'then', 'economic', 'ties', 'with', 'the', 'third', 'lar@@', 'ges@@', 't', 'econom@@', 'y', 'in', 'the', 'world', '.']
2025-04-29 20:11:51,281 - DEBUG - joeynmt.training - 	Tokenized hypothesis: ['Mr', 'Mo@@', 'd@@', 'i', 'is', 'a', 'fi@@', 'f@@', 'day', 'of', 'a', 'fi@@', 'f@@', 'day', 'tra@@', 'v@@', 'el', 'to', 'J@@', 'ap@@', 'an', 'to', 'the', 'economic', 'rel@@', 'ations', 'with', 'the', 'third', 'lar@@', 'ges@@', 't', 'economic', 'n@@', 'ation', 'of', 'the', 'world', '.', '</s>']
2025-04-29 20:11:51,281 - INFO - joeynmt.training - 	Source:     Herr Modi befindet sich auf einer fünftägigen Reise nach Japan , um die wirtschaftlichen Beziehungen mit der drittgrößten Wirtschaftsnation der Welt zu festigen .
2025-04-29 20:11:51,281 - INFO - joeynmt.training - 	Reference:  Mr Modi is on a five @-@ day trip to Japan to strengthen economic ties with the third largest economy in the world .
2025-04-29 20:11:51,281 - INFO - joeynmt.training - 	Hypothesis: Mr Modi is a fifday of a fifday travel to Japan to the economic relations with the third largest economic nation of the world .
2025-04-29 20:11:51,281 - INFO - joeynmt.training - Example #3
2025-04-29 20:11:51,281 - DEBUG - joeynmt.training - 	Tokenized source:     ['P@@', 'län@@', 'e', 'für', 'eine', 'stärk@@', 'ere', 'k@@', 'ern@@', 'techn@@', 'ische', 'Zusammenarbeit', 'stehen', 'ganz', 'ob@@', 'en', 'auf', 'der', 'Tag@@', 'es@@', 'ordnung', '.']
2025-04-29 20:11:51,281 - DEBUG - joeynmt.training - 	Tokenized reference:  ['high', 'on', 'the', 'agen@@', 'da', 'are', 'pl@@', 'ans', 'for', 'gre@@', 'ater', 'nu@@', 'clear', 'c@@', 'o', '@@@', '-@@', '@', 'operation', '.']
2025-04-29 20:11:51,281 - DEBUG - joeynmt.training - 	Tokenized hypothesis: ['pl@@', 'ans', 'for', 'gre@@', 'ater', 'seri@@', 'ous', 'cooperation', 'is', 'at', 'the', 'agen@@', 'da', '.', '</s>']
2025-04-29 20:11:51,281 - INFO - joeynmt.training - 	Source:     Pläne für eine stärkere kerntechnische Zusammenarbeit stehen ganz oben auf der Tagesordnung .
2025-04-29 20:11:51,281 - INFO - joeynmt.training - 	Reference:  high on the agenda are plans for greater nuclear co @-@ operation .
2025-04-29 20:11:51,281 - INFO - joeynmt.training - 	Hypothesis: plans for greater serious cooperation is at the agenda .
2025-04-29 20:11:51,281 - INFO - joeynmt.training - Example #4
2025-04-29 20:11:51,281 - DEBUG - joeynmt.training - 	Tokenized source:     ['Berich@@', 'ten', 'zu@@', 'fol@@', 'ge', 'ho@@', 'fft', 'Indi@@', 'en', 'darüber', 'hinaus', 'auf', 'einen', 'Ver@@', 'trag', 'zur', 'Ver@@', 'tei@@', 'dig@@', 'ungs@@', 'zusammen@@', 'arbeit', 'zwischen', 'den', 'beiden', 'N@@', 'ationen', '.']
2025-04-29 20:11:51,281 - DEBUG - joeynmt.training - 	Tokenized reference:  ['Indi@@', 'a', 'is', 'also', 're@@', 'porte@@', 'dly', 'hop@@', 'ing', 'for', 'a', 'de@@', 'al', 'on', 'def@@', 'ence', 'c@@', 'oll@@', 'ab@@', 'or@@', 'ation', 'between', 'the', 'two', 'n@@', 'ations', '.']
2025-04-29 20:11:51,281 - DEBUG - joeynmt.training - 	Tokenized hypothesis: ['it', 'is', 'also', 'tru@@', 'e', 'that', 'indi@@', 'c@@', 'ate', 'that', 'is', 'also', 'a', 'con@@', 'tra@@', 'ct', 'on', 'the', 'def@@', 'ence', 'between', 'the', 'two', 'N@@', 'ations', '.', '</s>']
2025-04-29 20:11:51,281 - INFO - joeynmt.training - 	Source:     Berichten zufolge hofft Indien darüber hinaus auf einen Vertrag zur Verteidigungszusammenarbeit zwischen den beiden Nationen .
2025-04-29 20:11:51,281 - INFO - joeynmt.training - 	Reference:  India is also reportedly hoping for a deal on defence collaboration between the two nations .
2025-04-29 20:11:51,281 - INFO - joeynmt.training - 	Hypothesis: it is also true that indicate that is also a contract on the defence between the two Nations .
2025-04-29 20:12:08,559 - INFO - joeynmt.training - Epoch   9, Step:    33600, Batch Loss:     1.574472, Batch Acc: 0.547327, Tokens per Sec:     5261, Lr: 0.000300
2025-04-29 20:12:26,510 - INFO - joeynmt.training - Epoch   9, Step:    33700, Batch Loss:     1.578134, Batch Acc: 0.541365, Tokens per Sec:     5116, Lr: 0.000300
2025-04-29 20:12:43,374 - INFO - joeynmt.training - Epoch   9, Step:    33800, Batch Loss:     1.712499, Batch Acc: 0.541872, Tokens per Sec:     5335, Lr: 0.000300
2025-04-29 20:13:00,619 - INFO - joeynmt.training - Epoch   9, Step:    33900, Batch Loss:     1.535367, Batch Acc: 0.547266, Tokens per Sec:     5344, Lr: 0.000300
2025-04-29 20:13:18,173 - INFO - joeynmt.training - Epoch   9, Step:    34000, Batch Loss:     1.682788, Batch Acc: 0.539189, Tokens per Sec:     5247, Lr: 0.000300
2025-04-29 20:13:18,173 - INFO - joeynmt.prediction - Predicting 500 example(s)... (Greedy decoding with min_output_length=1, max_output_length=-1, return_prob='none', generate_unk=True, repetition_penalty=-1, no_repeat_ngram_size=-1)
2025-04-29 20:13:45,102 - INFO - joeynmt.prediction - Evaluation result (greedy) loss:   2.11, ppl:   8.28, acc:   0.46, generation: 26.9249[sec], evaluation: 0.0000[sec]
2025-04-29 20:13:45,183 - INFO - joeynmt.helpers - delete models/deen_transformer_prenorm/31000.ckpt
2025-04-29 20:13:45,192 - INFO - joeynmt.training - Example #0
2025-04-29 20:13:45,192 - DEBUG - joeynmt.training - 	Tokenized source:     ['die', 'Pre@@', 'mi@@', 'er@@', 'minist@@', 'er', 'Indi@@', 'ens', 'und', 'J@@', 'ap@@', 'ans', 'tra@@', 'fen', 'sich', 'in', 'T@@', 'ok@@', 'i@@', 'o', '.']
2025-04-29 20:13:45,192 - DEBUG - joeynmt.training - 	Tokenized reference:  ['Indi@@', 'a', 'and', 'J@@', 'ap@@', 'an', 'pri@@', 'me', 'minist@@', 'ers', 'me@@', 'et', 'in', 'T@@', 'ok@@', 'y@@', 'o']
2025-04-29 20:13:45,192 - DEBUG - joeynmt.training - 	Tokenized hypothesis: ['the', 'Pri@@', 'me', 'Minist@@', 'er', 'of', 'Indi@@', 'a', 'and', 'J@@', 'ap@@', 'an', ',', 'T@@', 'ok@@', 'i@@', 'o', '.', '</s>']
2025-04-29 20:13:45,192 - INFO - joeynmt.training - 	Source:     die Premierminister Indiens und Japans trafen sich in Tokio .
2025-04-29 20:13:45,192 - INFO - joeynmt.training - 	Reference:  India and Japan prime ministers meet in Tokyo
2025-04-29 20:13:45,192 - INFO - joeynmt.training - 	Hypothesis: the Prime Minister of India and Japan , Tokio .
2025-04-29 20:13:45,192 - INFO - joeynmt.training - Example #1
2025-04-29 20:13:45,192 - DEBUG - joeynmt.training - 	Tokenized source:     ['Indi@@', 'ens', 'neu@@', 'er', 'Pre@@', 'mi@@', 'er@@', 'minist@@', 'er', 'N@@', 'ar@@', 'end@@', 'ra', 'Mo@@', 'd@@', 'i', 'tri@@', 'fft', 'bei', 's@@', 'einem', 'ersten', 'wichti@@', 'gen', 'Aus@@', 'land@@', 's@@', 'bes@@', 'u@@', 'ch', 'seit', 's@@', 'einem', 'W@@', 'ah@@', 'l@@', 'si@@', 'e@@', 'g', 'im', 'Ma@@', 'i', 'seinen', 'j@@', 'ap@@', 'an@@', 'ischen', 'Am@@', 'ts@@', 'k@@', 'olle@@', 'gen', 'S@@', 'hin@@', 'z@@', 'o', 'A@@', 'be', 'in', 'T@@', 'ok@@', 'o', ',', 'um', 'wirtschaf@@', 'tliche', 'und', 'sicher@@', 'heits@@', 'politische', 'Be@@', 'zieh@@', 'ungen', 'zu', 'bes@@', 'pre@@', 'chen', '.']
2025-04-29 20:13:45,192 - DEBUG - joeynmt.training - 	Tokenized reference:  ['Indi@@', 'a', '&apos;s', 'new', 'pri@@', 'me', 'minist@@', 'er', ',', 'N@@', 'ar@@', 'end@@', 'ra', 'Mo@@', 'd@@', 'i', ',', 'is', 'me@@', 'eting', 'his', 'J@@', 'ap@@', 'an@@', 'ese', 'coun@@', 'ter@@', 'part', ',', 'S@@', 'hin@@', 'z@@', 'o', 'A@@', 'be', ',', 'in', 'T@@', 'ok@@', 'y@@', 'o', 'to', 'disc@@', 'uss', 'economic', 'and', 'security', 'ties', ',', 'on', 'his', 'first', 'major', 'fore@@', 'ign', 'visi@@', 't', 'since', 'w@@', 'inn@@', 'ing', 'Ma@@', 'y', '&apos;s', 'elec@@', 'tion', '.']
2025-04-29 20:13:45,192 - DEBUG - joeynmt.training - 	Tokenized hypothesis: ['Indi@@', 'a', 'new', 'Pri@@', 'me', 'Minist@@', 'er', 'N@@', 'ar@@', 'end@@', 'ra', 'Mo@@', 'd@@', 'i', ',', 'the', 'first', 'important', 'ex@@', 't@@', 'ent', 'of', 'the', 'S@@', 'hin@@', 'z@@', 'o', '&apos;s', 'first', 'important', 'ex@@', 't@@', 'ent', 'to', 'the', 'E@@', 'ast', 'of', 'J@@', 'ap@@', 'an@@', 'ese', 'colle@@', 'ag@@', 'ue', ',', 'S@@', 'hin@@', 'z@@', 'o', ',', 'and', 'the', 'political', 'rel@@', 'ations', '.', '</s>']
2025-04-29 20:13:45,193 - INFO - joeynmt.training - 	Source:     Indiens neuer Premierminister Narendra Modi trifft bei seinem ersten wichtigen Auslandsbesuch seit seinem Wahlsieg im Mai seinen japanischen Amtskollegen Shinzo Abe in Toko , um wirtschaftliche und sicherheitspolitische Beziehungen zu besprechen .
2025-04-29 20:13:45,193 - INFO - joeynmt.training - 	Reference:  India &apos;s new prime minister , Narendra Modi , is meeting his Japanese counterpart , Shinzo Abe , in Tokyo to discuss economic and security ties , on his first major foreign visit since winning May &apos;s election .
2025-04-29 20:13:45,193 - INFO - joeynmt.training - 	Hypothesis: India new Prime Minister Narendra Modi , the first important extent of the Shinzo &apos;s first important extent to the East of Japanese colleague , Shinzo , and the political relations .
2025-04-29 20:13:45,193 - INFO - joeynmt.training - Example #2
2025-04-29 20:13:45,193 - DEBUG - joeynmt.training - 	Tokenized source:     ['Herr', 'Mo@@', 'd@@', 'i', 'befindet', 'sich', 'auf', 'einer', 'fü@@', 'n@@', 'f@@', 'tä@@', 'gi@@', 'gen', 'Rei@@', 'se', 'nach', 'J@@', 'ap@@', 'an', ',', 'um', 'die', 'wirtschaf@@', 'tlichen', 'Be@@', 'zieh@@', 'ungen', 'mit', 'der', 'd@@', 'rit@@', 't@@', 'größ@@', 'ten', 'Wirtschafts@@', 'n@@', 'ation', 'der', 'Welt', 'zu', 'fes@@', 'tigen', '.']
2025-04-29 20:13:45,193 - DEBUG - joeynmt.training - 	Tokenized reference:  ['Mr', 'Mo@@', 'd@@', 'i', 'is', 'on', 'a', 'fi@@', 've', '@@@', '-@@', '@', 'day', 'tri@@', 'p', 'to', 'J@@', 'ap@@', 'an', 'to', 'streng@@', 'then', 'economic', 'ties', 'with', 'the', 'third', 'lar@@', 'ges@@', 't', 'econom@@', 'y', 'in', 'the', 'world', '.']
2025-04-29 20:13:45,193 - DEBUG - joeynmt.training - 	Tokenized hypothesis: ['Mr', 'Mo@@', 'd@@', 'i', 'is', 'a', 'fi@@', 'f@@', 'day', 'of', 'J@@', 'ap@@', 'an', 'to', 'the', 'economic', 'rel@@', 'ations', 'with', 'third', 'lar@@', 'ges@@', 't', 'economic', 'rel@@', 'ations', 'with', 'the', 'third', 'lar@@', 'ges@@', 't', 'economic', 'n@@', 'ation', 'of', 'the', 'world', '.', '</s>']
2025-04-29 20:13:45,193 - INFO - joeynmt.training - 	Source:     Herr Modi befindet sich auf einer fünftägigen Reise nach Japan , um die wirtschaftlichen Beziehungen mit der drittgrößten Wirtschaftsnation der Welt zu festigen .
2025-04-29 20:13:45,193 - INFO - joeynmt.training - 	Reference:  Mr Modi is on a five @-@ day trip to Japan to strengthen economic ties with the third largest economy in the world .
2025-04-29 20:13:45,193 - INFO - joeynmt.training - 	Hypothesis: Mr Modi is a fifday of Japan to the economic relations with third largest economic relations with the third largest economic nation of the world .
2025-04-29 20:13:45,193 - INFO - joeynmt.training - Example #3
2025-04-29 20:13:45,193 - DEBUG - joeynmt.training - 	Tokenized source:     ['P@@', 'län@@', 'e', 'für', 'eine', 'stärk@@', 'ere', 'k@@', 'ern@@', 'techn@@', 'ische', 'Zusammenarbeit', 'stehen', 'ganz', 'ob@@', 'en', 'auf', 'der', 'Tag@@', 'es@@', 'ordnung', '.']
2025-04-29 20:13:45,193 - DEBUG - joeynmt.training - 	Tokenized reference:  ['high', 'on', 'the', 'agen@@', 'da', 'are', 'pl@@', 'ans', 'for', 'gre@@', 'ater', 'nu@@', 'clear', 'c@@', 'o', '@@@', '-@@', '@', 'operation', '.']
2025-04-29 20:13:45,193 - DEBUG - joeynmt.training - 	Tokenized hypothesis: ['pl@@', 'ans', 'for', 'more', 'seri@@', 'ous', 'more', 'seri@@', 'ous', 'techn@@', 'ical', 'cooperation', 'are', 'on', 'the', 'agen@@', 'da', '.', '</s>']
2025-04-29 20:13:45,193 - INFO - joeynmt.training - 	Source:     Pläne für eine stärkere kerntechnische Zusammenarbeit stehen ganz oben auf der Tagesordnung .
2025-04-29 20:13:45,193 - INFO - joeynmt.training - 	Reference:  high on the agenda are plans for greater nuclear co @-@ operation .
2025-04-29 20:13:45,193 - INFO - joeynmt.training - 	Hypothesis: plans for more serious more serious technical cooperation are on the agenda .
2025-04-29 20:13:45,193 - INFO - joeynmt.training - Example #4
2025-04-29 20:13:45,193 - DEBUG - joeynmt.training - 	Tokenized source:     ['Berich@@', 'ten', 'zu@@', 'fol@@', 'ge', 'ho@@', 'fft', 'Indi@@', 'en', 'darüber', 'hinaus', 'auf', 'einen', 'Ver@@', 'trag', 'zur', 'Ver@@', 'tei@@', 'dig@@', 'ungs@@', 'zusammen@@', 'arbeit', 'zwischen', 'den', 'beiden', 'N@@', 'ationen', '.']
2025-04-29 20:13:45,193 - DEBUG - joeynmt.training - 	Tokenized reference:  ['Indi@@', 'a', 'is', 'also', 're@@', 'porte@@', 'dly', 'hop@@', 'ing', 'for', 'a', 'de@@', 'al', 'on', 'def@@', 'ence', 'c@@', 'oll@@', 'ab@@', 'or@@', 'ation', 'between', 'the', 'two', 'n@@', 'ations', '.']
2025-04-29 20:13:45,193 - DEBUG - joeynmt.training - 	Tokenized hypothesis: ['the', 're@@', 'ports', 'are', 'also', 'tru@@', 'e', 'that', 'Indi@@', 'a', '&apos;s', 'def@@', 'ence', 'on', 'the', 'def@@', 'ence', 'of', 'def@@', 'ence', 'cooperation', 'between', 'the', 'two', 'n@@', 'ations', '.', '</s>']
2025-04-29 20:13:45,193 - INFO - joeynmt.training - 	Source:     Berichten zufolge hofft Indien darüber hinaus auf einen Vertrag zur Verteidigungszusammenarbeit zwischen den beiden Nationen .
2025-04-29 20:13:45,193 - INFO - joeynmt.training - 	Reference:  India is also reportedly hoping for a deal on defence collaboration between the two nations .
2025-04-29 20:13:45,193 - INFO - joeynmt.training - 	Hypothesis: the reports are also true that India &apos;s defence on the defence of defence cooperation between the two nations .
2025-04-29 20:14:02,429 - INFO - joeynmt.training - Epoch   9, Step:    34100, Batch Loss:     1.888613, Batch Acc: 0.540951, Tokens per Sec:     5308, Lr: 0.000300
2025-04-29 20:14:19,786 - INFO - joeynmt.training - Epoch   9, Step:    34200, Batch Loss:     1.694146, Batch Acc: 0.535455, Tokens per Sec:     5319, Lr: 0.000300
2025-04-29 20:14:36,439 - INFO - joeynmt.training - Epoch   9, Step:    34300, Batch Loss:     1.717835, Batch Acc: 0.539434, Tokens per Sec:     5516, Lr: 0.000300
2025-04-29 20:14:53,433 - INFO - joeynmt.training - Epoch   9, Step:    34400, Batch Loss:     1.818888, Batch Acc: 0.534767, Tokens per Sec:     5478, Lr: 0.000300
2025-04-29 20:15:10,247 - INFO - joeynmt.training - Epoch   9, Step:    34500, Batch Loss:     1.637858, Batch Acc: 0.545829, Tokens per Sec:     5527, Lr: 0.000300
2025-04-29 20:15:10,248 - INFO - joeynmt.prediction - Predicting 500 example(s)... (Greedy decoding with min_output_length=1, max_output_length=-1, return_prob='none', generate_unk=True, repetition_penalty=-1, no_repeat_ngram_size=-1)
2025-04-29 20:15:35,360 - INFO - joeynmt.prediction - Evaluation result (greedy) loss:   2.12, ppl:   8.33, acc:   0.46, generation: 25.1086[sec], evaluation: 0.0000[sec]
2025-04-29 20:15:35,361 - INFO - joeynmt.training - Example #0
2025-04-29 20:15:35,361 - DEBUG - joeynmt.training - 	Tokenized source:     ['die', 'Pre@@', 'mi@@', 'er@@', 'minist@@', 'er', 'Indi@@', 'ens', 'und', 'J@@', 'ap@@', 'ans', 'tra@@', 'fen', 'sich', 'in', 'T@@', 'ok@@', 'i@@', 'o', '.']
2025-04-29 20:15:35,361 - DEBUG - joeynmt.training - 	Tokenized reference:  ['Indi@@', 'a', 'and', 'J@@', 'ap@@', 'an', 'pri@@', 'me', 'minist@@', 'ers', 'me@@', 'et', 'in', 'T@@', 'ok@@', 'y@@', 'o']
2025-04-29 20:15:35,361 - DEBUG - joeynmt.training - 	Tokenized hypothesis: ['the', 'Pri@@', 'me', 'Minist@@', 'er', 'of', 'Indi@@', 'a', 'and', 'J@@', 'ap@@', 'an', ',', 'T@@', 'ok@@', 'i@@', 'o', '.', '</s>']
2025-04-29 20:15:35,361 - INFO - joeynmt.training - 	Source:     die Premierminister Indiens und Japans trafen sich in Tokio .
2025-04-29 20:15:35,361 - INFO - joeynmt.training - 	Reference:  India and Japan prime ministers meet in Tokyo
2025-04-29 20:15:35,361 - INFO - joeynmt.training - 	Hypothesis: the Prime Minister of India and Japan , Tokio .
2025-04-29 20:15:35,361 - INFO - joeynmt.training - Example #1
2025-04-29 20:15:35,362 - DEBUG - joeynmt.training - 	Tokenized source:     ['Indi@@', 'ens', 'neu@@', 'er', 'Pre@@', 'mi@@', 'er@@', 'minist@@', 'er', 'N@@', 'ar@@', 'end@@', 'ra', 'Mo@@', 'd@@', 'i', 'tri@@', 'fft', 'bei', 's@@', 'einem', 'ersten', 'wichti@@', 'gen', 'Aus@@', 'land@@', 's@@', 'bes@@', 'u@@', 'ch', 'seit', 's@@', 'einem', 'W@@', 'ah@@', 'l@@', 'si@@', 'e@@', 'g', 'im', 'Ma@@', 'i', 'seinen', 'j@@', 'ap@@', 'an@@', 'ischen', 'Am@@', 'ts@@', 'k@@', 'olle@@', 'gen', 'S@@', 'hin@@', 'z@@', 'o', 'A@@', 'be', 'in', 'T@@', 'ok@@', 'o', ',', 'um', 'wirtschaf@@', 'tliche', 'und', 'sicher@@', 'heits@@', 'politische', 'Be@@', 'zieh@@', 'ungen', 'zu', 'bes@@', 'pre@@', 'chen', '.']
2025-04-29 20:15:35,362 - DEBUG - joeynmt.training - 	Tokenized reference:  ['Indi@@', 'a', '&apos;s', 'new', 'pri@@', 'me', 'minist@@', 'er', ',', 'N@@', 'ar@@', 'end@@', 'ra', 'Mo@@', 'd@@', 'i', ',', 'is', 'me@@', 'eting', 'his', 'J@@', 'ap@@', 'an@@', 'ese', 'coun@@', 'ter@@', 'part', ',', 'S@@', 'hin@@', 'z@@', 'o', 'A@@', 'be', ',', 'in', 'T@@', 'ok@@', 'y@@', 'o', 'to', 'disc@@', 'uss', 'economic', 'and', 'security', 'ties', ',', 'on', 'his', 'first', 'major', 'fore@@', 'ign', 'visi@@', 't', 'since', 'w@@', 'inn@@', 'ing', 'Ma@@', 'y', '&apos;s', 'elec@@', 'tion', '.']
2025-04-29 20:15:35,362 - DEBUG - joeynmt.training - 	Tokenized hypothesis: ['Indi@@', 'a', 'new', 'Pri@@', 'me', 'Minist@@', 'er', 'N@@', 'ar@@', 'end@@', 'ra', ',', 'N@@', 'ar@@', 'end@@', 'ra', ',', 'he', 'was', 's@@', 'ent', 'to', 'his', 'first', 'important', 'ex@@', 't@@', 'ent', ',', 'he', 'was', 'to', 'be', 're@@', 'ach@@', 'ed', 'in', 'Ma@@', 'y', 'his', 'J@@', 'ap@@', 'an@@', 'ese', 'colle@@', 'ag@@', 'ue', 'S@@', 'hin@@', 'z@@', 'o', ',', 'and', 'S@@', 'hin@@', 'z@@', 'o', ',', 'in', 'the', 'p@@', 'ast', 'of', 'the', 'S@@', 'hin@@', 'z@@', 'o', ',', 'and', 'the', 're@@', 'ma@@', 'ins', '.', '</s>']
2025-04-29 20:15:35,362 - INFO - joeynmt.training - 	Source:     Indiens neuer Premierminister Narendra Modi trifft bei seinem ersten wichtigen Auslandsbesuch seit seinem Wahlsieg im Mai seinen japanischen Amtskollegen Shinzo Abe in Toko , um wirtschaftliche und sicherheitspolitische Beziehungen zu besprechen .
2025-04-29 20:15:35,362 - INFO - joeynmt.training - 	Reference:  India &apos;s new prime minister , Narendra Modi , is meeting his Japanese counterpart , Shinzo Abe , in Tokyo to discuss economic and security ties , on his first major foreign visit since winning May &apos;s election .
2025-04-29 20:15:35,362 - INFO - joeynmt.training - 	Hypothesis: India new Prime Minister Narendra , Narendra , he was sent to his first important extent , he was to be reached in May his Japanese colleague Shinzo , and Shinzo , in the past of the Shinzo , and the remains .
2025-04-29 20:15:35,362 - INFO - joeynmt.training - Example #2
2025-04-29 20:15:35,362 - DEBUG - joeynmt.training - 	Tokenized source:     ['Herr', 'Mo@@', 'd@@', 'i', 'befindet', 'sich', 'auf', 'einer', 'fü@@', 'n@@', 'f@@', 'tä@@', 'gi@@', 'gen', 'Rei@@', 'se', 'nach', 'J@@', 'ap@@', 'an', ',', 'um', 'die', 'wirtschaf@@', 'tlichen', 'Be@@', 'zieh@@', 'ungen', 'mit', 'der', 'd@@', 'rit@@', 't@@', 'größ@@', 'ten', 'Wirtschafts@@', 'n@@', 'ation', 'der', 'Welt', 'zu', 'fes@@', 'tigen', '.']
2025-04-29 20:15:35,362 - DEBUG - joeynmt.training - 	Tokenized reference:  ['Mr', 'Mo@@', 'd@@', 'i', 'is', 'on', 'a', 'fi@@', 've', '@@@', '-@@', '@', 'day', 'tri@@', 'p', 'to', 'J@@', 'ap@@', 'an', 'to', 'streng@@', 'then', 'economic', 'ties', 'with', 'the', 'third', 'lar@@', 'ges@@', 't', 'econom@@', 'y', 'in', 'the', 'world', '.']
2025-04-29 20:15:35,362 - DEBUG - joeynmt.training - 	Tokenized hypothesis: ['Mr', 'Mo@@', 'd@@', 'i', 'is', 'located', 'on', 'a', 'fi@@', 'f@@', 'ty', 'tra@@', 'v@@', 'el', 'to', 'J@@', 'ap@@', 'an', 'to', 'pro@@', 'duce', 'the', 'economic', 'rel@@', 'ations', 'with', 'the', 'third', 'lar@@', 'ges@@', 't', 'econom@@', 'ic@@', 's', 'of', 'the', 'world', '.', '</s>']
2025-04-29 20:15:35,362 - INFO - joeynmt.training - 	Source:     Herr Modi befindet sich auf einer fünftägigen Reise nach Japan , um die wirtschaftlichen Beziehungen mit der drittgrößten Wirtschaftsnation der Welt zu festigen .
2025-04-29 20:15:35,362 - INFO - joeynmt.training - 	Reference:  Mr Modi is on a five @-@ day trip to Japan to strengthen economic ties with the third largest economy in the world .
2025-04-29 20:15:35,362 - INFO - joeynmt.training - 	Hypothesis: Mr Modi is located on a fifty travel to Japan to produce the economic relations with the third largest economics of the world .
2025-04-29 20:15:35,362 - INFO - joeynmt.training - Example #3
2025-04-29 20:15:35,362 - DEBUG - joeynmt.training - 	Tokenized source:     ['P@@', 'län@@', 'e', 'für', 'eine', 'stärk@@', 'ere', 'k@@', 'ern@@', 'techn@@', 'ische', 'Zusammenarbeit', 'stehen', 'ganz', 'ob@@', 'en', 'auf', 'der', 'Tag@@', 'es@@', 'ordnung', '.']
2025-04-29 20:15:35,362 - DEBUG - joeynmt.training - 	Tokenized reference:  ['high', 'on', 'the', 'agen@@', 'da', 'are', 'pl@@', 'ans', 'for', 'gre@@', 'ater', 'nu@@', 'clear', 'c@@', 'o', '@@@', '-@@', '@', 'operation', '.']
2025-04-29 20:15:35,362 - DEBUG - joeynmt.training - 	Tokenized hypothesis: ['pl@@', 'ans', 'for', 'more', 'seri@@', 'ous', 'c@@', 'oll@@', 'ab@@', 'or@@', 'ation', 'is', 'a', 'very', 'important', 'role', '.', '</s>']
2025-04-29 20:15:35,362 - INFO - joeynmt.training - 	Source:     Pläne für eine stärkere kerntechnische Zusammenarbeit stehen ganz oben auf der Tagesordnung .
2025-04-29 20:15:35,362 - INFO - joeynmt.training - 	Reference:  high on the agenda are plans for greater nuclear co @-@ operation .
2025-04-29 20:15:35,362 - INFO - joeynmt.training - 	Hypothesis: plans for more serious collaboration is a very important role .
2025-04-29 20:15:35,362 - INFO - joeynmt.training - Example #4
2025-04-29 20:15:35,362 - DEBUG - joeynmt.training - 	Tokenized source:     ['Berich@@', 'ten', 'zu@@', 'fol@@', 'ge', 'ho@@', 'fft', 'Indi@@', 'en', 'darüber', 'hinaus', 'auf', 'einen', 'Ver@@', 'trag', 'zur', 'Ver@@', 'tei@@', 'dig@@', 'ungs@@', 'zusammen@@', 'arbeit', 'zwischen', 'den', 'beiden', 'N@@', 'ationen', '.']
2025-04-29 20:15:35,362 - DEBUG - joeynmt.training - 	Tokenized reference:  ['Indi@@', 'a', 'is', 'also', 're@@', 'porte@@', 'dly', 'hop@@', 'ing', 'for', 'a', 'de@@', 'al', 'on', 'def@@', 'ence', 'c@@', 'oll@@', 'ab@@', 'or@@', 'ation', 'between', 'the', 'two', 'n@@', 'ations', '.']
2025-04-29 20:15:35,362 - DEBUG - joeynmt.training - 	Tokenized hypothesis: ['mo@@', 're@@', 'over', ',', 'it', 'is', 'also', 'tru@@', 'e', 'that', 'Indi@@', 'a', '&apos;s', 'def@@', 'ence', 'between', 'the', 'two', 'n@@', 'ations', '.', '</s>']
2025-04-29 20:15:35,363 - INFO - joeynmt.training - 	Source:     Berichten zufolge hofft Indien darüber hinaus auf einen Vertrag zur Verteidigungszusammenarbeit zwischen den beiden Nationen .
2025-04-29 20:15:35,363 - INFO - joeynmt.training - 	Reference:  India is also reportedly hoping for a deal on defence collaboration between the two nations .
2025-04-29 20:15:35,363 - INFO - joeynmt.training - 	Hypothesis: moreover , it is also true that India &apos;s defence between the two nations .
2025-04-29 20:15:52,070 - INFO - joeynmt.training - Epoch   9, Step:    34600, Batch Loss:     1.493992, Batch Acc: 0.547614, Tokens per Sec:     5422, Lr: 0.000300
2025-04-29 20:16:08,894 - INFO - joeynmt.training - Epoch   9, Step:    34700, Batch Loss:     1.552040, Batch Acc: 0.542413, Tokens per Sec:     5418, Lr: 0.000300
2025-04-29 20:16:25,862 - INFO - joeynmt.training - Epoch   9, Step:    34800, Batch Loss:     1.609950, Batch Acc: 0.536927, Tokens per Sec:     5467, Lr: 0.000300
2025-04-29 20:16:42,714 - INFO - joeynmt.training - Epoch   9, Step:    34900, Batch Loss:     1.969584, Batch Acc: 0.537724, Tokens per Sec:     5484, Lr: 0.000300
2025-04-29 20:16:59,801 - INFO - joeynmt.training - Epoch   9, Step:    35000, Batch Loss:     1.640095, Batch Acc: 0.540464, Tokens per Sec:     5404, Lr: 0.000300
2025-04-29 20:16:59,801 - INFO - joeynmt.prediction - Predicting 500 example(s)... (Greedy decoding with min_output_length=1, max_output_length=-1, return_prob='none', generate_unk=True, repetition_penalty=-1, no_repeat_ngram_size=-1)
2025-04-29 20:17:26,245 - INFO - joeynmt.prediction - Evaluation result (greedy) loss:   2.10, ppl:   8.20, acc:   0.46, generation: 26.4394[sec], evaluation: 0.0000[sec]
2025-04-29 20:17:26,339 - INFO - joeynmt.helpers - delete models/deen_transformer_prenorm/34000.ckpt
2025-04-29 20:17:26,340 - INFO - joeynmt.helpers - delete /Users/shubhi/Desktop/MT_Exercises/mt-exercise-03/models/deen_transformer_prenorm/34000.ckpt
2025-04-29 20:17:26,340 - WARNING - joeynmt.helpers - Wanted to delete old checkpoint /Users/shubhi/Desktop/MT_Exercises/mt-exercise-03/models/deen_transformer_prenorm/34000.ckpt but file does not exist. ([Errno 2] No such file or directory: '/Users/shubhi/Desktop/MT_Exercises/mt-exercise-03/models/deen_transformer_prenorm/34000.ckpt')
2025-04-29 20:17:26,340 - INFO - joeynmt.training - Example #0
2025-04-29 20:17:26,340 - DEBUG - joeynmt.training - 	Tokenized source:     ['die', 'Pre@@', 'mi@@', 'er@@', 'minist@@', 'er', 'Indi@@', 'ens', 'und', 'J@@', 'ap@@', 'ans', 'tra@@', 'fen', 'sich', 'in', 'T@@', 'ok@@', 'i@@', 'o', '.']
2025-04-29 20:17:26,340 - DEBUG - joeynmt.training - 	Tokenized reference:  ['Indi@@', 'a', 'and', 'J@@', 'ap@@', 'an', 'pri@@', 'me', 'minist@@', 'ers', 'me@@', 'et', 'in', 'T@@', 'ok@@', 'y@@', 'o']
2025-04-29 20:17:26,340 - DEBUG - joeynmt.training - 	Tokenized hypothesis: ['the', 'Pri@@', 'me', 'Minist@@', 'er', 'Indi@@', 'a', 'and', 'J@@', 'ap@@', 'an', ',', 'in', 'T@@', 'ok@@', 'i@@', 'o', '.', '</s>']
2025-04-29 20:17:26,340 - INFO - joeynmt.training - 	Source:     die Premierminister Indiens und Japans trafen sich in Tokio .
2025-04-29 20:17:26,340 - INFO - joeynmt.training - 	Reference:  India and Japan prime ministers meet in Tokyo
2025-04-29 20:17:26,340 - INFO - joeynmt.training - 	Hypothesis: the Prime Minister India and Japan , in Tokio .
2025-04-29 20:17:26,340 - INFO - joeynmt.training - Example #1
2025-04-29 20:17:26,340 - DEBUG - joeynmt.training - 	Tokenized source:     ['Indi@@', 'ens', 'neu@@', 'er', 'Pre@@', 'mi@@', 'er@@', 'minist@@', 'er', 'N@@', 'ar@@', 'end@@', 'ra', 'Mo@@', 'd@@', 'i', 'tri@@', 'fft', 'bei', 's@@', 'einem', 'ersten', 'wichti@@', 'gen', 'Aus@@', 'land@@', 's@@', 'bes@@', 'u@@', 'ch', 'seit', 's@@', 'einem', 'W@@', 'ah@@', 'l@@', 'si@@', 'e@@', 'g', 'im', 'Ma@@', 'i', 'seinen', 'j@@', 'ap@@', 'an@@', 'ischen', 'Am@@', 'ts@@', 'k@@', 'olle@@', 'gen', 'S@@', 'hin@@', 'z@@', 'o', 'A@@', 'be', 'in', 'T@@', 'ok@@', 'o', ',', 'um', 'wirtschaf@@', 'tliche', 'und', 'sicher@@', 'heits@@', 'politische', 'Be@@', 'zieh@@', 'ungen', 'zu', 'bes@@', 'pre@@', 'chen', '.']
2025-04-29 20:17:26,340 - DEBUG - joeynmt.training - 	Tokenized reference:  ['Indi@@', 'a', '&apos;s', 'new', 'pri@@', 'me', 'minist@@', 'er', ',', 'N@@', 'ar@@', 'end@@', 'ra', 'Mo@@', 'd@@', 'i', ',', 'is', 'me@@', 'eting', 'his', 'J@@', 'ap@@', 'an@@', 'ese', 'coun@@', 'ter@@', 'part', ',', 'S@@', 'hin@@', 'z@@', 'o', 'A@@', 'be', ',', 'in', 'T@@', 'ok@@', 'y@@', 'o', 'to', 'disc@@', 'uss', 'economic', 'and', 'security', 'ties', ',', 'on', 'his', 'first', 'major', 'fore@@', 'ign', 'visi@@', 't', 'since', 'w@@', 'inn@@', 'ing', 'Ma@@', 'y', '&apos;s', 'elec@@', 'tion', '.']
2025-04-29 20:17:26,340 - DEBUG - joeynmt.training - 	Tokenized hypothesis: ['Indi@@', 'a', '&apos;s', 'rec@@', 'ent', 'pri@@', 'me', 'minist@@', 'er', 'N@@', 'ar@@', 'end@@', 'ra', 'Mo@@', 'd@@', 'i', ',', 'the', 'first', 'important', 'ex@@', 'it', 'since', 'his', 'first', 'important', 'role', 'in', 'his', 'J@@', 'ap@@', 'an@@', 'ese', 'colle@@', 'ag@@', 'ue', 'S@@', 'hin@@', 'z@@', 'o', 'A@@', 'be', 'in', 'T@@', 'ok@@', 'o', ',', 'in', 'Ma@@', 'y', ',', 'S@@', 'hin@@', 'z@@', 'o', 'A@@', 'in', 'T@@', 'ok@@', 'o', ',', 'in', 'order', 'to', 'a@@', 'vo@@', 'id', 'economic', 'and', 'security', 'political', 'rel@@', 'ations', 'with', 'the', 'pri@@', 'm@@', 'ari@@', 'ly', 'pri@@', 'me', 'to', 'the', 'world', '.', '</s>']
2025-04-29 20:17:26,340 - INFO - joeynmt.training - 	Source:     Indiens neuer Premierminister Narendra Modi trifft bei seinem ersten wichtigen Auslandsbesuch seit seinem Wahlsieg im Mai seinen japanischen Amtskollegen Shinzo Abe in Toko , um wirtschaftliche und sicherheitspolitische Beziehungen zu besprechen .
2025-04-29 20:17:26,340 - INFO - joeynmt.training - 	Reference:  India &apos;s new prime minister , Narendra Modi , is meeting his Japanese counterpart , Shinzo Abe , in Tokyo to discuss economic and security ties , on his first major foreign visit since winning May &apos;s election .
2025-04-29 20:17:26,341 - INFO - joeynmt.training - 	Hypothesis: India &apos;s recent prime minister Narendra Modi , the first important exit since his first important role in his Japanese colleague Shinzo Abe in Toko , in May , Shinzo Ain Toko , in order to avoid economic and security political relations with the primarily prime to the world .
2025-04-29 20:17:26,341 - INFO - joeynmt.training - Example #2
2025-04-29 20:17:26,341 - DEBUG - joeynmt.training - 	Tokenized source:     ['Herr', 'Mo@@', 'd@@', 'i', 'befindet', 'sich', 'auf', 'einer', 'fü@@', 'n@@', 'f@@', 'tä@@', 'gi@@', 'gen', 'Rei@@', 'se', 'nach', 'J@@', 'ap@@', 'an', ',', 'um', 'die', 'wirtschaf@@', 'tlichen', 'Be@@', 'zieh@@', 'ungen', 'mit', 'der', 'd@@', 'rit@@', 't@@', 'größ@@', 'ten', 'Wirtschafts@@', 'n@@', 'ation', 'der', 'Welt', 'zu', 'fes@@', 'tigen', '.']
2025-04-29 20:17:26,341 - DEBUG - joeynmt.training - 	Tokenized reference:  ['Mr', 'Mo@@', 'd@@', 'i', 'is', 'on', 'a', 'fi@@', 've', '@@@', '-@@', '@', 'day', 'tri@@', 'p', 'to', 'J@@', 'ap@@', 'an', 'to', 'streng@@', 'then', 'economic', 'ties', 'with', 'the', 'third', 'lar@@', 'ges@@', 't', 'econom@@', 'y', 'in', 'the', 'world', '.']
2025-04-29 20:17:26,341 - DEBUG - joeynmt.training - 	Tokenized hypothesis: ['Mr', 'Mo@@', 'd@@', 'i', 'is', 'situ@@', 'ated', 'on', 'a', 'fi@@', 'f@@', 'ty', 'tra@@', 'v@@', 'el', 'to', 'J@@', 'ap@@', 'an', 'to', 'the', 'economic', 'rel@@', 'ations', 'with', 'the', 'third', 'lar@@', 'ges@@', 't', 'economic', 'n@@', 'ation', 'of', 'the', 'world', '.', '</s>']
2025-04-29 20:17:26,341 - INFO - joeynmt.training - 	Source:     Herr Modi befindet sich auf einer fünftägigen Reise nach Japan , um die wirtschaftlichen Beziehungen mit der drittgrößten Wirtschaftsnation der Welt zu festigen .
2025-04-29 20:17:26,341 - INFO - joeynmt.training - 	Reference:  Mr Modi is on a five @-@ day trip to Japan to strengthen economic ties with the third largest economy in the world .
2025-04-29 20:17:26,341 - INFO - joeynmt.training - 	Hypothesis: Mr Modi is situated on a fifty travel to Japan to the economic relations with the third largest economic nation of the world .
2025-04-29 20:17:26,341 - INFO - joeynmt.training - Example #3
2025-04-29 20:17:26,341 - DEBUG - joeynmt.training - 	Tokenized source:     ['P@@', 'län@@', 'e', 'für', 'eine', 'stärk@@', 'ere', 'k@@', 'ern@@', 'techn@@', 'ische', 'Zusammenarbeit', 'stehen', 'ganz', 'ob@@', 'en', 'auf', 'der', 'Tag@@', 'es@@', 'ordnung', '.']
2025-04-29 20:17:26,341 - DEBUG - joeynmt.training - 	Tokenized reference:  ['high', 'on', 'the', 'agen@@', 'da', 'are', 'pl@@', 'ans', 'for', 'gre@@', 'ater', 'nu@@', 'clear', 'c@@', 'o', '@@@', '-@@', '@', 'operation', '.']
2025-04-29 20:17:26,341 - DEBUG - joeynmt.training - 	Tokenized hypothesis: ['pl@@', 'ans', 'for', 'more', 'seri@@', 'ous', 'c@@', 'oll@@', 'ab@@', 'or@@', 'ation', 'is', 'a', 'very', 'much', 'more', 'seri@@', 'ous', 'about', 'the', 'agen@@', 'da', '.', '</s>']
2025-04-29 20:17:26,341 - INFO - joeynmt.training - 	Source:     Pläne für eine stärkere kerntechnische Zusammenarbeit stehen ganz oben auf der Tagesordnung .
2025-04-29 20:17:26,341 - INFO - joeynmt.training - 	Reference:  high on the agenda are plans for greater nuclear co @-@ operation .
2025-04-29 20:17:26,341 - INFO - joeynmt.training - 	Hypothesis: plans for more serious collaboration is a very much more serious about the agenda .
2025-04-29 20:17:26,341 - INFO - joeynmt.training - Example #4
2025-04-29 20:17:26,341 - DEBUG - joeynmt.training - 	Tokenized source:     ['Berich@@', 'ten', 'zu@@', 'fol@@', 'ge', 'ho@@', 'fft', 'Indi@@', 'en', 'darüber', 'hinaus', 'auf', 'einen', 'Ver@@', 'trag', 'zur', 'Ver@@', 'tei@@', 'dig@@', 'ungs@@', 'zusammen@@', 'arbeit', 'zwischen', 'den', 'beiden', 'N@@', 'ationen', '.']
2025-04-29 20:17:26,341 - DEBUG - joeynmt.training - 	Tokenized reference:  ['Indi@@', 'a', 'is', 'also', 're@@', 'porte@@', 'dly', 'hop@@', 'ing', 'for', 'a', 'de@@', 'al', 'on', 'def@@', 'ence', 'c@@', 'oll@@', 'ab@@', 'or@@', 'ation', 'between', 'the', 'two', 'n@@', 'ations', '.']
2025-04-29 20:17:26,341 - DEBUG - joeynmt.training - 	Tokenized hypothesis: ['it', 'is', 'also', 'the', 'way', 'that', 'Indi@@', 'a', 'is', 'to', 'be', 'a', 'con@@', 'tra@@', 'ct', 'on', 'the', 'def@@', 'ence', 'between', 'the', 'two', 'N@@', 'ations', '.', '</s>']
2025-04-29 20:17:26,341 - INFO - joeynmt.training - 	Source:     Berichten zufolge hofft Indien darüber hinaus auf einen Vertrag zur Verteidigungszusammenarbeit zwischen den beiden Nationen .
2025-04-29 20:17:26,341 - INFO - joeynmt.training - 	Reference:  India is also reportedly hoping for a deal on defence collaboration between the two nations .
2025-04-29 20:17:26,341 - INFO - joeynmt.training - 	Hypothesis: it is also the way that India is to be a contract on the defence between the two Nations .
2025-04-29 20:17:43,097 - INFO - joeynmt.training - Epoch   9, Step:    35100, Batch Loss:     1.712088, Batch Acc: 0.540043, Tokens per Sec:     5419, Lr: 0.000300
2025-04-29 20:18:00,333 - INFO - joeynmt.training - Epoch   9, Step:    35200, Batch Loss:     1.644300, Batch Acc: 0.543824, Tokens per Sec:     5280, Lr: 0.000300
2025-04-29 20:18:17,504 - INFO - joeynmt.training - Epoch   9, Step:    35300, Batch Loss:     1.693594, Batch Acc: 0.535659, Tokens per Sec:     5295, Lr: 0.000300
2025-04-29 20:18:34,609 - INFO - joeynmt.training - Epoch   9, Step:    35400, Batch Loss:     1.688868, Batch Acc: 0.543545, Tokens per Sec:     5380, Lr: 0.000300
2025-04-29 20:18:51,572 - INFO - joeynmt.training - Epoch   9, Step:    35500, Batch Loss:     1.888961, Batch Acc: 0.541246, Tokens per Sec:     5397, Lr: 0.000300
2025-04-29 20:18:51,573 - INFO - joeynmt.prediction - Predicting 500 example(s)... (Greedy decoding with min_output_length=1, max_output_length=-1, return_prob='none', generate_unk=True, repetition_penalty=-1, no_repeat_ngram_size=-1)
2025-04-29 20:19:18,028 - INFO - joeynmt.prediction - Evaluation result (greedy) loss:   2.10, ppl:   8.19, acc:   0.46, generation: 26.4519[sec], evaluation: 0.0000[sec]
2025-04-29 20:19:18,029 - INFO - joeynmt.training - Hooray! New best validation result [ppl]!
2025-04-29 20:19:18,110 - INFO - joeynmt.helpers - delete models/deen_transformer_prenorm/31500.ckpt
2025-04-29 20:19:18,126 - INFO - joeynmt.training - Example #0
2025-04-29 20:19:18,126 - DEBUG - joeynmt.training - 	Tokenized source:     ['die', 'Pre@@', 'mi@@', 'er@@', 'minist@@', 'er', 'Indi@@', 'ens', 'und', 'J@@', 'ap@@', 'ans', 'tra@@', 'fen', 'sich', 'in', 'T@@', 'ok@@', 'i@@', 'o', '.']
2025-04-29 20:19:18,126 - DEBUG - joeynmt.training - 	Tokenized reference:  ['Indi@@', 'a', 'and', 'J@@', 'ap@@', 'an', 'pri@@', 'me', 'minist@@', 'ers', 'me@@', 'et', 'in', 'T@@', 'ok@@', 'y@@', 'o']
2025-04-29 20:19:18,126 - DEBUG - joeynmt.training - 	Tokenized hypothesis: ['the', 'Pri@@', 'me', 'Minist@@', 'er', 'of', 'Indi@@', 'a', 'and', 'J@@', 'ap@@', 'an', '.', '</s>']
2025-04-29 20:19:18,126 - INFO - joeynmt.training - 	Source:     die Premierminister Indiens und Japans trafen sich in Tokio .
2025-04-29 20:19:18,126 - INFO - joeynmt.training - 	Reference:  India and Japan prime ministers meet in Tokyo
2025-04-29 20:19:18,126 - INFO - joeynmt.training - 	Hypothesis: the Prime Minister of India and Japan .
2025-04-29 20:19:18,126 - INFO - joeynmt.training - Example #1
2025-04-29 20:19:18,126 - DEBUG - joeynmt.training - 	Tokenized source:     ['Indi@@', 'ens', 'neu@@', 'er', 'Pre@@', 'mi@@', 'er@@', 'minist@@', 'er', 'N@@', 'ar@@', 'end@@', 'ra', 'Mo@@', 'd@@', 'i', 'tri@@', 'fft', 'bei', 's@@', 'einem', 'ersten', 'wichti@@', 'gen', 'Aus@@', 'land@@', 's@@', 'bes@@', 'u@@', 'ch', 'seit', 's@@', 'einem', 'W@@', 'ah@@', 'l@@', 'si@@', 'e@@', 'g', 'im', 'Ma@@', 'i', 'seinen', 'j@@', 'ap@@', 'an@@', 'ischen', 'Am@@', 'ts@@', 'k@@', 'olle@@', 'gen', 'S@@', 'hin@@', 'z@@', 'o', 'A@@', 'be', 'in', 'T@@', 'ok@@', 'o', ',', 'um', 'wirtschaf@@', 'tliche', 'und', 'sicher@@', 'heits@@', 'politische', 'Be@@', 'zieh@@', 'ungen', 'zu', 'bes@@', 'pre@@', 'chen', '.']
2025-04-29 20:19:18,126 - DEBUG - joeynmt.training - 	Tokenized reference:  ['Indi@@', 'a', '&apos;s', 'new', 'pri@@', 'me', 'minist@@', 'er', ',', 'N@@', 'ar@@', 'end@@', 'ra', 'Mo@@', 'd@@', 'i', ',', 'is', 'me@@', 'eting', 'his', 'J@@', 'ap@@', 'an@@', 'ese', 'coun@@', 'ter@@', 'part', ',', 'S@@', 'hin@@', 'z@@', 'o', 'A@@', 'be', ',', 'in', 'T@@', 'ok@@', 'y@@', 'o', 'to', 'disc@@', 'uss', 'economic', 'and', 'security', 'ties', ',', 'on', 'his', 'first', 'major', 'fore@@', 'ign', 'visi@@', 't', 'since', 'w@@', 'inn@@', 'ing', 'Ma@@', 'y', '&apos;s', 'elec@@', 'tion', '.']
2025-04-29 20:19:18,126 - DEBUG - joeynmt.training - 	Tokenized hypothesis: ['Indi@@', 'a', '&apos;s', 'Pri@@', 'me', 'Minist@@', 'er', 'N@@', 'ar@@', 'end@@', 'ra', 'Mo@@', 'd@@', 'i', ',', 'the', 'first', 'important', 'ex@@', 't@@', 'ent', 'to', 'his', 'first', 'important', 'ex@@', 't@@', 'ent', 'in', 'Ma@@', 'y', 'his', 'first', 'of', 'the', 'J@@', 'ap@@', 'an@@', 'ese', 'colle@@', 'c@@', 'ts', 'S@@', 'hin@@', 'z@@', 'o', 'A@@', 'be', ',', 'in', 'T@@', 'ok@@', 'o', ',', 'in', 'the', 'S@@', 'hin@@', 'z@@', 'o', ',', 'in', 'the', 'S@@', 'h@@', 'o', ',', 'and', 'the', 're@@', 'st', 'of', 'the', 'S@@', 'h@@', 'o', '.', '</s>']
2025-04-29 20:19:18,126 - INFO - joeynmt.training - 	Source:     Indiens neuer Premierminister Narendra Modi trifft bei seinem ersten wichtigen Auslandsbesuch seit seinem Wahlsieg im Mai seinen japanischen Amtskollegen Shinzo Abe in Toko , um wirtschaftliche und sicherheitspolitische Beziehungen zu besprechen .
2025-04-29 20:19:18,126 - INFO - joeynmt.training - 	Reference:  India &apos;s new prime minister , Narendra Modi , is meeting his Japanese counterpart , Shinzo Abe , in Tokyo to discuss economic and security ties , on his first major foreign visit since winning May &apos;s election .
2025-04-29 20:19:18,126 - INFO - joeynmt.training - 	Hypothesis: India &apos;s Prime Minister Narendra Modi , the first important extent to his first important extent in May his first of the Japanese collects Shinzo Abe , in Toko , in the Shinzo , in the Sho , and the rest of the Sho .
2025-04-29 20:19:18,126 - INFO - joeynmt.training - Example #2
2025-04-29 20:19:18,127 - DEBUG - joeynmt.training - 	Tokenized source:     ['Herr', 'Mo@@', 'd@@', 'i', 'befindet', 'sich', 'auf', 'einer', 'fü@@', 'n@@', 'f@@', 'tä@@', 'gi@@', 'gen', 'Rei@@', 'se', 'nach', 'J@@', 'ap@@', 'an', ',', 'um', 'die', 'wirtschaf@@', 'tlichen', 'Be@@', 'zieh@@', 'ungen', 'mit', 'der', 'd@@', 'rit@@', 't@@', 'größ@@', 'ten', 'Wirtschafts@@', 'n@@', 'ation', 'der', 'Welt', 'zu', 'fes@@', 'tigen', '.']
2025-04-29 20:19:18,127 - DEBUG - joeynmt.training - 	Tokenized reference:  ['Mr', 'Mo@@', 'd@@', 'i', 'is', 'on', 'a', 'fi@@', 've', '@@@', '-@@', '@', 'day', 'tri@@', 'p', 'to', 'J@@', 'ap@@', 'an', 'to', 'streng@@', 'then', 'economic', 'ties', 'with', 'the', 'third', 'lar@@', 'ges@@', 't', 'econom@@', 'y', 'in', 'the', 'world', '.']
2025-04-29 20:19:18,127 - DEBUG - joeynmt.training - 	Tokenized hypothesis: ['Mr', 'Mo@@', 'd@@', 'i', 'is', 'located', 'on', 'a', 'fi@@', 'f@@', 'ty', 't@@', 'ou@@', 'ch', 'to', 'J@@', 'ap@@', 'an', 'to', 're@@', 'ach', 'the', 'economic', 'rel@@', 'ations', 'with', 'the', 'third', 'lar@@', 'ges@@', 't', 'econom@@', 'y', '.', '</s>']
2025-04-29 20:19:18,127 - INFO - joeynmt.training - 	Source:     Herr Modi befindet sich auf einer fünftägigen Reise nach Japan , um die wirtschaftlichen Beziehungen mit der drittgrößten Wirtschaftsnation der Welt zu festigen .
2025-04-29 20:19:18,127 - INFO - joeynmt.training - 	Reference:  Mr Modi is on a five @-@ day trip to Japan to strengthen economic ties with the third largest economy in the world .
2025-04-29 20:19:18,127 - INFO - joeynmt.training - 	Hypothesis: Mr Modi is located on a fifty touch to Japan to reach the economic relations with the third largest economy .
2025-04-29 20:19:18,127 - INFO - joeynmt.training - Example #3
2025-04-29 20:19:18,127 - DEBUG - joeynmt.training - 	Tokenized source:     ['P@@', 'län@@', 'e', 'für', 'eine', 'stärk@@', 'ere', 'k@@', 'ern@@', 'techn@@', 'ische', 'Zusammenarbeit', 'stehen', 'ganz', 'ob@@', 'en', 'auf', 'der', 'Tag@@', 'es@@', 'ordnung', '.']
2025-04-29 20:19:18,127 - DEBUG - joeynmt.training - 	Tokenized reference:  ['high', 'on', 'the', 'agen@@', 'da', 'are', 'pl@@', 'ans', 'for', 'gre@@', 'ater', 'nu@@', 'clear', 'c@@', 'o', '@@@', '-@@', '@', 'operation', '.']
2025-04-29 20:19:18,127 - DEBUG - joeynmt.training - 	Tokenized hypothesis: ['pl@@', 'ans', 'for', 'a', 'more', 'seri@@', 'ous', 'techn@@', 'ical', 'cooperation', 'are', 'very', 'ob@@', 'li@@', 'g@@', 'ation', '.', '</s>']
2025-04-29 20:19:18,127 - INFO - joeynmt.training - 	Source:     Pläne für eine stärkere kerntechnische Zusammenarbeit stehen ganz oben auf der Tagesordnung .
2025-04-29 20:19:18,127 - INFO - joeynmt.training - 	Reference:  high on the agenda are plans for greater nuclear co @-@ operation .
2025-04-29 20:19:18,127 - INFO - joeynmt.training - 	Hypothesis: plans for a more serious technical cooperation are very obligation .
2025-04-29 20:19:18,127 - INFO - joeynmt.training - Example #4
2025-04-29 20:19:18,127 - DEBUG - joeynmt.training - 	Tokenized source:     ['Berich@@', 'ten', 'zu@@', 'fol@@', 'ge', 'ho@@', 'fft', 'Indi@@', 'en', 'darüber', 'hinaus', 'auf', 'einen', 'Ver@@', 'trag', 'zur', 'Ver@@', 'tei@@', 'dig@@', 'ungs@@', 'zusammen@@', 'arbeit', 'zwischen', 'den', 'beiden', 'N@@', 'ationen', '.']
2025-04-29 20:19:18,127 - DEBUG - joeynmt.training - 	Tokenized reference:  ['Indi@@', 'a', 'is', 'also', 're@@', 'porte@@', 'dly', 'hop@@', 'ing', 'for', 'a', 'de@@', 'al', 'on', 'def@@', 'ence', 'c@@', 'oll@@', 'ab@@', 'or@@', 'ation', 'between', 'the', 'two', 'n@@', 'ations', '.']
2025-04-29 20:19:18,127 - DEBUG - joeynmt.training - 	Tokenized hypothesis: ['it', 'is', 'also', 'tru@@', 'e', 'that', 'Indi@@', 'a', 'is', 'the', 'case', 'of', 'def@@', 'ence', 'between', 'the', 'N@@', 'ations', '.', '</s>']
2025-04-29 20:19:18,127 - INFO - joeynmt.training - 	Source:     Berichten zufolge hofft Indien darüber hinaus auf einen Vertrag zur Verteidigungszusammenarbeit zwischen den beiden Nationen .
2025-04-29 20:19:18,127 - INFO - joeynmt.training - 	Reference:  India is also reportedly hoping for a deal on defence collaboration between the two nations .
2025-04-29 20:19:18,127 - INFO - joeynmt.training - 	Hypothesis: it is also true that India is the case of defence between the Nations .
2025-04-29 20:19:35,625 - INFO - joeynmt.training - Epoch   9, Step:    35600, Batch Loss:     1.609867, Batch Acc: 0.549348, Tokens per Sec:     5284, Lr: 0.000300
2025-04-29 20:19:52,353 - INFO - joeynmt.training - Epoch   9, Step:    35700, Batch Loss:     1.599644, Batch Acc: 0.542007, Tokens per Sec:     5545, Lr: 0.000300
2025-04-29 20:20:09,181 - INFO - joeynmt.training - Epoch   9, Step:    35800, Batch Loss:     1.927304, Batch Acc: 0.537224, Tokens per Sec:     5384, Lr: 0.000300
2025-04-29 20:20:25,898 - INFO - joeynmt.training - Epoch   9, Step:    35900, Batch Loss:     1.670596, Batch Acc: 0.535413, Tokens per Sec:     5438, Lr: 0.000300
2025-04-29 20:20:42,513 - INFO - joeynmt.training - Epoch   9, Step:    36000, Batch Loss:     1.928929, Batch Acc: 0.536869, Tokens per Sec:     5462, Lr: 0.000300
2025-04-29 20:20:42,513 - INFO - joeynmt.prediction - Predicting 500 example(s)... (Greedy decoding with min_output_length=1, max_output_length=-1, return_prob='none', generate_unk=True, repetition_penalty=-1, no_repeat_ngram_size=-1)
2025-04-29 20:21:10,179 - INFO - joeynmt.prediction - Evaluation result (greedy) loss:   2.10, ppl:   8.17, acc:   0.46, generation: 27.6628[sec], evaluation: 0.0000[sec]
2025-04-29 20:21:10,180 - INFO - joeynmt.training - Hooray! New best validation result [ppl]!
2025-04-29 20:21:10,266 - INFO - joeynmt.helpers - delete models/deen_transformer_prenorm/32000.ckpt
2025-04-29 20:21:10,280 - INFO - joeynmt.training - Example #0
2025-04-29 20:21:10,280 - DEBUG - joeynmt.training - 	Tokenized source:     ['die', 'Pre@@', 'mi@@', 'er@@', 'minist@@', 'er', 'Indi@@', 'ens', 'und', 'J@@', 'ap@@', 'ans', 'tra@@', 'fen', 'sich', 'in', 'T@@', 'ok@@', 'i@@', 'o', '.']
2025-04-29 20:21:10,280 - DEBUG - joeynmt.training - 	Tokenized reference:  ['Indi@@', 'a', 'and', 'J@@', 'ap@@', 'an', 'pri@@', 'me', 'minist@@', 'ers', 'me@@', 'et', 'in', 'T@@', 'ok@@', 'y@@', 'o']
2025-04-29 20:21:10,280 - DEBUG - joeynmt.training - 	Tokenized hypothesis: ['the', 'Pri@@', 'me', 'Minist@@', 'er', 'of', 'Indi@@', 'a', 'and', 'J@@', 'ap@@', 'an', ',', 'T@@', 'ok@@', 'i@@', 'o', '.', '</s>']
2025-04-29 20:21:10,280 - INFO - joeynmt.training - 	Source:     die Premierminister Indiens und Japans trafen sich in Tokio .
2025-04-29 20:21:10,280 - INFO - joeynmt.training - 	Reference:  India and Japan prime ministers meet in Tokyo
2025-04-29 20:21:10,280 - INFO - joeynmt.training - 	Hypothesis: the Prime Minister of India and Japan , Tokio .
2025-04-29 20:21:10,280 - INFO - joeynmt.training - Example #1
2025-04-29 20:21:10,280 - DEBUG - joeynmt.training - 	Tokenized source:     ['Indi@@', 'ens', 'neu@@', 'er', 'Pre@@', 'mi@@', 'er@@', 'minist@@', 'er', 'N@@', 'ar@@', 'end@@', 'ra', 'Mo@@', 'd@@', 'i', 'tri@@', 'fft', 'bei', 's@@', 'einem', 'ersten', 'wichti@@', 'gen', 'Aus@@', 'land@@', 's@@', 'bes@@', 'u@@', 'ch', 'seit', 's@@', 'einem', 'W@@', 'ah@@', 'l@@', 'si@@', 'e@@', 'g', 'im', 'Ma@@', 'i', 'seinen', 'j@@', 'ap@@', 'an@@', 'ischen', 'Am@@', 'ts@@', 'k@@', 'olle@@', 'gen', 'S@@', 'hin@@', 'z@@', 'o', 'A@@', 'be', 'in', 'T@@', 'ok@@', 'o', ',', 'um', 'wirtschaf@@', 'tliche', 'und', 'sicher@@', 'heits@@', 'politische', 'Be@@', 'zieh@@', 'ungen', 'zu', 'bes@@', 'pre@@', 'chen', '.']
2025-04-29 20:21:10,280 - DEBUG - joeynmt.training - 	Tokenized reference:  ['Indi@@', 'a', '&apos;s', 'new', 'pri@@', 'me', 'minist@@', 'er', ',', 'N@@', 'ar@@', 'end@@', 'ra', 'Mo@@', 'd@@', 'i', ',', 'is', 'me@@', 'eting', 'his', 'J@@', 'ap@@', 'an@@', 'ese', 'coun@@', 'ter@@', 'part', ',', 'S@@', 'hin@@', 'z@@', 'o', 'A@@', 'be', ',', 'in', 'T@@', 'ok@@', 'y@@', 'o', 'to', 'disc@@', 'uss', 'economic', 'and', 'security', 'ties', ',', 'on', 'his', 'first', 'major', 'fore@@', 'ign', 'visi@@', 't', 'since', 'w@@', 'inn@@', 'ing', 'Ma@@', 'y', '&apos;s', 'elec@@', 'tion', '.']
2025-04-29 20:21:10,280 - DEBUG - joeynmt.training - 	Tokenized hypothesis: ['Indi@@', 'a', 'new', 'Pri@@', 'me', 'Minist@@', 'er', 'N@@', 'ar@@', 'end@@', 'ra', ',', 'N@@', 'ar@@', 'end@@', 'ra', ',', 'the', 'first', 'important', 'ex@@', 'tern@@', 'al', ',', 'since', 'his', 'first', 'important', 'ex@@', 'tern@@', 'al', 'ag@@', 'ents', 'in', 'Ma@@', 'y', 'its', 'J@@', 'ap@@', 'an@@', 'ese', 'colle@@', 'c@@', 'ts', ',', 'S@@', 'hin@@', 'z@@', 'o', ',', 'A@@', 'ss@@', 'em@@', 'b@@', 'ra@@', 'ce', ',', 'and', 'saf@@', 'ety', 'political', 'rel@@', 'ations', 'with', 'regard', 'to', 'economic', 'and', 'saf@@', 'ety', '.', '</s>']
2025-04-29 20:21:10,280 - INFO - joeynmt.training - 	Source:     Indiens neuer Premierminister Narendra Modi trifft bei seinem ersten wichtigen Auslandsbesuch seit seinem Wahlsieg im Mai seinen japanischen Amtskollegen Shinzo Abe in Toko , um wirtschaftliche und sicherheitspolitische Beziehungen zu besprechen .
2025-04-29 20:21:10,281 - INFO - joeynmt.training - 	Reference:  India &apos;s new prime minister , Narendra Modi , is meeting his Japanese counterpart , Shinzo Abe , in Tokyo to discuss economic and security ties , on his first major foreign visit since winning May &apos;s election .
2025-04-29 20:21:10,281 - INFO - joeynmt.training - 	Hypothesis: India new Prime Minister Narendra , Narendra , the first important external , since his first important external agents in May its Japanese collects , Shinzo , Assembrace , and safety political relations with regard to economic and safety .
2025-04-29 20:21:10,281 - INFO - joeynmt.training - Example #2
2025-04-29 20:21:10,281 - DEBUG - joeynmt.training - 	Tokenized source:     ['Herr', 'Mo@@', 'd@@', 'i', 'befindet', 'sich', 'auf', 'einer', 'fü@@', 'n@@', 'f@@', 'tä@@', 'gi@@', 'gen', 'Rei@@', 'se', 'nach', 'J@@', 'ap@@', 'an', ',', 'um', 'die', 'wirtschaf@@', 'tlichen', 'Be@@', 'zieh@@', 'ungen', 'mit', 'der', 'd@@', 'rit@@', 't@@', 'größ@@', 'ten', 'Wirtschafts@@', 'n@@', 'ation', 'der', 'Welt', 'zu', 'fes@@', 'tigen', '.']
2025-04-29 20:21:10,281 - DEBUG - joeynmt.training - 	Tokenized reference:  ['Mr', 'Mo@@', 'd@@', 'i', 'is', 'on', 'a', 'fi@@', 've', '@@@', '-@@', '@', 'day', 'tri@@', 'p', 'to', 'J@@', 'ap@@', 'an', 'to', 'streng@@', 'then', 'economic', 'ties', 'with', 'the', 'third', 'lar@@', 'ges@@', 't', 'econom@@', 'y', 'in', 'the', 'world', '.']
2025-04-29 20:21:10,281 - DEBUG - joeynmt.training - 	Tokenized hypothesis: ['Mr', 'Mo@@', 'd@@', 'i', 'is', 'located', 'on', 'a', 'fi@@', 'f@@', 'ty', 'tra@@', 'v@@', 'el', 'to', 'J@@', 'ap@@', 'an', 'to', 'a@@', 'vo@@', 'id', 'economic', 'rel@@', 'ations', 'with', 'the', 'third', 'lar@@', 'ges@@', 't', 'economic', 'n@@', 'ation', '.', '</s>']
2025-04-29 20:21:10,281 - INFO - joeynmt.training - 	Source:     Herr Modi befindet sich auf einer fünftägigen Reise nach Japan , um die wirtschaftlichen Beziehungen mit der drittgrößten Wirtschaftsnation der Welt zu festigen .
2025-04-29 20:21:10,281 - INFO - joeynmt.training - 	Reference:  Mr Modi is on a five @-@ day trip to Japan to strengthen economic ties with the third largest economy in the world .
2025-04-29 20:21:10,281 - INFO - joeynmt.training - 	Hypothesis: Mr Modi is located on a fifty travel to Japan to avoid economic relations with the third largest economic nation .
2025-04-29 20:21:10,281 - INFO - joeynmt.training - Example #3
2025-04-29 20:21:10,281 - DEBUG - joeynmt.training - 	Tokenized source:     ['P@@', 'län@@', 'e', 'für', 'eine', 'stärk@@', 'ere', 'k@@', 'ern@@', 'techn@@', 'ische', 'Zusammenarbeit', 'stehen', 'ganz', 'ob@@', 'en', 'auf', 'der', 'Tag@@', 'es@@', 'ordnung', '.']
2025-04-29 20:21:10,281 - DEBUG - joeynmt.training - 	Tokenized reference:  ['high', 'on', 'the', 'agen@@', 'da', 'are', 'pl@@', 'ans', 'for', 'gre@@', 'ater', 'nu@@', 'clear', 'c@@', 'o', '@@@', '-@@', '@', 'operation', '.']
2025-04-29 20:21:10,281 - DEBUG - joeynmt.training - 	Tokenized hypothesis: ['pl@@', 'ans', 'for', 'a', 'more', 'seri@@', 'ous', 'techn@@', 'ical', 'cooperation', 'is', 'very', 'important', '.', '</s>']
2025-04-29 20:21:10,281 - INFO - joeynmt.training - 	Source:     Pläne für eine stärkere kerntechnische Zusammenarbeit stehen ganz oben auf der Tagesordnung .
2025-04-29 20:21:10,281 - INFO - joeynmt.training - 	Reference:  high on the agenda are plans for greater nuclear co @-@ operation .
2025-04-29 20:21:10,281 - INFO - joeynmt.training - 	Hypothesis: plans for a more serious technical cooperation is very important .
2025-04-29 20:21:10,281 - INFO - joeynmt.training - Example #4
2025-04-29 20:21:10,281 - DEBUG - joeynmt.training - 	Tokenized source:     ['Berich@@', 'ten', 'zu@@', 'fol@@', 'ge', 'ho@@', 'fft', 'Indi@@', 'en', 'darüber', 'hinaus', 'auf', 'einen', 'Ver@@', 'trag', 'zur', 'Ver@@', 'tei@@', 'dig@@', 'ungs@@', 'zusammen@@', 'arbeit', 'zwischen', 'den', 'beiden', 'N@@', 'ationen', '.']
2025-04-29 20:21:10,281 - DEBUG - joeynmt.training - 	Tokenized reference:  ['Indi@@', 'a', 'is', 'also', 're@@', 'porte@@', 'dly', 'hop@@', 'ing', 'for', 'a', 'de@@', 'al', 'on', 'def@@', 'ence', 'c@@', 'oll@@', 'ab@@', 'or@@', 'ation', 'between', 'the', 'two', 'n@@', 'ations', '.']
2025-04-29 20:21:10,281 - DEBUG - joeynmt.training - 	Tokenized hypothesis: ['re@@', 'ports', 'in', 'ad@@', 'dition', ',', 'Indi@@', 'a', 'is', 'a', 'con@@', 'tra@@', 'ct', 'on', 'a', 'tre@@', 'aty', 'on', 'a', 'tre@@', 'aty', 'between', 'the', 'two', 'N@@', 'ations', '.', '</s>']
2025-04-29 20:21:10,281 - INFO - joeynmt.training - 	Source:     Berichten zufolge hofft Indien darüber hinaus auf einen Vertrag zur Verteidigungszusammenarbeit zwischen den beiden Nationen .
2025-04-29 20:21:10,281 - INFO - joeynmt.training - 	Reference:  India is also reportedly hoping for a deal on defence collaboration between the two nations .
2025-04-29 20:21:10,281 - INFO - joeynmt.training - 	Hypothesis: reports in addition , India is a contract on a treaty on a treaty between the two Nations .
2025-04-29 20:21:26,935 - INFO - joeynmt.training - Epoch   9, Step:    36100, Batch Loss:     1.604096, Batch Acc: 0.540693, Tokens per Sec:     5393, Lr: 0.000300
2025-04-29 20:21:43,507 - INFO - joeynmt.training - Epoch   9, Step:    36200, Batch Loss:     1.419857, Batch Acc: 0.541228, Tokens per Sec:     5587, Lr: 0.000300
2025-04-29 20:22:00,586 - INFO - joeynmt.training - Epoch   9, Step:    36300, Batch Loss:     1.678730, Batch Acc: 0.529650, Tokens per Sec:     5326, Lr: 0.000300
2025-04-29 20:22:17,436 - INFO - joeynmt.training - Epoch   9, Step:    36400, Batch Loss:     1.903314, Batch Acc: 0.538492, Tokens per Sec:     5430, Lr: 0.000300
2025-04-29 20:22:34,250 - INFO - joeynmt.training - Epoch   9, Step:    36500, Batch Loss:     1.579663, Batch Acc: 0.538733, Tokens per Sec:     5417, Lr: 0.000300
2025-04-29 20:22:34,250 - INFO - joeynmt.prediction - Predicting 500 example(s)... (Greedy decoding with min_output_length=1, max_output_length=-1, return_prob='none', generate_unk=True, repetition_penalty=-1, no_repeat_ngram_size=-1)
2025-04-29 20:23:00,309 - INFO - joeynmt.prediction - Evaluation result (greedy) loss:   2.09, ppl:   8.07, acc:   0.46, generation: 26.0548[sec], evaluation: 0.0000[sec]
2025-04-29 20:23:00,310 - INFO - joeynmt.training - Hooray! New best validation result [ppl]!
2025-04-29 20:23:00,391 - INFO - joeynmt.helpers - delete models/deen_transformer_prenorm/33000.ckpt
2025-04-29 20:23:00,404 - INFO - joeynmt.training - Example #0
2025-04-29 20:23:00,405 - DEBUG - joeynmt.training - 	Tokenized source:     ['die', 'Pre@@', 'mi@@', 'er@@', 'minist@@', 'er', 'Indi@@', 'ens', 'und', 'J@@', 'ap@@', 'ans', 'tra@@', 'fen', 'sich', 'in', 'T@@', 'ok@@', 'i@@', 'o', '.']
2025-04-29 20:23:00,405 - DEBUG - joeynmt.training - 	Tokenized reference:  ['Indi@@', 'a', 'and', 'J@@', 'ap@@', 'an', 'pri@@', 'me', 'minist@@', 'ers', 'me@@', 'et', 'in', 'T@@', 'ok@@', 'y@@', 'o']
2025-04-29 20:23:00,405 - DEBUG - joeynmt.training - 	Tokenized hypothesis: ['the', 'Pri@@', 'me', 'Minist@@', 'er', 'of', 'Indi@@', 'a', 'and', 'J@@', 'ap@@', 'an', ',', 'T@@', 'ok@@', 'i@@', 'o', '.', '</s>']
2025-04-29 20:23:00,405 - INFO - joeynmt.training - 	Source:     die Premierminister Indiens und Japans trafen sich in Tokio .
2025-04-29 20:23:00,405 - INFO - joeynmt.training - 	Reference:  India and Japan prime ministers meet in Tokyo
2025-04-29 20:23:00,405 - INFO - joeynmt.training - 	Hypothesis: the Prime Minister of India and Japan , Tokio .
2025-04-29 20:23:00,405 - INFO - joeynmt.training - Example #1
2025-04-29 20:23:00,405 - DEBUG - joeynmt.training - 	Tokenized source:     ['Indi@@', 'ens', 'neu@@', 'er', 'Pre@@', 'mi@@', 'er@@', 'minist@@', 'er', 'N@@', 'ar@@', 'end@@', 'ra', 'Mo@@', 'd@@', 'i', 'tri@@', 'fft', 'bei', 's@@', 'einem', 'ersten', 'wichti@@', 'gen', 'Aus@@', 'land@@', 's@@', 'bes@@', 'u@@', 'ch', 'seit', 's@@', 'einem', 'W@@', 'ah@@', 'l@@', 'si@@', 'e@@', 'g', 'im', 'Ma@@', 'i', 'seinen', 'j@@', 'ap@@', 'an@@', 'ischen', 'Am@@', 'ts@@', 'k@@', 'olle@@', 'gen', 'S@@', 'hin@@', 'z@@', 'o', 'A@@', 'be', 'in', 'T@@', 'ok@@', 'o', ',', 'um', 'wirtschaf@@', 'tliche', 'und', 'sicher@@', 'heits@@', 'politische', 'Be@@', 'zieh@@', 'ungen', 'zu', 'bes@@', 'pre@@', 'chen', '.']
2025-04-29 20:23:00,405 - DEBUG - joeynmt.training - 	Tokenized reference:  ['Indi@@', 'a', '&apos;s', 'new', 'pri@@', 'me', 'minist@@', 'er', ',', 'N@@', 'ar@@', 'end@@', 'ra', 'Mo@@', 'd@@', 'i', ',', 'is', 'me@@', 'eting', 'his', 'J@@', 'ap@@', 'an@@', 'ese', 'coun@@', 'ter@@', 'part', ',', 'S@@', 'hin@@', 'z@@', 'o', 'A@@', 'be', ',', 'in', 'T@@', 'ok@@', 'y@@', 'o', 'to', 'disc@@', 'uss', 'economic', 'and', 'security', 'ties', ',', 'on', 'his', 'first', 'major', 'fore@@', 'ign', 'visi@@', 't', 'since', 'w@@', 'inn@@', 'ing', 'Ma@@', 'y', '&apos;s', 'elec@@', 'tion', '.']
2025-04-29 20:23:00,405 - DEBUG - joeynmt.training - 	Tokenized hypothesis: ['Indi@@', 'a', 'new', 'Pri@@', 'me', 'Minist@@', 'er', 'N@@', 'ar@@', 'end@@', 'ra', 'Mo@@', 'd@@', 'i', ',', 'the', 'first', 'important', 'ex@@', 't@@', 'ent', 'to', 'his', 'first', 'important', 'ex@@', 't@@', 'ent', 'to', 'his', 'first', 'important', 'ex@@', 't@@', 'ent', 'to', 'the', 'E@@', 'con@@', 'om@@', 'ic', 'and', 'S@@', 'hin@@', 'z@@', 'o', 'A@@', 'be', 'in', 'T@@', 'ok@@', 'o', 'to', 'be', 'in', 'Ma@@', 'y', 'J@@', 'ap@@', 'an@@', 'ese', 'Am@@', 'ts@@', 'ts@@', 'man', ',', 'who', 'has', 'been', 'able', 'to', 're@@', 'ach', 'the', 'economic', 'and', 'security', 'of', 'the', 'pri@@', 'm@@', 'ary', 'ex@@', 'tern@@', 'al', 'and', 'the', 'pre@@', '-@@', 'e@@', 'vi@@', 'l', '.', '</s>']
2025-04-29 20:23:00,405 - INFO - joeynmt.training - 	Source:     Indiens neuer Premierminister Narendra Modi trifft bei seinem ersten wichtigen Auslandsbesuch seit seinem Wahlsieg im Mai seinen japanischen Amtskollegen Shinzo Abe in Toko , um wirtschaftliche und sicherheitspolitische Beziehungen zu besprechen .
2025-04-29 20:23:00,405 - INFO - joeynmt.training - 	Reference:  India &apos;s new prime minister , Narendra Modi , is meeting his Japanese counterpart , Shinzo Abe , in Tokyo to discuss economic and security ties , on his first major foreign visit since winning May &apos;s election .
2025-04-29 20:23:00,405 - INFO - joeynmt.training - 	Hypothesis: India new Prime Minister Narendra Modi , the first important extent to his first important extent to his first important extent to the Economic and Shinzo Abe in Toko to be in May Japanese Amtstsman , who has been able to reach the economic and security of the primary external and the pre-evil .
2025-04-29 20:23:00,405 - INFO - joeynmt.training - Example #2
2025-04-29 20:23:00,405 - DEBUG - joeynmt.training - 	Tokenized source:     ['Herr', 'Mo@@', 'd@@', 'i', 'befindet', 'sich', 'auf', 'einer', 'fü@@', 'n@@', 'f@@', 'tä@@', 'gi@@', 'gen', 'Rei@@', 'se', 'nach', 'J@@', 'ap@@', 'an', ',', 'um', 'die', 'wirtschaf@@', 'tlichen', 'Be@@', 'zieh@@', 'ungen', 'mit', 'der', 'd@@', 'rit@@', 't@@', 'größ@@', 'ten', 'Wirtschafts@@', 'n@@', 'ation', 'der', 'Welt', 'zu', 'fes@@', 'tigen', '.']
2025-04-29 20:23:00,405 - DEBUG - joeynmt.training - 	Tokenized reference:  ['Mr', 'Mo@@', 'd@@', 'i', 'is', 'on', 'a', 'fi@@', 've', '@@@', '-@@', '@', 'day', 'tri@@', 'p', 'to', 'J@@', 'ap@@', 'an', 'to', 'streng@@', 'then', 'economic', 'ties', 'with', 'the', 'third', 'lar@@', 'ges@@', 't', 'econom@@', 'y', 'in', 'the', 'world', '.']
2025-04-29 20:23:00,405 - DEBUG - joeynmt.training - 	Tokenized hypothesis: ['Mr', 'Mo@@', 'd@@', 'i', 'is', 'located', 'on', 'a', 'fi@@', 'f@@', 'ty', 'tra@@', 'v@@', 'el', 'to', 'J@@', 'ap@@', 'an', 'to', 'pro@@', 'gress', 'in', 'the', 'world', '&apos;s', 'economic', 'n@@', 'ation', '.', '</s>']
2025-04-29 20:23:00,405 - INFO - joeynmt.training - 	Source:     Herr Modi befindet sich auf einer fünftägigen Reise nach Japan , um die wirtschaftlichen Beziehungen mit der drittgrößten Wirtschaftsnation der Welt zu festigen .
2025-04-29 20:23:00,405 - INFO - joeynmt.training - 	Reference:  Mr Modi is on a five @-@ day trip to Japan to strengthen economic ties with the third largest economy in the world .
2025-04-29 20:23:00,405 - INFO - joeynmt.training - 	Hypothesis: Mr Modi is located on a fifty travel to Japan to progress in the world &apos;s economic nation .
2025-04-29 20:23:00,405 - INFO - joeynmt.training - Example #3
2025-04-29 20:23:00,405 - DEBUG - joeynmt.training - 	Tokenized source:     ['P@@', 'län@@', 'e', 'für', 'eine', 'stärk@@', 'ere', 'k@@', 'ern@@', 'techn@@', 'ische', 'Zusammenarbeit', 'stehen', 'ganz', 'ob@@', 'en', 'auf', 'der', 'Tag@@', 'es@@', 'ordnung', '.']
2025-04-29 20:23:00,405 - DEBUG - joeynmt.training - 	Tokenized reference:  ['high', 'on', 'the', 'agen@@', 'da', 'are', 'pl@@', 'ans', 'for', 'gre@@', 'ater', 'nu@@', 'clear', 'c@@', 'o', '@@@', '-@@', '@', 'operation', '.']
2025-04-29 20:23:00,405 - DEBUG - joeynmt.training - 	Tokenized hypothesis: ['pl@@', 'ans', 'for', 'more', 'seri@@', 'ous', 'seri@@', 'ous', 'techn@@', 'ical', 'cooperation', 'are', 'very', 'ob@@', 'ser@@', 'ved', 'on', 'the', 'agen@@', 'da', '.', '</s>']
2025-04-29 20:23:00,405 - INFO - joeynmt.training - 	Source:     Pläne für eine stärkere kerntechnische Zusammenarbeit stehen ganz oben auf der Tagesordnung .
2025-04-29 20:23:00,405 - INFO - joeynmt.training - 	Reference:  high on the agenda are plans for greater nuclear co @-@ operation .
2025-04-29 20:23:00,405 - INFO - joeynmt.training - 	Hypothesis: plans for more serious serious technical cooperation are very observed on the agenda .
2025-04-29 20:23:00,405 - INFO - joeynmt.training - Example #4
2025-04-29 20:23:00,406 - DEBUG - joeynmt.training - 	Tokenized source:     ['Berich@@', 'ten', 'zu@@', 'fol@@', 'ge', 'ho@@', 'fft', 'Indi@@', 'en', 'darüber', 'hinaus', 'auf', 'einen', 'Ver@@', 'trag', 'zur', 'Ver@@', 'tei@@', 'dig@@', 'ungs@@', 'zusammen@@', 'arbeit', 'zwischen', 'den', 'beiden', 'N@@', 'ationen', '.']
2025-04-29 20:23:00,406 - DEBUG - joeynmt.training - 	Tokenized reference:  ['Indi@@', 'a', 'is', 'also', 're@@', 'porte@@', 'dly', 'hop@@', 'ing', 'for', 'a', 'de@@', 'al', 'on', 'def@@', 'ence', 'c@@', 'oll@@', 'ab@@', 'or@@', 'ation', 'between', 'the', 'two', 'n@@', 'ations', '.']
2025-04-29 20:23:00,406 - DEBUG - joeynmt.training - 	Tokenized hypothesis: ['it', 'is', 'also', 'tru@@', 'e', 'Indi@@', 'a', ',', 'which', 'is', 'also', 'hop@@', 'ed', 'for', 'a', 'con@@', 'tra@@', 'ct', 'to', 'def@@', 'ence', 'between', 'the', 'two', 'n@@', 'ations', '.', '</s>']
2025-04-29 20:23:00,406 - INFO - joeynmt.training - 	Source:     Berichten zufolge hofft Indien darüber hinaus auf einen Vertrag zur Verteidigungszusammenarbeit zwischen den beiden Nationen .
2025-04-29 20:23:00,406 - INFO - joeynmt.training - 	Reference:  India is also reportedly hoping for a deal on defence collaboration between the two nations .
2025-04-29 20:23:00,406 - INFO - joeynmt.training - 	Hypothesis: it is also true India , which is also hoped for a contract to defence between the two nations .
2025-04-29 20:23:16,257 - INFO - joeynmt.training - Epoch   9: total training loss 6815.06
2025-04-29 20:23:16,257 - INFO - joeynmt.training - EPOCH 10
2025-04-29 20:23:16,937 - INFO - joeynmt.training - Epoch  10, Step:    36600, Batch Loss:     1.606646, Batch Acc: 0.555589, Tokens per Sec:     4868, Lr: 0.000300
2025-04-29 20:23:33,599 - INFO - joeynmt.training - Epoch  10, Step:    36700, Batch Loss:     1.777540, Batch Acc: 0.561557, Tokens per Sec:     5437, Lr: 0.000300
2025-04-29 20:23:50,612 - INFO - joeynmt.training - Epoch  10, Step:    36800, Batch Loss:     1.719900, Batch Acc: 0.561036, Tokens per Sec:     5384, Lr: 0.000300
2025-04-29 20:24:07,192 - INFO - joeynmt.training - Epoch  10, Step:    36900, Batch Loss:     1.594124, Batch Acc: 0.551926, Tokens per Sec:     5609, Lr: 0.000300
2025-04-29 20:24:23,757 - INFO - joeynmt.training - Epoch  10, Step:    37000, Batch Loss:     1.566062, Batch Acc: 0.557442, Tokens per Sec:     5473, Lr: 0.000300
2025-04-29 20:24:23,758 - INFO - joeynmt.prediction - Predicting 500 example(s)... (Greedy decoding with min_output_length=1, max_output_length=-1, return_prob='none', generate_unk=True, repetition_penalty=-1, no_repeat_ngram_size=-1)
2025-04-29 20:24:46,716 - INFO - joeynmt.prediction - Evaluation result (greedy) loss:   2.10, ppl:   8.19, acc:   0.46, generation: 22.9545[sec], evaluation: 0.0000[sec]
2025-04-29 20:24:46,792 - INFO - joeynmt.helpers - delete models/deen_transformer_prenorm/35000.ckpt
2025-04-29 20:24:46,800 - INFO - joeynmt.training - Example #0
2025-04-29 20:24:46,800 - DEBUG - joeynmt.training - 	Tokenized source:     ['die', 'Pre@@', 'mi@@', 'er@@', 'minist@@', 'er', 'Indi@@', 'ens', 'und', 'J@@', 'ap@@', 'ans', 'tra@@', 'fen', 'sich', 'in', 'T@@', 'ok@@', 'i@@', 'o', '.']
2025-04-29 20:24:46,800 - DEBUG - joeynmt.training - 	Tokenized reference:  ['Indi@@', 'a', 'and', 'J@@', 'ap@@', 'an', 'pri@@', 'me', 'minist@@', 'ers', 'me@@', 'et', 'in', 'T@@', 'ok@@', 'y@@', 'o']
2025-04-29 20:24:46,800 - DEBUG - joeynmt.training - 	Tokenized hypothesis: ['the', 'Pri@@', 'me', 'Minist@@', 'er', 'of', 'Indi@@', 'a', 'and', 'J@@', 'ap@@', 'an', ',', 'T@@', 'ok@@', 'i@@', 'o', '.', '</s>']
2025-04-29 20:24:46,800 - INFO - joeynmt.training - 	Source:     die Premierminister Indiens und Japans trafen sich in Tokio .
2025-04-29 20:24:46,800 - INFO - joeynmt.training - 	Reference:  India and Japan prime ministers meet in Tokyo
2025-04-29 20:24:46,800 - INFO - joeynmt.training - 	Hypothesis: the Prime Minister of India and Japan , Tokio .
2025-04-29 20:24:46,800 - INFO - joeynmt.training - Example #1
2025-04-29 20:24:46,800 - DEBUG - joeynmt.training - 	Tokenized source:     ['Indi@@', 'ens', 'neu@@', 'er', 'Pre@@', 'mi@@', 'er@@', 'minist@@', 'er', 'N@@', 'ar@@', 'end@@', 'ra', 'Mo@@', 'd@@', 'i', 'tri@@', 'fft', 'bei', 's@@', 'einem', 'ersten', 'wichti@@', 'gen', 'Aus@@', 'land@@', 's@@', 'bes@@', 'u@@', 'ch', 'seit', 's@@', 'einem', 'W@@', 'ah@@', 'l@@', 'si@@', 'e@@', 'g', 'im', 'Ma@@', 'i', 'seinen', 'j@@', 'ap@@', 'an@@', 'ischen', 'Am@@', 'ts@@', 'k@@', 'olle@@', 'gen', 'S@@', 'hin@@', 'z@@', 'o', 'A@@', 'be', 'in', 'T@@', 'ok@@', 'o', ',', 'um', 'wirtschaf@@', 'tliche', 'und', 'sicher@@', 'heits@@', 'politische', 'Be@@', 'zieh@@', 'ungen', 'zu', 'bes@@', 'pre@@', 'chen', '.']
2025-04-29 20:24:46,800 - DEBUG - joeynmt.training - 	Tokenized reference:  ['Indi@@', 'a', '&apos;s', 'new', 'pri@@', 'me', 'minist@@', 'er', ',', 'N@@', 'ar@@', 'end@@', 'ra', 'Mo@@', 'd@@', 'i', ',', 'is', 'me@@', 'eting', 'his', 'J@@', 'ap@@', 'an@@', 'ese', 'coun@@', 'ter@@', 'part', ',', 'S@@', 'hin@@', 'z@@', 'o', 'A@@', 'be', ',', 'in', 'T@@', 'ok@@', 'y@@', 'o', 'to', 'disc@@', 'uss', 'economic', 'and', 'security', 'ties', ',', 'on', 'his', 'first', 'major', 'fore@@', 'ign', 'visi@@', 't', 'since', 'w@@', 'inn@@', 'ing', 'Ma@@', 'y', '&apos;s', 'elec@@', 'tion', '.']
2025-04-29 20:24:46,800 - DEBUG - joeynmt.training - 	Tokenized hypothesis: ['Indi@@', 'a', '&apos;s', 'new', 'Pri@@', 'me', 'Minist@@', 'er', 'Pri@@', 'me', 'Minist@@', 'er', 'N@@', 'ar@@', 'end@@', 'ra', 'Mo@@', 'd@@', 'i', ',', 'the', 'first', 'important', 'ex@@', 'tern@@', 'al', 'ex@@', 'per@@', 'ts', 'since', 'his', 'first', 'important', 'ex@@', 'tern@@', 'al', 'colle@@', 'c@@', 'tions', 'in', 'Ma@@', 'y', 'Am@@', 'ts@@', 'k@@', 'i@@', 'an', 'Am@@', 'ts@@', 'k@@', 'i@@', 'an', 'Am@@', 'ts@@', 'k@@', 'i@@', 'an', 'A@@', 'be', 'in', 'T@@', 'ok@@', 'o', ',', 'to', 'the', 'economic', 'and', 'security', 'political', 'rel@@', 'ations', '.', '</s>']
2025-04-29 20:24:46,800 - INFO - joeynmt.training - 	Source:     Indiens neuer Premierminister Narendra Modi trifft bei seinem ersten wichtigen Auslandsbesuch seit seinem Wahlsieg im Mai seinen japanischen Amtskollegen Shinzo Abe in Toko , um wirtschaftliche und sicherheitspolitische Beziehungen zu besprechen .
2025-04-29 20:24:46,800 - INFO - joeynmt.training - 	Reference:  India &apos;s new prime minister , Narendra Modi , is meeting his Japanese counterpart , Shinzo Abe , in Tokyo to discuss economic and security ties , on his first major foreign visit since winning May &apos;s election .
2025-04-29 20:24:46,800 - INFO - joeynmt.training - 	Hypothesis: India &apos;s new Prime Minister Prime Minister Narendra Modi , the first important external experts since his first important external collections in May Amtskian Amtskian Amtskian Abe in Toko , to the economic and security political relations .
2025-04-29 20:24:46,800 - INFO - joeynmt.training - Example #2
2025-04-29 20:24:46,800 - DEBUG - joeynmt.training - 	Tokenized source:     ['Herr', 'Mo@@', 'd@@', 'i', 'befindet', 'sich', 'auf', 'einer', 'fü@@', 'n@@', 'f@@', 'tä@@', 'gi@@', 'gen', 'Rei@@', 'se', 'nach', 'J@@', 'ap@@', 'an', ',', 'um', 'die', 'wirtschaf@@', 'tlichen', 'Be@@', 'zieh@@', 'ungen', 'mit', 'der', 'd@@', 'rit@@', 't@@', 'größ@@', 'ten', 'Wirtschafts@@', 'n@@', 'ation', 'der', 'Welt', 'zu', 'fes@@', 'tigen', '.']
2025-04-29 20:24:46,800 - DEBUG - joeynmt.training - 	Tokenized reference:  ['Mr', 'Mo@@', 'd@@', 'i', 'is', 'on', 'a', 'fi@@', 've', '@@@', '-@@', '@', 'day', 'tri@@', 'p', 'to', 'J@@', 'ap@@', 'an', 'to', 'streng@@', 'then', 'economic', 'ties', 'with', 'the', 'third', 'lar@@', 'ges@@', 't', 'econom@@', 'y', 'in', 'the', 'world', '.']
2025-04-29 20:24:46,800 - DEBUG - joeynmt.training - 	Tokenized hypothesis: ['Mr', 'Mo@@', 'd@@', 'i', 'is', 'located', 'on', 'a', 'fi@@', 'f@@', 'ty', 'tra@@', 'v@@', 'el', 'to', 'J@@', 'ap@@', 'an', 'to', 'pro@@', 'mo@@', 'te', 'economic', 'rel@@', 'ations', 'with', 'the', 'third', 'lar@@', 'ges@@', 't', 'economic', 'n@@', 'ation', '.', '</s>']
2025-04-29 20:24:46,801 - INFO - joeynmt.training - 	Source:     Herr Modi befindet sich auf einer fünftägigen Reise nach Japan , um die wirtschaftlichen Beziehungen mit der drittgrößten Wirtschaftsnation der Welt zu festigen .
2025-04-29 20:24:46,801 - INFO - joeynmt.training - 	Reference:  Mr Modi is on a five @-@ day trip to Japan to strengthen economic ties with the third largest economy in the world .
2025-04-29 20:24:46,801 - INFO - joeynmt.training - 	Hypothesis: Mr Modi is located on a fifty travel to Japan to promote economic relations with the third largest economic nation .
2025-04-29 20:24:46,801 - INFO - joeynmt.training - Example #3
2025-04-29 20:24:46,801 - DEBUG - joeynmt.training - 	Tokenized source:     ['P@@', 'län@@', 'e', 'für', 'eine', 'stärk@@', 'ere', 'k@@', 'ern@@', 'techn@@', 'ische', 'Zusammenarbeit', 'stehen', 'ganz', 'ob@@', 'en', 'auf', 'der', 'Tag@@', 'es@@', 'ordnung', '.']
2025-04-29 20:24:46,801 - DEBUG - joeynmt.training - 	Tokenized reference:  ['high', 'on', 'the', 'agen@@', 'da', 'are', 'pl@@', 'ans', 'for', 'gre@@', 'ater', 'nu@@', 'clear', 'c@@', 'o', '@@@', '-@@', '@', 'operation', '.']
2025-04-29 20:24:46,801 - DEBUG - joeynmt.training - 	Tokenized hypothesis: ['pl@@', 'ans', 'for', 'a', 'more', 'seri@@', 'ous', 'techn@@', 'ical', 'cooperation', 'are', 'at', 'the', 'agen@@', 'cies', '.', '</s>']
2025-04-29 20:24:46,801 - INFO - joeynmt.training - 	Source:     Pläne für eine stärkere kerntechnische Zusammenarbeit stehen ganz oben auf der Tagesordnung .
2025-04-29 20:24:46,801 - INFO - joeynmt.training - 	Reference:  high on the agenda are plans for greater nuclear co @-@ operation .
2025-04-29 20:24:46,801 - INFO - joeynmt.training - 	Hypothesis: plans for a more serious technical cooperation are at the agencies .
2025-04-29 20:24:46,801 - INFO - joeynmt.training - Example #4
2025-04-29 20:24:46,801 - DEBUG - joeynmt.training - 	Tokenized source:     ['Berich@@', 'ten', 'zu@@', 'fol@@', 'ge', 'ho@@', 'fft', 'Indi@@', 'en', 'darüber', 'hinaus', 'auf', 'einen', 'Ver@@', 'trag', 'zur', 'Ver@@', 'tei@@', 'dig@@', 'ungs@@', 'zusammen@@', 'arbeit', 'zwischen', 'den', 'beiden', 'N@@', 'ationen', '.']
2025-04-29 20:24:46,801 - DEBUG - joeynmt.training - 	Tokenized reference:  ['Indi@@', 'a', 'is', 'also', 're@@', 'porte@@', 'dly', 'hop@@', 'ing', 'for', 'a', 'de@@', 'al', 'on', 'def@@', 'ence', 'c@@', 'oll@@', 'ab@@', 'or@@', 'ation', 'between', 'the', 'two', 'n@@', 'ations', '.']
2025-04-29 20:24:46,801 - DEBUG - joeynmt.training - 	Tokenized hypothesis: ['it', 'is', 'a', 'result', 'of', 'the', 'de@@', 'bt', 'that', 'is', 'also', 'hop@@', 'es', 'that', 'are', 'being', 'made', 'to', 'a', 'con@@', 'tra@@', 'ct', 'between', 'the', 'two', 'n@@', 'ations', '.', '</s>']
2025-04-29 20:24:46,801 - INFO - joeynmt.training - 	Source:     Berichten zufolge hofft Indien darüber hinaus auf einen Vertrag zur Verteidigungszusammenarbeit zwischen den beiden Nationen .
2025-04-29 20:24:46,801 - INFO - joeynmt.training - 	Reference:  India is also reportedly hoping for a deal on defence collaboration between the two nations .
2025-04-29 20:24:46,801 - INFO - joeynmt.training - 	Hypothesis: it is a result of the debt that is also hopes that are being made to a contract between the two nations .
2025-04-29 20:25:03,343 - INFO - joeynmt.training - Epoch  10, Step:    37100, Batch Loss:     1.519778, Batch Acc: 0.555481, Tokens per Sec:     5464, Lr: 0.000300
2025-04-29 20:25:19,875 - INFO - joeynmt.training - Epoch  10, Step:    37200, Batch Loss:     1.514001, Batch Acc: 0.549875, Tokens per Sec:     5569, Lr: 0.000300
2025-04-29 20:25:36,425 - INFO - joeynmt.training - Epoch  10, Step:    37300, Batch Loss:     1.466541, Batch Acc: 0.551922, Tokens per Sec:     5558, Lr: 0.000300
2025-04-29 20:25:53,039 - INFO - joeynmt.training - Epoch  10, Step:    37400, Batch Loss:     1.591202, Batch Acc: 0.543911, Tokens per Sec:     5568, Lr: 0.000300
2025-04-29 20:26:09,600 - INFO - joeynmt.training - Epoch  10, Step:    37500, Batch Loss:     1.589977, Batch Acc: 0.552766, Tokens per Sec:     5493, Lr: 0.000300
2025-04-29 20:26:09,600 - INFO - joeynmt.prediction - Predicting 500 example(s)... (Greedy decoding with min_output_length=1, max_output_length=-1, return_prob='none', generate_unk=True, repetition_penalty=-1, no_repeat_ngram_size=-1)
2025-04-29 20:26:38,543 - INFO - joeynmt.prediction - Evaluation result (greedy) loss:   2.10, ppl:   8.20, acc:   0.46, generation: 28.9391[sec], evaluation: 0.0000[sec]
2025-04-29 20:26:38,544 - INFO - joeynmt.training - Example #0
2025-04-29 20:26:38,544 - DEBUG - joeynmt.training - 	Tokenized source:     ['die', 'Pre@@', 'mi@@', 'er@@', 'minist@@', 'er', 'Indi@@', 'ens', 'und', 'J@@', 'ap@@', 'ans', 'tra@@', 'fen', 'sich', 'in', 'T@@', 'ok@@', 'i@@', 'o', '.']
2025-04-29 20:26:38,544 - DEBUG - joeynmt.training - 	Tokenized reference:  ['Indi@@', 'a', 'and', 'J@@', 'ap@@', 'an', 'pri@@', 'me', 'minist@@', 'ers', 'me@@', 'et', 'in', 'T@@', 'ok@@', 'y@@', 'o']
2025-04-29 20:26:38,544 - DEBUG - joeynmt.training - 	Tokenized hypothesis: ['the', 'Pri@@', 'me', 'Minist@@', 'er', 'of', 'Indi@@', 'a', 'and', 'J@@', 'ap@@', 'an', ',', 'T@@', 'ok@@', 'i@@', 'o', '.', '</s>']
2025-04-29 20:26:38,545 - INFO - joeynmt.training - 	Source:     die Premierminister Indiens und Japans trafen sich in Tokio .
2025-04-29 20:26:38,545 - INFO - joeynmt.training - 	Reference:  India and Japan prime ministers meet in Tokyo
2025-04-29 20:26:38,545 - INFO - joeynmt.training - 	Hypothesis: the Prime Minister of India and Japan , Tokio .
2025-04-29 20:26:38,545 - INFO - joeynmt.training - Example #1
2025-04-29 20:26:38,545 - DEBUG - joeynmt.training - 	Tokenized source:     ['Indi@@', 'ens', 'neu@@', 'er', 'Pre@@', 'mi@@', 'er@@', 'minist@@', 'er', 'N@@', 'ar@@', 'end@@', 'ra', 'Mo@@', 'd@@', 'i', 'tri@@', 'fft', 'bei', 's@@', 'einem', 'ersten', 'wichti@@', 'gen', 'Aus@@', 'land@@', 's@@', 'bes@@', 'u@@', 'ch', 'seit', 's@@', 'einem', 'W@@', 'ah@@', 'l@@', 'si@@', 'e@@', 'g', 'im', 'Ma@@', 'i', 'seinen', 'j@@', 'ap@@', 'an@@', 'ischen', 'Am@@', 'ts@@', 'k@@', 'olle@@', 'gen', 'S@@', 'hin@@', 'z@@', 'o', 'A@@', 'be', 'in', 'T@@', 'ok@@', 'o', ',', 'um', 'wirtschaf@@', 'tliche', 'und', 'sicher@@', 'heits@@', 'politische', 'Be@@', 'zieh@@', 'ungen', 'zu', 'bes@@', 'pre@@', 'chen', '.']
2025-04-29 20:26:38,545 - DEBUG - joeynmt.training - 	Tokenized reference:  ['Indi@@', 'a', '&apos;s', 'new', 'pri@@', 'me', 'minist@@', 'er', ',', 'N@@', 'ar@@', 'end@@', 'ra', 'Mo@@', 'd@@', 'i', ',', 'is', 'me@@', 'eting', 'his', 'J@@', 'ap@@', 'an@@', 'ese', 'coun@@', 'ter@@', 'part', ',', 'S@@', 'hin@@', 'z@@', 'o', 'A@@', 'be', ',', 'in', 'T@@', 'ok@@', 'y@@', 'o', 'to', 'disc@@', 'uss', 'economic', 'and', 'security', 'ties', ',', 'on', 'his', 'first', 'major', 'fore@@', 'ign', 'visi@@', 't', 'since', 'w@@', 'inn@@', 'ing', 'Ma@@', 'y', '&apos;s', 'elec@@', 'tion', '.']
2025-04-29 20:26:38,545 - DEBUG - joeynmt.training - 	Tokenized hypothesis: ['Indi@@', 'a', 'new', 'Pri@@', 'me', 'Minist@@', 'er', 'of', 'Indi@@', 'a', '&apos;s', 'new', 'Pri@@', 'me', 'Minist@@', 'er', 'of', 'M@@', 'er@@', 'ra', ',', 'S@@', 'hin@@', 'z@@', 'o', ',', 'has', 'been', 'a', 'good', 'one', 'since', 'his', 'elec@@', 'tion', 'in', 'Ma@@', 'y', ',', 'his', 'first', 'important', 'J@@', 'ap@@', 'an@@', 'ese', 'colle@@', 'c@@', 'ts', 'of', 'S@@', 'hin@@', 'z@@', 'o', ',', 'in', 'the', 'A@@', 'ss@@', 'a', 'in', 'T@@', 'ok@@', 'o', ',', 'to', 're@@', 'mo@@', 've', 'economic', 'and', 'security', '.', '</s>']
2025-04-29 20:26:38,545 - INFO - joeynmt.training - 	Source:     Indiens neuer Premierminister Narendra Modi trifft bei seinem ersten wichtigen Auslandsbesuch seit seinem Wahlsieg im Mai seinen japanischen Amtskollegen Shinzo Abe in Toko , um wirtschaftliche und sicherheitspolitische Beziehungen zu besprechen .
2025-04-29 20:26:38,545 - INFO - joeynmt.training - 	Reference:  India &apos;s new prime minister , Narendra Modi , is meeting his Japanese counterpart , Shinzo Abe , in Tokyo to discuss economic and security ties , on his first major foreign visit since winning May &apos;s election .
2025-04-29 20:26:38,545 - INFO - joeynmt.training - 	Hypothesis: India new Prime Minister of India &apos;s new Prime Minister of Merra , Shinzo , has been a good one since his election in May , his first important Japanese collects of Shinzo , in the Assa in Toko , to remove economic and security .
2025-04-29 20:26:38,545 - INFO - joeynmt.training - Example #2
2025-04-29 20:26:38,545 - DEBUG - joeynmt.training - 	Tokenized source:     ['Herr', 'Mo@@', 'd@@', 'i', 'befindet', 'sich', 'auf', 'einer', 'fü@@', 'n@@', 'f@@', 'tä@@', 'gi@@', 'gen', 'Rei@@', 'se', 'nach', 'J@@', 'ap@@', 'an', ',', 'um', 'die', 'wirtschaf@@', 'tlichen', 'Be@@', 'zieh@@', 'ungen', 'mit', 'der', 'd@@', 'rit@@', 't@@', 'größ@@', 'ten', 'Wirtschafts@@', 'n@@', 'ation', 'der', 'Welt', 'zu', 'fes@@', 'tigen', '.']
2025-04-29 20:26:38,545 - DEBUG - joeynmt.training - 	Tokenized reference:  ['Mr', 'Mo@@', 'd@@', 'i', 'is', 'on', 'a', 'fi@@', 've', '@@@', '-@@', '@', 'day', 'tri@@', 'p', 'to', 'J@@', 'ap@@', 'an', 'to', 'streng@@', 'then', 'economic', 'ties', 'with', 'the', 'third', 'lar@@', 'ges@@', 't', 'econom@@', 'y', 'in', 'the', 'world', '.']
2025-04-29 20:26:38,545 - DEBUG - joeynmt.training - 	Tokenized hypothesis: ['Mr', 'Mo@@', 'd@@', 'i', 'is', 'based', 'on', 'a', 'fi@@', 'f@@', 'ty', 'tri@@', 'ed', 'to', 'J@@', 'ap@@', 'an', 'to', 'the', 'economic', 'rel@@', 'ations', 'with', 'the', 'third', 'lar@@', 'ges@@', 't', 'economic', 'rel@@', 'ations', 'with', 'the', 'third', 'lar@@', 'ges@@', 't', 'economic', 'n@@', 'ation', '.', '</s>']
2025-04-29 20:26:38,545 - INFO - joeynmt.training - 	Source:     Herr Modi befindet sich auf einer fünftägigen Reise nach Japan , um die wirtschaftlichen Beziehungen mit der drittgrößten Wirtschaftsnation der Welt zu festigen .
2025-04-29 20:26:38,545 - INFO - joeynmt.training - 	Reference:  Mr Modi is on a five @-@ day trip to Japan to strengthen economic ties with the third largest economy in the world .
2025-04-29 20:26:38,545 - INFO - joeynmt.training - 	Hypothesis: Mr Modi is based on a fifty tried to Japan to the economic relations with the third largest economic relations with the third largest economic nation .
2025-04-29 20:26:38,545 - INFO - joeynmt.training - Example #3
2025-04-29 20:26:38,545 - DEBUG - joeynmt.training - 	Tokenized source:     ['P@@', 'län@@', 'e', 'für', 'eine', 'stärk@@', 'ere', 'k@@', 'ern@@', 'techn@@', 'ische', 'Zusammenarbeit', 'stehen', 'ganz', 'ob@@', 'en', 'auf', 'der', 'Tag@@', 'es@@', 'ordnung', '.']
2025-04-29 20:26:38,545 - DEBUG - joeynmt.training - 	Tokenized reference:  ['high', 'on', 'the', 'agen@@', 'da', 'are', 'pl@@', 'ans', 'for', 'gre@@', 'ater', 'nu@@', 'clear', 'c@@', 'o', '@@@', '-@@', '@', 'operation', '.']
2025-04-29 20:26:38,545 - DEBUG - joeynmt.training - 	Tokenized hypothesis: ['pl@@', 'ans', 'for', 'a', 'more', 'seri@@', 'ous', 'techn@@', 'ical', 'cooperation', 'are', 'very', 'important', '.', '</s>']
2025-04-29 20:26:38,545 - INFO - joeynmt.training - 	Source:     Pläne für eine stärkere kerntechnische Zusammenarbeit stehen ganz oben auf der Tagesordnung .
2025-04-29 20:26:38,545 - INFO - joeynmt.training - 	Reference:  high on the agenda are plans for greater nuclear co @-@ operation .
2025-04-29 20:26:38,545 - INFO - joeynmt.training - 	Hypothesis: plans for a more serious technical cooperation are very important .
2025-04-29 20:26:38,545 - INFO - joeynmt.training - Example #4
2025-04-29 20:26:38,546 - DEBUG - joeynmt.training - 	Tokenized source:     ['Berich@@', 'ten', 'zu@@', 'fol@@', 'ge', 'ho@@', 'fft', 'Indi@@', 'en', 'darüber', 'hinaus', 'auf', 'einen', 'Ver@@', 'trag', 'zur', 'Ver@@', 'tei@@', 'dig@@', 'ungs@@', 'zusammen@@', 'arbeit', 'zwischen', 'den', 'beiden', 'N@@', 'ationen', '.']
2025-04-29 20:26:38,546 - DEBUG - joeynmt.training - 	Tokenized reference:  ['Indi@@', 'a', 'is', 'also', 're@@', 'porte@@', 'dly', 'hop@@', 'ing', 'for', 'a', 'de@@', 'al', 'on', 'def@@', 'ence', 'c@@', 'oll@@', 'ab@@', 'or@@', 'ation', 'between', 'the', 'two', 'n@@', 'ations', '.']
2025-04-29 20:26:38,546 - DEBUG - joeynmt.training - 	Tokenized hypothesis: ['it', 'is', 'also', 'hop@@', 'es', 'that', 'Indi@@', 'a', ',', 'to', 'the', 'def@@', 'ence', 'between', 'the', 'two', 'N@@', 'ations', '.', '</s>']
2025-04-29 20:26:38,546 - INFO - joeynmt.training - 	Source:     Berichten zufolge hofft Indien darüber hinaus auf einen Vertrag zur Verteidigungszusammenarbeit zwischen den beiden Nationen .
2025-04-29 20:26:38,546 - INFO - joeynmt.training - 	Reference:  India is also reportedly hoping for a deal on defence collaboration between the two nations .
2025-04-29 20:26:38,546 - INFO - joeynmt.training - 	Hypothesis: it is also hopes that India , to the defence between the two Nations .
2025-04-29 20:26:55,960 - INFO - joeynmt.training - Epoch  10, Step:    37600, Batch Loss:     1.614542, Batch Acc: 0.548773, Tokens per Sec:     5246, Lr: 0.000300
2025-04-29 20:27:12,780 - INFO - joeynmt.training - Epoch  10, Step:    37700, Batch Loss:     1.939109, Batch Acc: 0.551684, Tokens per Sec:     5462, Lr: 0.000300
2025-04-29 20:27:29,380 - INFO - joeynmt.training - Epoch  10, Step:    37800, Batch Loss:     1.721412, Batch Acc: 0.545528, Tokens per Sec:     5550, Lr: 0.000300
2025-04-29 20:27:46,022 - INFO - joeynmt.training - Epoch  10, Step:    37900, Batch Loss:     1.384339, Batch Acc: 0.553932, Tokens per Sec:     5571, Lr: 0.000300
2025-04-29 20:28:02,548 - INFO - joeynmt.training - Epoch  10, Step:    38000, Batch Loss:     1.523827, Batch Acc: 0.556387, Tokens per Sec:     5467, Lr: 0.000300
2025-04-29 20:28:02,548 - INFO - joeynmt.prediction - Predicting 500 example(s)... (Greedy decoding with min_output_length=1, max_output_length=-1, return_prob='none', generate_unk=True, repetition_penalty=-1, no_repeat_ngram_size=-1)
2025-04-29 20:28:28,881 - INFO - joeynmt.prediction - Evaluation result (greedy) loss:   2.10, ppl:   8.17, acc:   0.46, generation: 26.3287[sec], evaluation: 0.0000[sec]
2025-04-29 20:28:28,961 - INFO - joeynmt.helpers - delete models/deen_transformer_prenorm/32500.ckpt
2025-04-29 20:28:28,973 - INFO - joeynmt.training - Example #0
2025-04-29 20:28:28,973 - DEBUG - joeynmt.training - 	Tokenized source:     ['die', 'Pre@@', 'mi@@', 'er@@', 'minist@@', 'er', 'Indi@@', 'ens', 'und', 'J@@', 'ap@@', 'ans', 'tra@@', 'fen', 'sich', 'in', 'T@@', 'ok@@', 'i@@', 'o', '.']
2025-04-29 20:28:28,973 - DEBUG - joeynmt.training - 	Tokenized reference:  ['Indi@@', 'a', 'and', 'J@@', 'ap@@', 'an', 'pri@@', 'me', 'minist@@', 'ers', 'me@@', 'et', 'in', 'T@@', 'ok@@', 'y@@', 'o']
2025-04-29 20:28:28,973 - DEBUG - joeynmt.training - 	Tokenized hypothesis: ['the', 'Pri@@', 'me', 'Minist@@', 'er', 'Indi@@', 'a', 'and', 'J@@', 'ap@@', 'an', ',', 'the', 'Pri@@', 'me', 'Minist@@', 'er', 'of', 'Indi@@', 'a', 'and', 'J@@', 'ap@@', 'an', '.', '</s>']
2025-04-29 20:28:28,973 - INFO - joeynmt.training - 	Source:     die Premierminister Indiens und Japans trafen sich in Tokio .
2025-04-29 20:28:28,973 - INFO - joeynmt.training - 	Reference:  India and Japan prime ministers meet in Tokyo
2025-04-29 20:28:28,974 - INFO - joeynmt.training - 	Hypothesis: the Prime Minister India and Japan , the Prime Minister of India and Japan .
2025-04-29 20:28:28,974 - INFO - joeynmt.training - Example #1
2025-04-29 20:28:28,974 - DEBUG - joeynmt.training - 	Tokenized source:     ['Indi@@', 'ens', 'neu@@', 'er', 'Pre@@', 'mi@@', 'er@@', 'minist@@', 'er', 'N@@', 'ar@@', 'end@@', 'ra', 'Mo@@', 'd@@', 'i', 'tri@@', 'fft', 'bei', 's@@', 'einem', 'ersten', 'wichti@@', 'gen', 'Aus@@', 'land@@', 's@@', 'bes@@', 'u@@', 'ch', 'seit', 's@@', 'einem', 'W@@', 'ah@@', 'l@@', 'si@@', 'e@@', 'g', 'im', 'Ma@@', 'i', 'seinen', 'j@@', 'ap@@', 'an@@', 'ischen', 'Am@@', 'ts@@', 'k@@', 'olle@@', 'gen', 'S@@', 'hin@@', 'z@@', 'o', 'A@@', 'be', 'in', 'T@@', 'ok@@', 'o', ',', 'um', 'wirtschaf@@', 'tliche', 'und', 'sicher@@', 'heits@@', 'politische', 'Be@@', 'zieh@@', 'ungen', 'zu', 'bes@@', 'pre@@', 'chen', '.']
2025-04-29 20:28:28,974 - DEBUG - joeynmt.training - 	Tokenized reference:  ['Indi@@', 'a', '&apos;s', 'new', 'pri@@', 'me', 'minist@@', 'er', ',', 'N@@', 'ar@@', 'end@@', 'ra', 'Mo@@', 'd@@', 'i', ',', 'is', 'me@@', 'eting', 'his', 'J@@', 'ap@@', 'an@@', 'ese', 'coun@@', 'ter@@', 'part', ',', 'S@@', 'hin@@', 'z@@', 'o', 'A@@', 'be', ',', 'in', 'T@@', 'ok@@', 'y@@', 'o', 'to', 'disc@@', 'uss', 'economic', 'and', 'security', 'ties', ',', 'on', 'his', 'first', 'major', 'fore@@', 'ign', 'visi@@', 't', 'since', 'w@@', 'inn@@', 'ing', 'Ma@@', 'y', '&apos;s', 'elec@@', 'tion', '.']
2025-04-29 20:28:28,974 - DEBUG - joeynmt.training - 	Tokenized hypothesis: ['Indi@@', 'a', 'new', 'Pri@@', 'me', 'Minist@@', 'er', 'N@@', 'ar@@', 'end@@', 'ra', 'Mo@@', 'd@@', 'i', ',', 'the', 'first', 'important', 'ex@@', 'clu@@', 'sive', 'land@@', 's@@', 'po@@', 'ke', 'of', 'his', 'first', 'important', 'ex@@', 'pos@@', 'ed', 'in', 'the', 'Ma@@', 'y', 'J@@', 'ap@@', 'an@@', 'ese', 'colle@@', 'ag@@', 'ue', 'colle@@', 'ag@@', 'ue', 'colle@@', 'ag@@', 'ue', ',', 'S@@', 'hin@@', 'z@@', 'o', ',', 'and', 'S@@', 'hin@@', 'z@@', 'o', 'A@@', 'in', 'T@@', 'ok@@', 'o', ',', 'to', 'the', 'economic', 'and', 'security', 'political', 'rel@@', 'ations', '.', '</s>']
2025-04-29 20:28:28,974 - INFO - joeynmt.training - 	Source:     Indiens neuer Premierminister Narendra Modi trifft bei seinem ersten wichtigen Auslandsbesuch seit seinem Wahlsieg im Mai seinen japanischen Amtskollegen Shinzo Abe in Toko , um wirtschaftliche und sicherheitspolitische Beziehungen zu besprechen .
2025-04-29 20:28:28,974 - INFO - joeynmt.training - 	Reference:  India &apos;s new prime minister , Narendra Modi , is meeting his Japanese counterpart , Shinzo Abe , in Tokyo to discuss economic and security ties , on his first major foreign visit since winning May &apos;s election .
2025-04-29 20:28:28,974 - INFO - joeynmt.training - 	Hypothesis: India new Prime Minister Narendra Modi , the first important exclusive landspoke of his first important exposed in the May Japanese colleague colleague colleague , Shinzo , and Shinzo Ain Toko , to the economic and security political relations .
2025-04-29 20:28:28,974 - INFO - joeynmt.training - Example #2
2025-04-29 20:28:28,974 - DEBUG - joeynmt.training - 	Tokenized source:     ['Herr', 'Mo@@', 'd@@', 'i', 'befindet', 'sich', 'auf', 'einer', 'fü@@', 'n@@', 'f@@', 'tä@@', 'gi@@', 'gen', 'Rei@@', 'se', 'nach', 'J@@', 'ap@@', 'an', ',', 'um', 'die', 'wirtschaf@@', 'tlichen', 'Be@@', 'zieh@@', 'ungen', 'mit', 'der', 'd@@', 'rit@@', 't@@', 'größ@@', 'ten', 'Wirtschafts@@', 'n@@', 'ation', 'der', 'Welt', 'zu', 'fes@@', 'tigen', '.']
2025-04-29 20:28:28,974 - DEBUG - joeynmt.training - 	Tokenized reference:  ['Mr', 'Mo@@', 'd@@', 'i', 'is', 'on', 'a', 'fi@@', 've', '@@@', '-@@', '@', 'day', 'tri@@', 'p', 'to', 'J@@', 'ap@@', 'an', 'to', 'streng@@', 'then', 'economic', 'ties', 'with', 'the', 'third', 'lar@@', 'ges@@', 't', 'econom@@', 'y', 'in', 'the', 'world', '.']
2025-04-29 20:28:28,974 - DEBUG - joeynmt.training - 	Tokenized hypothesis: ['Mr', 'Mo@@', 'd@@', 'i', 'is', 'located', 'on', 'a', 'fi@@', 'f@@', 'ty', 'tra@@', 'v@@', 'el', 'to', 'J@@', 'ap@@', 'an', 'to', 'pro@@', 'gress', 'to', 'the', 'economic', 'rel@@', 'ations', 'with', 'the', 'third', 'lar@@', 'ges@@', 't', 'economic', 'n@@', 'ation', 'of', 'the', 'world', '.', '</s>']
2025-04-29 20:28:28,974 - INFO - joeynmt.training - 	Source:     Herr Modi befindet sich auf einer fünftägigen Reise nach Japan , um die wirtschaftlichen Beziehungen mit der drittgrößten Wirtschaftsnation der Welt zu festigen .
2025-04-29 20:28:28,974 - INFO - joeynmt.training - 	Reference:  Mr Modi is on a five @-@ day trip to Japan to strengthen economic ties with the third largest economy in the world .
2025-04-29 20:28:28,974 - INFO - joeynmt.training - 	Hypothesis: Mr Modi is located on a fifty travel to Japan to progress to the economic relations with the third largest economic nation of the world .
2025-04-29 20:28:28,974 - INFO - joeynmt.training - Example #3
2025-04-29 20:28:28,974 - DEBUG - joeynmt.training - 	Tokenized source:     ['P@@', 'län@@', 'e', 'für', 'eine', 'stärk@@', 'ere', 'k@@', 'ern@@', 'techn@@', 'ische', 'Zusammenarbeit', 'stehen', 'ganz', 'ob@@', 'en', 'auf', 'der', 'Tag@@', 'es@@', 'ordnung', '.']
2025-04-29 20:28:28,974 - DEBUG - joeynmt.training - 	Tokenized reference:  ['high', 'on', 'the', 'agen@@', 'da', 'are', 'pl@@', 'ans', 'for', 'gre@@', 'ater', 'nu@@', 'clear', 'c@@', 'o', '@@@', '-@@', '@', 'operation', '.']
2025-04-29 20:28:28,974 - DEBUG - joeynmt.training - 	Tokenized hypothesis: ['pl@@', 'ans', 'for', 'a', 'more', 'seri@@', 'ous', 'techn@@', 'ical', 'cooperation', 'are', 'at', 'the', 'agen@@', 'da', '.', '</s>']
2025-04-29 20:28:28,974 - INFO - joeynmt.training - 	Source:     Pläne für eine stärkere kerntechnische Zusammenarbeit stehen ganz oben auf der Tagesordnung .
2025-04-29 20:28:28,974 - INFO - joeynmt.training - 	Reference:  high on the agenda are plans for greater nuclear co @-@ operation .
2025-04-29 20:28:28,974 - INFO - joeynmt.training - 	Hypothesis: plans for a more serious technical cooperation are at the agenda .
2025-04-29 20:28:28,974 - INFO - joeynmt.training - Example #4
2025-04-29 20:28:28,974 - DEBUG - joeynmt.training - 	Tokenized source:     ['Berich@@', 'ten', 'zu@@', 'fol@@', 'ge', 'ho@@', 'fft', 'Indi@@', 'en', 'darüber', 'hinaus', 'auf', 'einen', 'Ver@@', 'trag', 'zur', 'Ver@@', 'tei@@', 'dig@@', 'ungs@@', 'zusammen@@', 'arbeit', 'zwischen', 'den', 'beiden', 'N@@', 'ationen', '.']
2025-04-29 20:28:28,974 - DEBUG - joeynmt.training - 	Tokenized reference:  ['Indi@@', 'a', 'is', 'also', 're@@', 'porte@@', 'dly', 'hop@@', 'ing', 'for', 'a', 'de@@', 'al', 'on', 'def@@', 'ence', 'c@@', 'oll@@', 'ab@@', 'or@@', 'ation', 'between', 'the', 'two', 'n@@', 'ations', '.']
2025-04-29 20:28:28,974 - DEBUG - joeynmt.training - 	Tokenized hypothesis: ['the', 're@@', 'ports', 'of', 'the', 'de@@', 'sign', 'of', 'the', 'de@@', 'bt', 'that', 'is', 'a', 'con@@', 'tra@@', 'ct', 'of', 'def@@', 'ence', 'between', 'the', 'two', 'N@@', 'ations', '.', '</s>']
2025-04-29 20:28:28,974 - INFO - joeynmt.training - 	Source:     Berichten zufolge hofft Indien darüber hinaus auf einen Vertrag zur Verteidigungszusammenarbeit zwischen den beiden Nationen .
2025-04-29 20:28:28,974 - INFO - joeynmt.training - 	Reference:  India is also reportedly hoping for a deal on defence collaboration between the two nations .
2025-04-29 20:28:28,974 - INFO - joeynmt.training - 	Hypothesis: the reports of the design of the debt that is a contract of defence between the two Nations .
2025-04-29 20:28:45,607 - INFO - joeynmt.training - Epoch  10, Step:    38100, Batch Loss:     1.614388, Batch Acc: 0.552501, Tokens per Sec:     5510, Lr: 0.000300
2025-04-29 20:29:02,195 - INFO - joeynmt.training - Epoch  10, Step:    38200, Batch Loss:     1.506719, Batch Acc: 0.545588, Tokens per Sec:     5537, Lr: 0.000300
2025-04-29 20:29:18,908 - INFO - joeynmt.training - Epoch  10, Step:    38300, Batch Loss:     1.515897, Batch Acc: 0.546681, Tokens per Sec:     5580, Lr: 0.000300
2025-04-29 20:29:35,576 - INFO - joeynmt.training - Epoch  10, Step:    38400, Batch Loss:     1.632156, Batch Acc: 0.549843, Tokens per Sec:     5587, Lr: 0.000300
2025-04-29 20:29:52,242 - INFO - joeynmt.training - Epoch  10, Step:    38500, Batch Loss:     1.437299, Batch Acc: 0.548487, Tokens per Sec:     5505, Lr: 0.000300
2025-04-29 20:29:52,242 - INFO - joeynmt.prediction - Predicting 500 example(s)... (Greedy decoding with min_output_length=1, max_output_length=-1, return_prob='none', generate_unk=True, repetition_penalty=-1, no_repeat_ngram_size=-1)
2025-04-29 20:30:14,040 - INFO - joeynmt.prediction - Evaluation result (greedy) loss:   2.09, ppl:   8.11, acc:   0.46, generation: 21.7940[sec], evaluation: 0.0000[sec]
2025-04-29 20:30:14,117 - INFO - joeynmt.helpers - delete models/deen_transformer_prenorm/37000.ckpt
2025-04-29 20:30:14,118 - INFO - joeynmt.training - Example #0
2025-04-29 20:30:14,118 - DEBUG - joeynmt.training - 	Tokenized source:     ['die', 'Pre@@', 'mi@@', 'er@@', 'minist@@', 'er', 'Indi@@', 'ens', 'und', 'J@@', 'ap@@', 'ans', 'tra@@', 'fen', 'sich', 'in', 'T@@', 'ok@@', 'i@@', 'o', '.']
2025-04-29 20:30:14,118 - DEBUG - joeynmt.training - 	Tokenized reference:  ['Indi@@', 'a', 'and', 'J@@', 'ap@@', 'an', 'pri@@', 'me', 'minist@@', 'ers', 'me@@', 'et', 'in', 'T@@', 'ok@@', 'y@@', 'o']
2025-04-29 20:30:14,118 - DEBUG - joeynmt.training - 	Tokenized hypothesis: ['the', 'Pri@@', 'me', 'Minist@@', 'er', 'of', 'Indi@@', 'a', 'and', 'J@@', 'ap@@', 'an', ',', 'T@@', 'ok@@', 'y@@', 'o', '.', '</s>']
2025-04-29 20:30:14,118 - INFO - joeynmt.training - 	Source:     die Premierminister Indiens und Japans trafen sich in Tokio .
2025-04-29 20:30:14,118 - INFO - joeynmt.training - 	Reference:  India and Japan prime ministers meet in Tokyo
2025-04-29 20:30:14,118 - INFO - joeynmt.training - 	Hypothesis: the Prime Minister of India and Japan , Tokyo .
2025-04-29 20:30:14,118 - INFO - joeynmt.training - Example #1
2025-04-29 20:30:14,118 - DEBUG - joeynmt.training - 	Tokenized source:     ['Indi@@', 'ens', 'neu@@', 'er', 'Pre@@', 'mi@@', 'er@@', 'minist@@', 'er', 'N@@', 'ar@@', 'end@@', 'ra', 'Mo@@', 'd@@', 'i', 'tri@@', 'fft', 'bei', 's@@', 'einem', 'ersten', 'wichti@@', 'gen', 'Aus@@', 'land@@', 's@@', 'bes@@', 'u@@', 'ch', 'seit', 's@@', 'einem', 'W@@', 'ah@@', 'l@@', 'si@@', 'e@@', 'g', 'im', 'Ma@@', 'i', 'seinen', 'j@@', 'ap@@', 'an@@', 'ischen', 'Am@@', 'ts@@', 'k@@', 'olle@@', 'gen', 'S@@', 'hin@@', 'z@@', 'o', 'A@@', 'be', 'in', 'T@@', 'ok@@', 'o', ',', 'um', 'wirtschaf@@', 'tliche', 'und', 'sicher@@', 'heits@@', 'politische', 'Be@@', 'zieh@@', 'ungen', 'zu', 'bes@@', 'pre@@', 'chen', '.']
2025-04-29 20:30:14,118 - DEBUG - joeynmt.training - 	Tokenized reference:  ['Indi@@', 'a', '&apos;s', 'new', 'pri@@', 'me', 'minist@@', 'er', ',', 'N@@', 'ar@@', 'end@@', 'ra', 'Mo@@', 'd@@', 'i', ',', 'is', 'me@@', 'eting', 'his', 'J@@', 'ap@@', 'an@@', 'ese', 'coun@@', 'ter@@', 'part', ',', 'S@@', 'hin@@', 'z@@', 'o', 'A@@', 'be', ',', 'in', 'T@@', 'ok@@', 'y@@', 'o', 'to', 'disc@@', 'uss', 'economic', 'and', 'security', 'ties', ',', 'on', 'his', 'first', 'major', 'fore@@', 'ign', 'visi@@', 't', 'since', 'w@@', 'inn@@', 'ing', 'Ma@@', 'y', '&apos;s', 'elec@@', 'tion', '.']
2025-04-29 20:30:14,118 - DEBUG - joeynmt.training - 	Tokenized hypothesis: ['Indi@@', 'a', 'new', 'Pri@@', 'me', 'Minist@@', 'er', 'N@@', 'ar@@', 'end@@', 'ra', 'Mo@@', 'd@@', 'i', ',', 'the', 'first', 'important', 'fore@@', 'ign', 'langu@@', 'age', ',', 'for', 'his', 'first', 'important', 'fore@@', 'ign', ',', 'in', 'his', 'first', 'important', 'fore@@', 'ign', 'colle@@', 'c@@', 'tions', 'in', 'Ma@@', 'y', 'A@@', 'be', 'in', 'T@@', 'ok@@', 'o', 'to', 'A@@', 'be', 'in', 'T@@', 'ok@@', 'o', 'to', 'A@@', 'be', 'in', 'T@@', 'ok@@', 'o', 'to', 're@@', 'mo@@', 've', 'economic', 'and', 'security', '.', '</s>']
2025-04-29 20:30:14,118 - INFO - joeynmt.training - 	Source:     Indiens neuer Premierminister Narendra Modi trifft bei seinem ersten wichtigen Auslandsbesuch seit seinem Wahlsieg im Mai seinen japanischen Amtskollegen Shinzo Abe in Toko , um wirtschaftliche und sicherheitspolitische Beziehungen zu besprechen .
2025-04-29 20:30:14,118 - INFO - joeynmt.training - 	Reference:  India &apos;s new prime minister , Narendra Modi , is meeting his Japanese counterpart , Shinzo Abe , in Tokyo to discuss economic and security ties , on his first major foreign visit since winning May &apos;s election .
2025-04-29 20:30:14,118 - INFO - joeynmt.training - 	Hypothesis: India new Prime Minister Narendra Modi , the first important foreign language , for his first important foreign , in his first important foreign collections in May Abe in Toko to Abe in Toko to Abe in Toko to remove economic and security .
2025-04-29 20:30:14,118 - INFO - joeynmt.training - Example #2
2025-04-29 20:30:14,118 - DEBUG - joeynmt.training - 	Tokenized source:     ['Herr', 'Mo@@', 'd@@', 'i', 'befindet', 'sich', 'auf', 'einer', 'fü@@', 'n@@', 'f@@', 'tä@@', 'gi@@', 'gen', 'Rei@@', 'se', 'nach', 'J@@', 'ap@@', 'an', ',', 'um', 'die', 'wirtschaf@@', 'tlichen', 'Be@@', 'zieh@@', 'ungen', 'mit', 'der', 'd@@', 'rit@@', 't@@', 'größ@@', 'ten', 'Wirtschafts@@', 'n@@', 'ation', 'der', 'Welt', 'zu', 'fes@@', 'tigen', '.']
2025-04-29 20:30:14,118 - DEBUG - joeynmt.training - 	Tokenized reference:  ['Mr', 'Mo@@', 'd@@', 'i', 'is', 'on', 'a', 'fi@@', 've', '@@@', '-@@', '@', 'day', 'tri@@', 'p', 'to', 'J@@', 'ap@@', 'an', 'to', 'streng@@', 'then', 'economic', 'ties', 'with', 'the', 'third', 'lar@@', 'ges@@', 't', 'econom@@', 'y', 'in', 'the', 'world', '.']
2025-04-29 20:30:14,118 - DEBUG - joeynmt.training - 	Tokenized hypothesis: ['Mr', 'Mo@@', 'd@@', 'i', 'is', 'on', 'a', 'fi@@', 'f@@', 'ty', 'tra@@', 'v@@', 'el', 'to', 'J@@', 'ap@@', 'an', 'to', 'the', 'economic', 'rel@@', 'ations', 'with', 'the', 'third', 'lar@@', 'ges@@', 't', 'economic', 'rel@@', 'ations', 'with', 'the', 'third', 'lar@@', 'ges@@', 't', 'economic', 'n@@', 'ation', '.', '</s>']
2025-04-29 20:30:14,118 - INFO - joeynmt.training - 	Source:     Herr Modi befindet sich auf einer fünftägigen Reise nach Japan , um die wirtschaftlichen Beziehungen mit der drittgrößten Wirtschaftsnation der Welt zu festigen .
2025-04-29 20:30:14,118 - INFO - joeynmt.training - 	Reference:  Mr Modi is on a five @-@ day trip to Japan to strengthen economic ties with the third largest economy in the world .
2025-04-29 20:30:14,119 - INFO - joeynmt.training - 	Hypothesis: Mr Modi is on a fifty travel to Japan to the economic relations with the third largest economic relations with the third largest economic nation .
2025-04-29 20:30:14,119 - INFO - joeynmt.training - Example #3
2025-04-29 20:30:14,119 - DEBUG - joeynmt.training - 	Tokenized source:     ['P@@', 'län@@', 'e', 'für', 'eine', 'stärk@@', 'ere', 'k@@', 'ern@@', 'techn@@', 'ische', 'Zusammenarbeit', 'stehen', 'ganz', 'ob@@', 'en', 'auf', 'der', 'Tag@@', 'es@@', 'ordnung', '.']
2025-04-29 20:30:14,119 - DEBUG - joeynmt.training - 	Tokenized reference:  ['high', 'on', 'the', 'agen@@', 'da', 'are', 'pl@@', 'ans', 'for', 'gre@@', 'ater', 'nu@@', 'clear', 'c@@', 'o', '@@@', '-@@', '@', 'operation', '.']
2025-04-29 20:30:14,119 - DEBUG - joeynmt.training - 	Tokenized hypothesis: ['pl@@', 'ans', 'for', 'more', 'seri@@', 'ous', 'more', 'seri@@', 'ous', 'techn@@', 'ical', 'cooperation', 'are', 'on', 'the', 'agen@@', 'da', '.', '</s>']
2025-04-29 20:30:14,119 - INFO - joeynmt.training - 	Source:     Pläne für eine stärkere kerntechnische Zusammenarbeit stehen ganz oben auf der Tagesordnung .
2025-04-29 20:30:14,119 - INFO - joeynmt.training - 	Reference:  high on the agenda are plans for greater nuclear co @-@ operation .
2025-04-29 20:30:14,119 - INFO - joeynmt.training - 	Hypothesis: plans for more serious more serious technical cooperation are on the agenda .
2025-04-29 20:30:14,119 - INFO - joeynmt.training - Example #4
2025-04-29 20:30:14,119 - DEBUG - joeynmt.training - 	Tokenized source:     ['Berich@@', 'ten', 'zu@@', 'fol@@', 'ge', 'ho@@', 'fft', 'Indi@@', 'en', 'darüber', 'hinaus', 'auf', 'einen', 'Ver@@', 'trag', 'zur', 'Ver@@', 'tei@@', 'dig@@', 'ungs@@', 'zusammen@@', 'arbeit', 'zwischen', 'den', 'beiden', 'N@@', 'ationen', '.']
2025-04-29 20:30:14,119 - DEBUG - joeynmt.training - 	Tokenized reference:  ['Indi@@', 'a', 'is', 'also', 're@@', 'porte@@', 'dly', 'hop@@', 'ing', 'for', 'a', 'de@@', 'al', 'on', 'def@@', 'ence', 'c@@', 'oll@@', 'ab@@', 'or@@', 'ation', 'between', 'the', 'two', 'n@@', 'ations', '.']
2025-04-29 20:30:14,119 - DEBUG - joeynmt.training - 	Tokenized hypothesis: ['it', 'is', 'therefore', ',', 'Indi@@', 'a', 'has', 'also', 'hop@@', 'ed', 'for', 'a', 'con@@', 'tra@@', 'ct', 'on', 'a', 'con@@', 'tra@@', 'ct', 'on', 'the', 'def@@', 'ence', 'between', 'the', 'two', 'n@@', 'ations', '.', '</s>']
2025-04-29 20:30:14,119 - INFO - joeynmt.training - 	Source:     Berichten zufolge hofft Indien darüber hinaus auf einen Vertrag zur Verteidigungszusammenarbeit zwischen den beiden Nationen .
2025-04-29 20:30:14,119 - INFO - joeynmt.training - 	Reference:  India is also reportedly hoping for a deal on defence collaboration between the two nations .
2025-04-29 20:30:14,119 - INFO - joeynmt.training - 	Hypothesis: it is therefore , India has also hoped for a contract on a contract on the defence between the two nations .
2025-04-29 20:30:30,866 - INFO - joeynmt.training - Epoch  10, Step:    38600, Batch Loss:     1.564245, Batch Acc: 0.549594, Tokens per Sec:     5395, Lr: 0.000300
2025-04-29 20:30:47,473 - INFO - joeynmt.training - Epoch  10, Step:    38700, Batch Loss:     1.738983, Batch Acc: 0.544250, Tokens per Sec:     5547, Lr: 0.000300
2025-04-29 20:31:04,048 - INFO - joeynmt.training - Epoch  10, Step:    38800, Batch Loss:     1.635959, Batch Acc: 0.548590, Tokens per Sec:     5537, Lr: 0.000300
2025-04-29 20:31:20,731 - INFO - joeynmt.training - Epoch  10, Step:    38900, Batch Loss:     1.872947, Batch Acc: 0.546092, Tokens per Sec:     5500, Lr: 0.000300
2025-04-29 20:31:37,289 - INFO - joeynmt.training - Epoch  10, Step:    39000, Batch Loss:     1.401428, Batch Acc: 0.549777, Tokens per Sec:     5473, Lr: 0.000300
2025-04-29 20:31:37,289 - INFO - joeynmt.prediction - Predicting 500 example(s)... (Greedy decoding with min_output_length=1, max_output_length=-1, return_prob='none', generate_unk=True, repetition_penalty=-1, no_repeat_ngram_size=-1)
2025-04-29 20:32:03,211 - INFO - joeynmt.prediction - Evaluation result (greedy) loss:   2.09, ppl:   8.08, acc:   0.47, generation: 25.9178[sec], evaluation: 0.0000[sec]
2025-04-29 20:32:03,290 - INFO - joeynmt.helpers - delete models/deen_transformer_prenorm/35500.ckpt
2025-04-29 20:32:03,301 - INFO - joeynmt.training - Example #0
2025-04-29 20:32:03,301 - DEBUG - joeynmt.training - 	Tokenized source:     ['die', 'Pre@@', 'mi@@', 'er@@', 'minist@@', 'er', 'Indi@@', 'ens', 'und', 'J@@', 'ap@@', 'ans', 'tra@@', 'fen', 'sich', 'in', 'T@@', 'ok@@', 'i@@', 'o', '.']
2025-04-29 20:32:03,301 - DEBUG - joeynmt.training - 	Tokenized reference:  ['Indi@@', 'a', 'and', 'J@@', 'ap@@', 'an', 'pri@@', 'me', 'minist@@', 'ers', 'me@@', 'et', 'in', 'T@@', 'ok@@', 'y@@', 'o']
2025-04-29 20:32:03,302 - DEBUG - joeynmt.training - 	Tokenized hypothesis: ['Pri@@', 'me', 'Minist@@', 'er', 'Indi@@', 'a', 'and', 'J@@', 'ap@@', 'an', 'and', 'J@@', 'ap@@', 'an', '.', '</s>']
2025-04-29 20:32:03,302 - INFO - joeynmt.training - 	Source:     die Premierminister Indiens und Japans trafen sich in Tokio .
2025-04-29 20:32:03,302 - INFO - joeynmt.training - 	Reference:  India and Japan prime ministers meet in Tokyo
2025-04-29 20:32:03,302 - INFO - joeynmt.training - 	Hypothesis: Prime Minister India and Japan and Japan .
2025-04-29 20:32:03,302 - INFO - joeynmt.training - Example #1
2025-04-29 20:32:03,302 - DEBUG - joeynmt.training - 	Tokenized source:     ['Indi@@', 'ens', 'neu@@', 'er', 'Pre@@', 'mi@@', 'er@@', 'minist@@', 'er', 'N@@', 'ar@@', 'end@@', 'ra', 'Mo@@', 'd@@', 'i', 'tri@@', 'fft', 'bei', 's@@', 'einem', 'ersten', 'wichti@@', 'gen', 'Aus@@', 'land@@', 's@@', 'bes@@', 'u@@', 'ch', 'seit', 's@@', 'einem', 'W@@', 'ah@@', 'l@@', 'si@@', 'e@@', 'g', 'im', 'Ma@@', 'i', 'seinen', 'j@@', 'ap@@', 'an@@', 'ischen', 'Am@@', 'ts@@', 'k@@', 'olle@@', 'gen', 'S@@', 'hin@@', 'z@@', 'o', 'A@@', 'be', 'in', 'T@@', 'ok@@', 'o', ',', 'um', 'wirtschaf@@', 'tliche', 'und', 'sicher@@', 'heits@@', 'politische', 'Be@@', 'zieh@@', 'ungen', 'zu', 'bes@@', 'pre@@', 'chen', '.']
2025-04-29 20:32:03,302 - DEBUG - joeynmt.training - 	Tokenized reference:  ['Indi@@', 'a', '&apos;s', 'new', 'pri@@', 'me', 'minist@@', 'er', ',', 'N@@', 'ar@@', 'end@@', 'ra', 'Mo@@', 'd@@', 'i', ',', 'is', 'me@@', 'eting', 'his', 'J@@', 'ap@@', 'an@@', 'ese', 'coun@@', 'ter@@', 'part', ',', 'S@@', 'hin@@', 'z@@', 'o', 'A@@', 'be', ',', 'in', 'T@@', 'ok@@', 'y@@', 'o', 'to', 'disc@@', 'uss', 'economic', 'and', 'security', 'ties', ',', 'on', 'his', 'first', 'major', 'fore@@', 'ign', 'visi@@', 't', 'since', 'w@@', 'inn@@', 'ing', 'Ma@@', 'y', '&apos;s', 'elec@@', 'tion', '.']
2025-04-29 20:32:03,302 - DEBUG - joeynmt.training - 	Tokenized hypothesis: ['Indi@@', 'a', 'new', 'Pri@@', 'me', 'Minist@@', 'er', 'N@@', 'ar@@', 'end@@', 'ra', 'Mo@@', 'd@@', 'i', ',', 'the', 'first', 'important', 'tra@@', 'v@@', 'ell@@', 'ing', 'in', 'his', 'first', 'important', 'tra@@', 'v@@', 'ell@@', 'ing', 'in', 'Ma@@', 'y', 'his', 'elec@@', 'tion', 'in', 'Ma@@', 'y', ',', 'his', 'J@@', 'ap@@', 'an@@', 'ese', 'colle@@', 'c@@', 'tive', 'S@@', 'hin@@', 'z@@', 'o', 'A@@', 'be', 'in', 'T@@', 'ok@@', 'o', ',', 'in', 'order', 'to', 'pre@@', 'v@@', 'ent', 'economic', 'and', 'security', 'political', 'rel@@', 'ations', '.', '</s>']
2025-04-29 20:32:03,302 - INFO - joeynmt.training - 	Source:     Indiens neuer Premierminister Narendra Modi trifft bei seinem ersten wichtigen Auslandsbesuch seit seinem Wahlsieg im Mai seinen japanischen Amtskollegen Shinzo Abe in Toko , um wirtschaftliche und sicherheitspolitische Beziehungen zu besprechen .
2025-04-29 20:32:03,302 - INFO - joeynmt.training - 	Reference:  India &apos;s new prime minister , Narendra Modi , is meeting his Japanese counterpart , Shinzo Abe , in Tokyo to discuss economic and security ties , on his first major foreign visit since winning May &apos;s election .
2025-04-29 20:32:03,302 - INFO - joeynmt.training - 	Hypothesis: India new Prime Minister Narendra Modi , the first important travelling in his first important travelling in May his election in May , his Japanese collective Shinzo Abe in Toko , in order to prevent economic and security political relations .
2025-04-29 20:32:03,302 - INFO - joeynmt.training - Example #2
2025-04-29 20:32:03,302 - DEBUG - joeynmt.training - 	Tokenized source:     ['Herr', 'Mo@@', 'd@@', 'i', 'befindet', 'sich', 'auf', 'einer', 'fü@@', 'n@@', 'f@@', 'tä@@', 'gi@@', 'gen', 'Rei@@', 'se', 'nach', 'J@@', 'ap@@', 'an', ',', 'um', 'die', 'wirtschaf@@', 'tlichen', 'Be@@', 'zieh@@', 'ungen', 'mit', 'der', 'd@@', 'rit@@', 't@@', 'größ@@', 'ten', 'Wirtschafts@@', 'n@@', 'ation', 'der', 'Welt', 'zu', 'fes@@', 'tigen', '.']
2025-04-29 20:32:03,302 - DEBUG - joeynmt.training - 	Tokenized reference:  ['Mr', 'Mo@@', 'd@@', 'i', 'is', 'on', 'a', 'fi@@', 've', '@@@', '-@@', '@', 'day', 'tri@@', 'p', 'to', 'J@@', 'ap@@', 'an', 'to', 'streng@@', 'then', 'economic', 'ties', 'with', 'the', 'third', 'lar@@', 'ges@@', 't', 'econom@@', 'y', 'in', 'the', 'world', '.']
2025-04-29 20:32:03,302 - DEBUG - joeynmt.training - 	Tokenized hypothesis: ['Mr', 'Mo@@', 'd@@', 'i', 'is', 'located', 'on', 'a', 'fi@@', 'f@@', 'ty', 'tra@@', 'v@@', 'ell@@', 'ing', 'J@@', 'ap@@', 'an', 'to', 'the', 'economic', 'rel@@', 'ations', 'with', 'the', 'third', 'lar@@', 'ges@@', 't', 'economic', 'rel@@', 'ations', 'with', 'the', 'third', 'lar@@', 'ges@@', 't', 'economic', 'n@@', 'ation', '.', '</s>']
2025-04-29 20:32:03,302 - INFO - joeynmt.training - 	Source:     Herr Modi befindet sich auf einer fünftägigen Reise nach Japan , um die wirtschaftlichen Beziehungen mit der drittgrößten Wirtschaftsnation der Welt zu festigen .
2025-04-29 20:32:03,302 - INFO - joeynmt.training - 	Reference:  Mr Modi is on a five @-@ day trip to Japan to strengthen economic ties with the third largest economy in the world .
2025-04-29 20:32:03,302 - INFO - joeynmt.training - 	Hypothesis: Mr Modi is located on a fifty travelling Japan to the economic relations with the third largest economic relations with the third largest economic nation .
2025-04-29 20:32:03,302 - INFO - joeynmt.training - Example #3
2025-04-29 20:32:03,302 - DEBUG - joeynmt.training - 	Tokenized source:     ['P@@', 'län@@', 'e', 'für', 'eine', 'stärk@@', 'ere', 'k@@', 'ern@@', 'techn@@', 'ische', 'Zusammenarbeit', 'stehen', 'ganz', 'ob@@', 'en', 'auf', 'der', 'Tag@@', 'es@@', 'ordnung', '.']
2025-04-29 20:32:03,302 - DEBUG - joeynmt.training - 	Tokenized reference:  ['high', 'on', 'the', 'agen@@', 'da', 'are', 'pl@@', 'ans', 'for', 'gre@@', 'ater', 'nu@@', 'clear', 'c@@', 'o', '@@@', '-@@', '@', 'operation', '.']
2025-04-29 20:32:03,302 - DEBUG - joeynmt.training - 	Tokenized hypothesis: ['pl@@', 'ans', 'for', 'more', 'seri@@', 'ous', 'techn@@', 'ical', 'cooperation', 'are', 'under@@', 'st@@', 'ood', 'on', 'the', 'agen@@', 'da', '.', '</s>']
2025-04-29 20:32:03,302 - INFO - joeynmt.training - 	Source:     Pläne für eine stärkere kerntechnische Zusammenarbeit stehen ganz oben auf der Tagesordnung .
2025-04-29 20:32:03,302 - INFO - joeynmt.training - 	Reference:  high on the agenda are plans for greater nuclear co @-@ operation .
2025-04-29 20:32:03,302 - INFO - joeynmt.training - 	Hypothesis: plans for more serious technical cooperation are understood on the agenda .
2025-04-29 20:32:03,302 - INFO - joeynmt.training - Example #4
2025-04-29 20:32:03,302 - DEBUG - joeynmt.training - 	Tokenized source:     ['Berich@@', 'ten', 'zu@@', 'fol@@', 'ge', 'ho@@', 'fft', 'Indi@@', 'en', 'darüber', 'hinaus', 'auf', 'einen', 'Ver@@', 'trag', 'zur', 'Ver@@', 'tei@@', 'dig@@', 'ungs@@', 'zusammen@@', 'arbeit', 'zwischen', 'den', 'beiden', 'N@@', 'ationen', '.']
2025-04-29 20:32:03,302 - DEBUG - joeynmt.training - 	Tokenized reference:  ['Indi@@', 'a', 'is', 'also', 're@@', 'porte@@', 'dly', 'hop@@', 'ing', 'for', 'a', 'de@@', 'al', 'on', 'def@@', 'ence', 'c@@', 'oll@@', 'ab@@', 'or@@', 'ation', 'between', 'the', 'two', 'n@@', 'ations', '.']
2025-04-29 20:32:03,302 - DEBUG - joeynmt.training - 	Tokenized hypothesis: ['it', 'is', 'tru@@', 'e', 'that', ',', 'in', 'fact', ',', 'in', 'a', 'con@@', 'tra@@', 'ct', ',', 'with', 'the', 'two', 'n@@', 'ations', 'of', 'the', 'n@@', 'ations', '.', '</s>']
2025-04-29 20:32:03,303 - INFO - joeynmt.training - 	Source:     Berichten zufolge hofft Indien darüber hinaus auf einen Vertrag zur Verteidigungszusammenarbeit zwischen den beiden Nationen .
2025-04-29 20:32:03,303 - INFO - joeynmt.training - 	Reference:  India is also reportedly hoping for a deal on defence collaboration between the two nations .
2025-04-29 20:32:03,303 - INFO - joeynmt.training - 	Hypothesis: it is true that , in fact , in a contract , with the two nations of the nations .
2025-04-29 20:32:20,680 - INFO - joeynmt.training - Epoch  10, Step:    39100, Batch Loss:     1.589986, Batch Acc: 0.548137, Tokens per Sec:     5175, Lr: 0.000300
2025-04-29 20:32:37,834 - INFO - joeynmt.training - Epoch  10, Step:    39200, Batch Loss:     1.508422, Batch Acc: 0.547043, Tokens per Sec:     5347, Lr: 0.000300
2025-04-29 20:32:54,639 - INFO - joeynmt.training - Epoch  10, Step:    39300, Batch Loss:     1.701577, Batch Acc: 0.547627, Tokens per Sec:     5401, Lr: 0.000300
2025-04-29 20:33:11,369 - INFO - joeynmt.training - Epoch  10, Step:    39400, Batch Loss:     1.639036, Batch Acc: 0.545449, Tokens per Sec:     5466, Lr: 0.000300
2025-04-29 20:33:28,062 - INFO - joeynmt.training - Epoch  10, Step:    39500, Batch Loss:     1.705629, Batch Acc: 0.553090, Tokens per Sec:     5512, Lr: 0.000300
2025-04-29 20:33:28,062 - INFO - joeynmt.prediction - Predicting 500 example(s)... (Greedy decoding with min_output_length=1, max_output_length=-1, return_prob='none', generate_unk=True, repetition_penalty=-1, no_repeat_ngram_size=-1)
2025-04-29 20:33:55,942 - INFO - joeynmt.prediction - Evaluation result (greedy) loss:   2.09, ppl:   8.09, acc:   0.47, generation: 27.8758[sec], evaluation: 0.0000[sec]
2025-04-29 20:33:56,021 - INFO - joeynmt.helpers - delete models/deen_transformer_prenorm/38000.ckpt
2025-04-29 20:33:56,022 - INFO - joeynmt.training - Example #0
2025-04-29 20:33:56,022 - DEBUG - joeynmt.training - 	Tokenized source:     ['die', 'Pre@@', 'mi@@', 'er@@', 'minist@@', 'er', 'Indi@@', 'ens', 'und', 'J@@', 'ap@@', 'ans', 'tra@@', 'fen', 'sich', 'in', 'T@@', 'ok@@', 'i@@', 'o', '.']
2025-04-29 20:33:56,022 - DEBUG - joeynmt.training - 	Tokenized reference:  ['Indi@@', 'a', 'and', 'J@@', 'ap@@', 'an', 'pri@@', 'me', 'minist@@', 'ers', 'me@@', 'et', 'in', 'T@@', 'ok@@', 'y@@', 'o']
2025-04-29 20:33:56,022 - DEBUG - joeynmt.training - 	Tokenized hypothesis: ['the', 'Pri@@', 'me', 'Minist@@', 'er', 'of', 'Indi@@', 'a', 'and', 'J@@', 'ap@@', 'an', 'and', 'J@@', 'ap@@', 'an', '.', '</s>']
2025-04-29 20:33:56,022 - INFO - joeynmt.training - 	Source:     die Premierminister Indiens und Japans trafen sich in Tokio .
2025-04-29 20:33:56,022 - INFO - joeynmt.training - 	Reference:  India and Japan prime ministers meet in Tokyo
2025-04-29 20:33:56,022 - INFO - joeynmt.training - 	Hypothesis: the Prime Minister of India and Japan and Japan .
2025-04-29 20:33:56,022 - INFO - joeynmt.training - Example #1
2025-04-29 20:33:56,023 - DEBUG - joeynmt.training - 	Tokenized source:     ['Indi@@', 'ens', 'neu@@', 'er', 'Pre@@', 'mi@@', 'er@@', 'minist@@', 'er', 'N@@', 'ar@@', 'end@@', 'ra', 'Mo@@', 'd@@', 'i', 'tri@@', 'fft', 'bei', 's@@', 'einem', 'ersten', 'wichti@@', 'gen', 'Aus@@', 'land@@', 's@@', 'bes@@', 'u@@', 'ch', 'seit', 's@@', 'einem', 'W@@', 'ah@@', 'l@@', 'si@@', 'e@@', 'g', 'im', 'Ma@@', 'i', 'seinen', 'j@@', 'ap@@', 'an@@', 'ischen', 'Am@@', 'ts@@', 'k@@', 'olle@@', 'gen', 'S@@', 'hin@@', 'z@@', 'o', 'A@@', 'be', 'in', 'T@@', 'ok@@', 'o', ',', 'um', 'wirtschaf@@', 'tliche', 'und', 'sicher@@', 'heits@@', 'politische', 'Be@@', 'zieh@@', 'ungen', 'zu', 'bes@@', 'pre@@', 'chen', '.']
2025-04-29 20:33:56,023 - DEBUG - joeynmt.training - 	Tokenized reference:  ['Indi@@', 'a', '&apos;s', 'new', 'pri@@', 'me', 'minist@@', 'er', ',', 'N@@', 'ar@@', 'end@@', 'ra', 'Mo@@', 'd@@', 'i', ',', 'is', 'me@@', 'eting', 'his', 'J@@', 'ap@@', 'an@@', 'ese', 'coun@@', 'ter@@', 'part', ',', 'S@@', 'hin@@', 'z@@', 'o', 'A@@', 'be', ',', 'in', 'T@@', 'ok@@', 'y@@', 'o', 'to', 'disc@@', 'uss', 'economic', 'and', 'security', 'ties', ',', 'on', 'his', 'first', 'major', 'fore@@', 'ign', 'visi@@', 't', 'since', 'w@@', 'inn@@', 'ing', 'Ma@@', 'y', '&apos;s', 'elec@@', 'tion', '.']
2025-04-29 20:33:56,023 - DEBUG - joeynmt.training - 	Tokenized hypothesis: ['Indi@@', 'a', '&apos;s', 'lat@@', 'est', 'Pri@@', 'me', 'Minist@@', 'er', 'N@@', 'ar@@', 'end@@', 'ra', 'Mo@@', 'd@@', 'i', ',', 'the', 'first', 'important', 'ex@@', 'tra@@', 'ordin@@', 'ary', 'of', 'his', 'first', 'important', 'ex@@', 'tra@@', 'ordin@@', 'ary', 'colle@@', 'ag@@', 'ue', ',', 'S@@', 'hin@@', 'z@@', 'o', ',', 'in', 'Ma@@', 'y', 'of', 'J@@', 'ap@@', 'an@@', 'ese', 'colle@@', 'ag@@', 'ue', ',', 'S@@', 'hin@@', 'z@@', 'o', ',', 'in', 'order', 'to', 'pre@@', 'p@@', 'are', 'economic', 'and', 'security', '.', '</s>']
2025-04-29 20:33:56,023 - INFO - joeynmt.training - 	Source:     Indiens neuer Premierminister Narendra Modi trifft bei seinem ersten wichtigen Auslandsbesuch seit seinem Wahlsieg im Mai seinen japanischen Amtskollegen Shinzo Abe in Toko , um wirtschaftliche und sicherheitspolitische Beziehungen zu besprechen .
2025-04-29 20:33:56,023 - INFO - joeynmt.training - 	Reference:  India &apos;s new prime minister , Narendra Modi , is meeting his Japanese counterpart , Shinzo Abe , in Tokyo to discuss economic and security ties , on his first major foreign visit since winning May &apos;s election .
2025-04-29 20:33:56,023 - INFO - joeynmt.training - 	Hypothesis: India &apos;s latest Prime Minister Narendra Modi , the first important extraordinary of his first important extraordinary colleague , Shinzo , in May of Japanese colleague , Shinzo , in order to prepare economic and security .
2025-04-29 20:33:56,023 - INFO - joeynmt.training - Example #2
2025-04-29 20:33:56,023 - DEBUG - joeynmt.training - 	Tokenized source:     ['Herr', 'Mo@@', 'd@@', 'i', 'befindet', 'sich', 'auf', 'einer', 'fü@@', 'n@@', 'f@@', 'tä@@', 'gi@@', 'gen', 'Rei@@', 'se', 'nach', 'J@@', 'ap@@', 'an', ',', 'um', 'die', 'wirtschaf@@', 'tlichen', 'Be@@', 'zieh@@', 'ungen', 'mit', 'der', 'd@@', 'rit@@', 't@@', 'größ@@', 'ten', 'Wirtschafts@@', 'n@@', 'ation', 'der', 'Welt', 'zu', 'fes@@', 'tigen', '.']
2025-04-29 20:33:56,023 - DEBUG - joeynmt.training - 	Tokenized reference:  ['Mr', 'Mo@@', 'd@@', 'i', 'is', 'on', 'a', 'fi@@', 've', '@@@', '-@@', '@', 'day', 'tri@@', 'p', 'to', 'J@@', 'ap@@', 'an', 'to', 'streng@@', 'then', 'economic', 'ties', 'with', 'the', 'third', 'lar@@', 'ges@@', 't', 'econom@@', 'y', 'in', 'the', 'world', '.']
2025-04-29 20:33:56,023 - DEBUG - joeynmt.training - 	Tokenized hypothesis: ['Mr', 'Mo@@', 'd@@', 'i', 'is', 'on', 'a', 'fi@@', 'f@@', 'ty', 'tra@@', 'v@@', 'el', 'to', 'J@@', 'ap@@', 'an', 'to', 'the', 'economic', 'rel@@', 'ations', 'with', 'the', 'third', 'lar@@', 'ges@@', 't', 'economic', 'n@@', 'ation', 'of', 'the', 'world', '.', '</s>']
2025-04-29 20:33:56,023 - INFO - joeynmt.training - 	Source:     Herr Modi befindet sich auf einer fünftägigen Reise nach Japan , um die wirtschaftlichen Beziehungen mit der drittgrößten Wirtschaftsnation der Welt zu festigen .
2025-04-29 20:33:56,023 - INFO - joeynmt.training - 	Reference:  Mr Modi is on a five @-@ day trip to Japan to strengthen economic ties with the third largest economy in the world .
2025-04-29 20:33:56,023 - INFO - joeynmt.training - 	Hypothesis: Mr Modi is on a fifty travel to Japan to the economic relations with the third largest economic nation of the world .
2025-04-29 20:33:56,023 - INFO - joeynmt.training - Example #3
2025-04-29 20:33:56,023 - DEBUG - joeynmt.training - 	Tokenized source:     ['P@@', 'län@@', 'e', 'für', 'eine', 'stärk@@', 'ere', 'k@@', 'ern@@', 'techn@@', 'ische', 'Zusammenarbeit', 'stehen', 'ganz', 'ob@@', 'en', 'auf', 'der', 'Tag@@', 'es@@', 'ordnung', '.']
2025-04-29 20:33:56,023 - DEBUG - joeynmt.training - 	Tokenized reference:  ['high', 'on', 'the', 'agen@@', 'da', 'are', 'pl@@', 'ans', 'for', 'gre@@', 'ater', 'nu@@', 'clear', 'c@@', 'o', '@@@', '-@@', '@', 'operation', '.']
2025-04-29 20:33:56,023 - DEBUG - joeynmt.training - 	Tokenized hypothesis: ['pl@@', 'ans', 'for', 'gre@@', 'ater', 'seri@@', 'ous', 'cooperation', 'is', 'on', 'the', 'agen@@', 'da', '.', '</s>']
2025-04-29 20:33:56,023 - INFO - joeynmt.training - 	Source:     Pläne für eine stärkere kerntechnische Zusammenarbeit stehen ganz oben auf der Tagesordnung .
2025-04-29 20:33:56,023 - INFO - joeynmt.training - 	Reference:  high on the agenda are plans for greater nuclear co @-@ operation .
2025-04-29 20:33:56,023 - INFO - joeynmt.training - 	Hypothesis: plans for greater serious cooperation is on the agenda .
2025-04-29 20:33:56,023 - INFO - joeynmt.training - Example #4
2025-04-29 20:33:56,023 - DEBUG - joeynmt.training - 	Tokenized source:     ['Berich@@', 'ten', 'zu@@', 'fol@@', 'ge', 'ho@@', 'fft', 'Indi@@', 'en', 'darüber', 'hinaus', 'auf', 'einen', 'Ver@@', 'trag', 'zur', 'Ver@@', 'tei@@', 'dig@@', 'ungs@@', 'zusammen@@', 'arbeit', 'zwischen', 'den', 'beiden', 'N@@', 'ationen', '.']
2025-04-29 20:33:56,023 - DEBUG - joeynmt.training - 	Tokenized reference:  ['Indi@@', 'a', 'is', 'also', 're@@', 'porte@@', 'dly', 'hop@@', 'ing', 'for', 'a', 'de@@', 'al', 'on', 'def@@', 'ence', 'c@@', 'oll@@', 'ab@@', 'or@@', 'ation', 'between', 'the', 'two', 'n@@', 'ations', '.']
2025-04-29 20:33:56,023 - DEBUG - joeynmt.training - 	Tokenized hypothesis: ['it', 'is', 'also', 'hop@@', 'ed', 'to', 'be', 'a', 'con@@', 'tra@@', 'ct', 'on', 'a', 'con@@', 'tra@@', 'ct', 'on', 'a', 'con@@', 'tra@@', 'ct', 'between', 'n@@', 'ations', '.', '</s>']
2025-04-29 20:33:56,023 - INFO - joeynmt.training - 	Source:     Berichten zufolge hofft Indien darüber hinaus auf einen Vertrag zur Verteidigungszusammenarbeit zwischen den beiden Nationen .
2025-04-29 20:33:56,023 - INFO - joeynmt.training - 	Reference:  India is also reportedly hoping for a deal on defence collaboration between the two nations .
2025-04-29 20:33:56,023 - INFO - joeynmt.training - 	Hypothesis: it is also hoped to be a contract on a contract on a contract between nations .
2025-04-29 20:34:12,567 - INFO - joeynmt.training - Epoch  10, Step:    39600, Batch Loss:     1.718773, Batch Acc: 0.549718, Tokens per Sec:     5521, Lr: 0.000300
2025-04-29 20:34:29,293 - INFO - joeynmt.training - Epoch  10, Step:    39700, Batch Loss:     1.753017, Batch Acc: 0.543635, Tokens per Sec:     5492, Lr: 0.000300
2025-04-29 20:34:45,872 - INFO - joeynmt.training - Epoch  10, Step:    39800, Batch Loss:     1.773543, Batch Acc: 0.547886, Tokens per Sec:     5546, Lr: 0.000300
2025-04-29 20:35:02,532 - INFO - joeynmt.training - Epoch  10, Step:    39900, Batch Loss:     1.801589, Batch Acc: 0.544726, Tokens per Sec:     5562, Lr: 0.000300
2025-04-29 20:35:19,253 - INFO - joeynmt.training - Epoch  10, Step:    40000, Batch Loss:     1.682710, Batch Acc: 0.550046, Tokens per Sec:     5538, Lr: 0.000300
2025-04-29 20:35:19,253 - INFO - joeynmt.prediction - Predicting 500 example(s)... (Greedy decoding with min_output_length=1, max_output_length=-1, return_prob='none', generate_unk=True, repetition_penalty=-1, no_repeat_ngram_size=-1)
2025-04-29 20:37:45,784 - INFO - joeynmt.prediction - Evaluation result (greedy) loss:   2.08, ppl:   8.03, acc:   0.47, generation: 146.5274[sec], evaluation: 0.0000[sec]
2025-04-29 20:37:45,785 - INFO - joeynmt.training - Hooray! New best validation result [ppl]!
2025-04-29 20:37:45,865 - INFO - joeynmt.helpers - delete models/deen_transformer_prenorm/36000.ckpt
2025-04-29 20:37:45,879 - INFO - joeynmt.training - Example #0
2025-04-29 20:37:45,879 - DEBUG - joeynmt.training - 	Tokenized source:     ['die', 'Pre@@', 'mi@@', 'er@@', 'minist@@', 'er', 'Indi@@', 'ens', 'und', 'J@@', 'ap@@', 'ans', 'tra@@', 'fen', 'sich', 'in', 'T@@', 'ok@@', 'i@@', 'o', '.']
2025-04-29 20:37:45,879 - DEBUG - joeynmt.training - 	Tokenized reference:  ['Indi@@', 'a', 'and', 'J@@', 'ap@@', 'an', 'pri@@', 'me', 'minist@@', 'ers', 'me@@', 'et', 'in', 'T@@', 'ok@@', 'y@@', 'o']
2025-04-29 20:37:45,879 - DEBUG - joeynmt.training - 	Tokenized hypothesis: ['Pri@@', 'me', 'Minist@@', 'er', 'Indi@@', 'a', '&apos;s', 'Pri@@', 'me', 'Minist@@', 'er', 'of', 'Indi@@', 'a', 'and', 'J@@', 'ap@@', 'an', '.', '</s>']
2025-04-29 20:37:45,880 - INFO - joeynmt.training - 	Source:     die Premierminister Indiens und Japans trafen sich in Tokio .
2025-04-29 20:37:45,880 - INFO - joeynmt.training - 	Reference:  India and Japan prime ministers meet in Tokyo
2025-04-29 20:37:45,880 - INFO - joeynmt.training - 	Hypothesis: Prime Minister India &apos;s Prime Minister of India and Japan .
2025-04-29 20:37:45,880 - INFO - joeynmt.training - Example #1
2025-04-29 20:37:45,880 - DEBUG - joeynmt.training - 	Tokenized source:     ['Indi@@', 'ens', 'neu@@', 'er', 'Pre@@', 'mi@@', 'er@@', 'minist@@', 'er', 'N@@', 'ar@@', 'end@@', 'ra', 'Mo@@', 'd@@', 'i', 'tri@@', 'fft', 'bei', 's@@', 'einem', 'ersten', 'wichti@@', 'gen', 'Aus@@', 'land@@', 's@@', 'bes@@', 'u@@', 'ch', 'seit', 's@@', 'einem', 'W@@', 'ah@@', 'l@@', 'si@@', 'e@@', 'g', 'im', 'Ma@@', 'i', 'seinen', 'j@@', 'ap@@', 'an@@', 'ischen', 'Am@@', 'ts@@', 'k@@', 'olle@@', 'gen', 'S@@', 'hin@@', 'z@@', 'o', 'A@@', 'be', 'in', 'T@@', 'ok@@', 'o', ',', 'um', 'wirtschaf@@', 'tliche', 'und', 'sicher@@', 'heits@@', 'politische', 'Be@@', 'zieh@@', 'ungen', 'zu', 'bes@@', 'pre@@', 'chen', '.']
2025-04-29 20:37:45,880 - DEBUG - joeynmt.training - 	Tokenized reference:  ['Indi@@', 'a', '&apos;s', 'new', 'pri@@', 'me', 'minist@@', 'er', ',', 'N@@', 'ar@@', 'end@@', 'ra', 'Mo@@', 'd@@', 'i', ',', 'is', 'me@@', 'eting', 'his', 'J@@', 'ap@@', 'an@@', 'ese', 'coun@@', 'ter@@', 'part', ',', 'S@@', 'hin@@', 'z@@', 'o', 'A@@', 'be', ',', 'in', 'T@@', 'ok@@', 'y@@', 'o', 'to', 'disc@@', 'uss', 'economic', 'and', 'security', 'ties', ',', 'on', 'his', 'first', 'major', 'fore@@', 'ign', 'visi@@', 't', 'since', 'w@@', 'inn@@', 'ing', 'Ma@@', 'y', '&apos;s', 'elec@@', 'tion', '.']
2025-04-29 20:37:45,880 - DEBUG - joeynmt.training - 	Tokenized hypothesis: ['Indi@@', 'a', '&apos;s', 'new', 'Pri@@', 'me', 'Minist@@', 'er', 'N@@', 'ar@@', 'end@@', 'ra', 'Mo@@', 'd@@', 'i', ',', 'the', 'first', 'important', 'ex@@', 'tern@@', 'al', 'of', 'the', 'M@@', 'y', 'S@@', 'hin@@', 'z@@', 'o', ',', 'since', 'the', 'first', 'of', 'the', 'J@@', 'ap@@', 'an@@', 'ese', 'colle@@', 'c@@', 'ts', 'S@@', 'hin@@', 'z@@', 'o', 'A@@', 'be', 'in', 'T@@', 'ok@@', 'o', ',', 'to', 'the', 'A@@', 'be', 'in', 'T@@', 'ok@@', 'o', ',', 'to', 'the', 'economic', 'and', 'security', 'political', 'rel@@', 'ations', '.', '</s>']
2025-04-29 20:37:45,880 - INFO - joeynmt.training - 	Source:     Indiens neuer Premierminister Narendra Modi trifft bei seinem ersten wichtigen Auslandsbesuch seit seinem Wahlsieg im Mai seinen japanischen Amtskollegen Shinzo Abe in Toko , um wirtschaftliche und sicherheitspolitische Beziehungen zu besprechen .
2025-04-29 20:37:45,880 - INFO - joeynmt.training - 	Reference:  India &apos;s new prime minister , Narendra Modi , is meeting his Japanese counterpart , Shinzo Abe , in Tokyo to discuss economic and security ties , on his first major foreign visit since winning May &apos;s election .
2025-04-29 20:37:45,880 - INFO - joeynmt.training - 	Hypothesis: India &apos;s new Prime Minister Narendra Modi , the first important external of the My Shinzo , since the first of the Japanese collects Shinzo Abe in Toko , to the Abe in Toko , to the economic and security political relations .
2025-04-29 20:37:45,880 - INFO - joeynmt.training - Example #2
2025-04-29 20:37:45,880 - DEBUG - joeynmt.training - 	Tokenized source:     ['Herr', 'Mo@@', 'd@@', 'i', 'befindet', 'sich', 'auf', 'einer', 'fü@@', 'n@@', 'f@@', 'tä@@', 'gi@@', 'gen', 'Rei@@', 'se', 'nach', 'J@@', 'ap@@', 'an', ',', 'um', 'die', 'wirtschaf@@', 'tlichen', 'Be@@', 'zieh@@', 'ungen', 'mit', 'der', 'd@@', 'rit@@', 't@@', 'größ@@', 'ten', 'Wirtschafts@@', 'n@@', 'ation', 'der', 'Welt', 'zu', 'fes@@', 'tigen', '.']
2025-04-29 20:37:45,880 - DEBUG - joeynmt.training - 	Tokenized reference:  ['Mr', 'Mo@@', 'd@@', 'i', 'is', 'on', 'a', 'fi@@', 've', '@@@', '-@@', '@', 'day', 'tri@@', 'p', 'to', 'J@@', 'ap@@', 'an', 'to', 'streng@@', 'then', 'economic', 'ties', 'with', 'the', 'third', 'lar@@', 'ges@@', 't', 'econom@@', 'y', 'in', 'the', 'world', '.']
2025-04-29 20:37:45,880 - DEBUG - joeynmt.training - 	Tokenized hypothesis: ['Mr', 'Mo@@', 'd@@', 'i', 'is', 'located', 'on', 'a', 'fi@@', 've', 'tra@@', 'v@@', 'el', 'to', 'J@@', 'ap@@', 'an', 'to', 'the', 'economic', 'rel@@', 'ations', 'with', 'the', 'third', 'lar@@', 'ges@@', 't', 'economic', 'n@@', 'ation', 'of', 'the', 'world', '.', '</s>']
2025-04-29 20:37:45,880 - INFO - joeynmt.training - 	Source:     Herr Modi befindet sich auf einer fünftägigen Reise nach Japan , um die wirtschaftlichen Beziehungen mit der drittgrößten Wirtschaftsnation der Welt zu festigen .
2025-04-29 20:37:45,880 - INFO - joeynmt.training - 	Reference:  Mr Modi is on a five @-@ day trip to Japan to strengthen economic ties with the third largest economy in the world .
2025-04-29 20:37:45,880 - INFO - joeynmt.training - 	Hypothesis: Mr Modi is located on a five travel to Japan to the economic relations with the third largest economic nation of the world .
2025-04-29 20:37:45,880 - INFO - joeynmt.training - Example #3
2025-04-29 20:37:45,880 - DEBUG - joeynmt.training - 	Tokenized source:     ['P@@', 'län@@', 'e', 'für', 'eine', 'stärk@@', 'ere', 'k@@', 'ern@@', 'techn@@', 'ische', 'Zusammenarbeit', 'stehen', 'ganz', 'ob@@', 'en', 'auf', 'der', 'Tag@@', 'es@@', 'ordnung', '.']
2025-04-29 20:37:45,880 - DEBUG - joeynmt.training - 	Tokenized reference:  ['high', 'on', 'the', 'agen@@', 'da', 'are', 'pl@@', 'ans', 'for', 'gre@@', 'ater', 'nu@@', 'clear', 'c@@', 'o', '@@@', '-@@', '@', 'operation', '.']
2025-04-29 20:37:45,880 - DEBUG - joeynmt.training - 	Tokenized hypothesis: ['pl@@', 'ans', 'for', 'a', 'more', 'seri@@', 'ous', 'techn@@', 'ical', 'cooperation', 'are', 'in', 'the', 'agen@@', 'da', '.', '</s>']
2025-04-29 20:37:45,880 - INFO - joeynmt.training - 	Source:     Pläne für eine stärkere kerntechnische Zusammenarbeit stehen ganz oben auf der Tagesordnung .
2025-04-29 20:37:45,880 - INFO - joeynmt.training - 	Reference:  high on the agenda are plans for greater nuclear co @-@ operation .
2025-04-29 20:37:45,880 - INFO - joeynmt.training - 	Hypothesis: plans for a more serious technical cooperation are in the agenda .
2025-04-29 20:37:45,880 - INFO - joeynmt.training - Example #4
2025-04-29 20:37:45,880 - DEBUG - joeynmt.training - 	Tokenized source:     ['Berich@@', 'ten', 'zu@@', 'fol@@', 'ge', 'ho@@', 'fft', 'Indi@@', 'en', 'darüber', 'hinaus', 'auf', 'einen', 'Ver@@', 'trag', 'zur', 'Ver@@', 'tei@@', 'dig@@', 'ungs@@', 'zusammen@@', 'arbeit', 'zwischen', 'den', 'beiden', 'N@@', 'ationen', '.']
2025-04-29 20:37:45,880 - DEBUG - joeynmt.training - 	Tokenized reference:  ['Indi@@', 'a', 'is', 'also', 're@@', 'porte@@', 'dly', 'hop@@', 'ing', 'for', 'a', 'de@@', 'al', 'on', 'def@@', 'ence', 'c@@', 'oll@@', 'ab@@', 'or@@', 'ation', 'between', 'the', 'two', 'n@@', 'ations', '.']
2025-04-29 20:37:45,880 - DEBUG - joeynmt.training - 	Tokenized hypothesis: ['it', 'is', 'also', 'hop@@', 'ed', 'that', 'Indi@@', 'a', '&apos;s', 'de@@', 'al@@', 'ing', 'with', 'the', 'def@@', 'ence', 'cooperation', 'between', 'the', 'two', 'n@@', 'ations', '.', '</s>']
2025-04-29 20:37:45,880 - INFO - joeynmt.training - 	Source:     Berichten zufolge hofft Indien darüber hinaus auf einen Vertrag zur Verteidigungszusammenarbeit zwischen den beiden Nationen .
2025-04-29 20:37:45,880 - INFO - joeynmt.training - 	Reference:  India is also reportedly hoping for a deal on defence collaboration between the two nations .
2025-04-29 20:37:45,880 - INFO - joeynmt.training - 	Hypothesis: it is also hoped that India &apos;s dealing with the defence cooperation between the two nations .
2025-04-29 20:38:03,350 - INFO - joeynmt.training - Epoch  10, Step:    40100, Batch Loss:     1.712061, Batch Acc: 0.541802, Tokens per Sec:     5199, Lr: 0.000300
2025-04-29 20:38:21,235 - INFO - joeynmt.training - Epoch  10, Step:    40200, Batch Loss:     1.734523, Batch Acc: 0.540337, Tokens per Sec:     5118, Lr: 0.000300
2025-04-29 20:38:38,117 - INFO - joeynmt.training - Epoch  10, Step:    40300, Batch Loss:     1.575651, Batch Acc: 0.546805, Tokens per Sec:     5434, Lr: 0.000300
2025-04-29 20:38:54,618 - INFO - joeynmt.training - Epoch  10, Step:    40400, Batch Loss:     1.676557, Batch Acc: 0.549627, Tokens per Sec:     5588, Lr: 0.000300
2025-04-29 20:39:11,767 - INFO - joeynmt.training - Epoch  10, Step:    40500, Batch Loss:     1.615737, Batch Acc: 0.540758, Tokens per Sec:     5430, Lr: 0.000300
2025-04-29 20:39:11,767 - INFO - joeynmt.prediction - Predicting 500 example(s)... (Greedy decoding with min_output_length=1, max_output_length=-1, return_prob='none', generate_unk=True, repetition_penalty=-1, no_repeat_ngram_size=-1)
2025-04-29 20:39:39,867 - INFO - joeynmt.prediction - Evaluation result (greedy) loss:   2.08, ppl:   7.99, acc:   0.47, generation: 28.0958[sec], evaluation: 0.0000[sec]
2025-04-29 20:39:39,867 - INFO - joeynmt.training - Hooray! New best validation result [ppl]!
2025-04-29 20:39:39,966 - INFO - joeynmt.helpers - delete models/deen_transformer_prenorm/38500.ckpt
2025-04-29 20:39:39,974 - INFO - joeynmt.training - Example #0
2025-04-29 20:39:39,974 - DEBUG - joeynmt.training - 	Tokenized source:     ['die', 'Pre@@', 'mi@@', 'er@@', 'minist@@', 'er', 'Indi@@', 'ens', 'und', 'J@@', 'ap@@', 'ans', 'tra@@', 'fen', 'sich', 'in', 'T@@', 'ok@@', 'i@@', 'o', '.']
2025-04-29 20:39:39,974 - DEBUG - joeynmt.training - 	Tokenized reference:  ['Indi@@', 'a', 'and', 'J@@', 'ap@@', 'an', 'pri@@', 'me', 'minist@@', 'ers', 'me@@', 'et', 'in', 'T@@', 'ok@@', 'y@@', 'o']
2025-04-29 20:39:39,974 - DEBUG - joeynmt.training - 	Tokenized hypothesis: ['the', 'Pri@@', 'me', 'Minist@@', 'er', 'of', 'Indi@@', 'a', 'and', 'J@@', 'ap@@', 'an', '&apos;s', 'tra@@', 'ding', 'in', 'T@@', 'ok@@', 'i@@', 'o', '.', '</s>']
2025-04-29 20:39:39,974 - INFO - joeynmt.training - 	Source:     die Premierminister Indiens und Japans trafen sich in Tokio .
2025-04-29 20:39:39,975 - INFO - joeynmt.training - 	Reference:  India and Japan prime ministers meet in Tokyo
2025-04-29 20:39:39,975 - INFO - joeynmt.training - 	Hypothesis: the Prime Minister of India and Japan &apos;s trading in Tokio .
2025-04-29 20:39:39,975 - INFO - joeynmt.training - Example #1
2025-04-29 20:39:39,975 - DEBUG - joeynmt.training - 	Tokenized source:     ['Indi@@', 'ens', 'neu@@', 'er', 'Pre@@', 'mi@@', 'er@@', 'minist@@', 'er', 'N@@', 'ar@@', 'end@@', 'ra', 'Mo@@', 'd@@', 'i', 'tri@@', 'fft', 'bei', 's@@', 'einem', 'ersten', 'wichti@@', 'gen', 'Aus@@', 'land@@', 's@@', 'bes@@', 'u@@', 'ch', 'seit', 's@@', 'einem', 'W@@', 'ah@@', 'l@@', 'si@@', 'e@@', 'g', 'im', 'Ma@@', 'i', 'seinen', 'j@@', 'ap@@', 'an@@', 'ischen', 'Am@@', 'ts@@', 'k@@', 'olle@@', 'gen', 'S@@', 'hin@@', 'z@@', 'o', 'A@@', 'be', 'in', 'T@@', 'ok@@', 'o', ',', 'um', 'wirtschaf@@', 'tliche', 'und', 'sicher@@', 'heits@@', 'politische', 'Be@@', 'zieh@@', 'ungen', 'zu', 'bes@@', 'pre@@', 'chen', '.']
2025-04-29 20:39:39,975 - DEBUG - joeynmt.training - 	Tokenized reference:  ['Indi@@', 'a', '&apos;s', 'new', 'pri@@', 'me', 'minist@@', 'er', ',', 'N@@', 'ar@@', 'end@@', 'ra', 'Mo@@', 'd@@', 'i', ',', 'is', 'me@@', 'eting', 'his', 'J@@', 'ap@@', 'an@@', 'ese', 'coun@@', 'ter@@', 'part', ',', 'S@@', 'hin@@', 'z@@', 'o', 'A@@', 'be', ',', 'in', 'T@@', 'ok@@', 'y@@', 'o', 'to', 'disc@@', 'uss', 'economic', 'and', 'security', 'ties', ',', 'on', 'his', 'first', 'major', 'fore@@', 'ign', 'visi@@', 't', 'since', 'w@@', 'inn@@', 'ing', 'Ma@@', 'y', '&apos;s', 'elec@@', 'tion', '.']
2025-04-29 20:39:39,975 - DEBUG - joeynmt.training - 	Tokenized hypothesis: ['Indi@@', 'a', '&apos;s', 'lat@@', 'ter', 'Pri@@', 'me', 'Minist@@', 'er', 'N@@', 'ar@@', 'end@@', 'ra', ',', 'N@@', 'ar@@', 'end@@', 'ra', ',', 'the', 'first', 'important', 'ex@@', 'tern@@', 'al', 'visi@@', 'tors', 'since', 'his', 'first', 'important', 'ex@@', 't@@', 'ent', 'to', 'his', 'first', 'important', 'ex@@', 't@@', 'ent', 'in', 'Ma@@', 'y', 'J@@', 'ap@@', 'an@@', 'ese', 'Am@@', 'ts@@', 'colle@@', 'c@@', 'ts', 'S@@', 'hin@@', 'z@@', 'o', ',', 'in', 'T@@', 'ok@@', 'o', 'to', 'be', 'h@@', 'ard', '.', '</s>']
2025-04-29 20:39:39,975 - INFO - joeynmt.training - 	Source:     Indiens neuer Premierminister Narendra Modi trifft bei seinem ersten wichtigen Auslandsbesuch seit seinem Wahlsieg im Mai seinen japanischen Amtskollegen Shinzo Abe in Toko , um wirtschaftliche und sicherheitspolitische Beziehungen zu besprechen .
2025-04-29 20:39:39,975 - INFO - joeynmt.training - 	Reference:  India &apos;s new prime minister , Narendra Modi , is meeting his Japanese counterpart , Shinzo Abe , in Tokyo to discuss economic and security ties , on his first major foreign visit since winning May &apos;s election .
2025-04-29 20:39:39,975 - INFO - joeynmt.training - 	Hypothesis: India &apos;s latter Prime Minister Narendra , Narendra , the first important external visitors since his first important extent to his first important extent in May Japanese Amtscollects Shinzo , in Toko to be hard .
2025-04-29 20:39:39,975 - INFO - joeynmt.training - Example #2
2025-04-29 20:39:39,975 - DEBUG - joeynmt.training - 	Tokenized source:     ['Herr', 'Mo@@', 'd@@', 'i', 'befindet', 'sich', 'auf', 'einer', 'fü@@', 'n@@', 'f@@', 'tä@@', 'gi@@', 'gen', 'Rei@@', 'se', 'nach', 'J@@', 'ap@@', 'an', ',', 'um', 'die', 'wirtschaf@@', 'tlichen', 'Be@@', 'zieh@@', 'ungen', 'mit', 'der', 'd@@', 'rit@@', 't@@', 'größ@@', 'ten', 'Wirtschafts@@', 'n@@', 'ation', 'der', 'Welt', 'zu', 'fes@@', 'tigen', '.']
2025-04-29 20:39:39,975 - DEBUG - joeynmt.training - 	Tokenized reference:  ['Mr', 'Mo@@', 'd@@', 'i', 'is', 'on', 'a', 'fi@@', 've', '@@@', '-@@', '@', 'day', 'tri@@', 'p', 'to', 'J@@', 'ap@@', 'an', 'to', 'streng@@', 'then', 'economic', 'ties', 'with', 'the', 'third', 'lar@@', 'ges@@', 't', 'econom@@', 'y', 'in', 'the', 'world', '.']
2025-04-29 20:39:39,975 - DEBUG - joeynmt.training - 	Tokenized hypothesis: ['Mr', 'Mo@@', 'd@@', 'i', 'is', 'located', 'on', 'a', 'fi@@', 'f@@', 'ty', 'tra@@', 'v@@', 'el', 'to', 'J@@', 'ap@@', 'an', 'to', 'the', 'economic', 'rel@@', 'ations', 'with', 'the', 'third', 'lar@@', 'ges@@', 't', 'econom@@', 'y', '.', '</s>']
2025-04-29 20:39:39,975 - INFO - joeynmt.training - 	Source:     Herr Modi befindet sich auf einer fünftägigen Reise nach Japan , um die wirtschaftlichen Beziehungen mit der drittgrößten Wirtschaftsnation der Welt zu festigen .
2025-04-29 20:39:39,975 - INFO - joeynmt.training - 	Reference:  Mr Modi is on a five @-@ day trip to Japan to strengthen economic ties with the third largest economy in the world .
2025-04-29 20:39:39,975 - INFO - joeynmt.training - 	Hypothesis: Mr Modi is located on a fifty travel to Japan to the economic relations with the third largest economy .
2025-04-29 20:39:39,975 - INFO - joeynmt.training - Example #3
2025-04-29 20:39:39,975 - DEBUG - joeynmt.training - 	Tokenized source:     ['P@@', 'län@@', 'e', 'für', 'eine', 'stärk@@', 'ere', 'k@@', 'ern@@', 'techn@@', 'ische', 'Zusammenarbeit', 'stehen', 'ganz', 'ob@@', 'en', 'auf', 'der', 'Tag@@', 'es@@', 'ordnung', '.']
2025-04-29 20:39:39,975 - DEBUG - joeynmt.training - 	Tokenized reference:  ['high', 'on', 'the', 'agen@@', 'da', 'are', 'pl@@', 'ans', 'for', 'gre@@', 'ater', 'nu@@', 'clear', 'c@@', 'o', '@@@', '-@@', '@', 'operation', '.']
2025-04-29 20:39:39,975 - DEBUG - joeynmt.training - 	Tokenized hypothesis: ['pl@@', 'ans', 'for', 'more', 'seri@@', 'ous', 'techn@@', 'ical', 'cooperation', 'are', 'in', 'the', 'agen@@', 'da', '.', '</s>']
2025-04-29 20:39:39,975 - INFO - joeynmt.training - 	Source:     Pläne für eine stärkere kerntechnische Zusammenarbeit stehen ganz oben auf der Tagesordnung .
2025-04-29 20:39:39,975 - INFO - joeynmt.training - 	Reference:  high on the agenda are plans for greater nuclear co @-@ operation .
2025-04-29 20:39:39,975 - INFO - joeynmt.training - 	Hypothesis: plans for more serious technical cooperation are in the agenda .
2025-04-29 20:39:39,975 - INFO - joeynmt.training - Example #4
2025-04-29 20:39:39,975 - DEBUG - joeynmt.training - 	Tokenized source:     ['Berich@@', 'ten', 'zu@@', 'fol@@', 'ge', 'ho@@', 'fft', 'Indi@@', 'en', 'darüber', 'hinaus', 'auf', 'einen', 'Ver@@', 'trag', 'zur', 'Ver@@', 'tei@@', 'dig@@', 'ungs@@', 'zusammen@@', 'arbeit', 'zwischen', 'den', 'beiden', 'N@@', 'ationen', '.']
2025-04-29 20:39:39,975 - DEBUG - joeynmt.training - 	Tokenized reference:  ['Indi@@', 'a', 'is', 'also', 're@@', 'porte@@', 'dly', 'hop@@', 'ing', 'for', 'a', 'de@@', 'al', 'on', 'def@@', 'ence', 'c@@', 'oll@@', 'ab@@', 'or@@', 'ation', 'between', 'the', 'two', 'n@@', 'ations', '.']
2025-04-29 20:39:39,975 - DEBUG - joeynmt.training - 	Tokenized hypothesis: ['it', 'is', 'therefore', 'tru@@', 'e', 'that', 'Indi@@', 'a', '&apos;s', 'continu@@', 'ous', 'con@@', 'tra@@', 'ct', 'on', 'the', 'def@@', 'ence', 'between', 'the', 'two', 'n@@', 'ations', '.', '</s>']
2025-04-29 20:39:39,975 - INFO - joeynmt.training - 	Source:     Berichten zufolge hofft Indien darüber hinaus auf einen Vertrag zur Verteidigungszusammenarbeit zwischen den beiden Nationen .
2025-04-29 20:39:39,975 - INFO - joeynmt.training - 	Reference:  India is also reportedly hoping for a deal on defence collaboration between the two nations .
2025-04-29 20:39:39,975 - INFO - joeynmt.training - 	Hypothesis: it is therefore true that India &apos;s continuous contract on the defence between the two nations .
2025-04-29 20:39:56,862 - INFO - joeynmt.training - Epoch  10, Step:    40600, Batch Loss:     1.527616, Batch Acc: 0.552805, Tokens per Sec:     5396, Lr: 0.000300
2025-04-29 20:40:08,159 - INFO - joeynmt.training - Epoch  10: total training loss 6701.43
2025-04-29 20:40:08,159 - INFO - joeynmt.training - Training ended after  10 epochs.
2025-04-29 20:40:08,159 - INFO - joeynmt.training - Best validation result (greedy) at step    40500:   7.99 ppl.
2025-04-29 20:40:08,169 - INFO - joeynmt.model - Building an encoder-decoder model...
2025-04-29 20:40:08,208 - INFO - joeynmt.model - Enc-dec model built.
2025-04-29 20:40:08,223 - INFO - joeynmt.helpers - Load model from /Users/shubhi/Desktop/MT_Exercises/mt-exercise-03/models/deen_transformer_prenorm/40500.ckpt.
2025-04-29 20:40:08,226 - INFO - joeynmt.prediction - Model(
	encoder=TransformerEncoder(num_layers=4, num_heads=2, alpha=1.0, layer_norm="pre", activation=ReLU()),
	decoder=TransformerDecoder(num_layers=1, num_heads=2, alpha=1.0, layer_norm="post", activation=ReLU()),
	src_embed=Embeddings(embedding_dim=256, vocab_size=4117),
	trg_embed=Embeddings(embedding_dim=256, vocab_size=4117),
	loss_function=None)
2025-04-29 20:40:08,228 - INFO - joeynmt.prediction - Decoding on dev set...
2025-04-29 20:40:08,228 - INFO - joeynmt.prediction - Predicting 500 example(s)... (Beam search with beam_size=5, beam_alpha=1.0, n_best=1, min_output_length=1, max_output_length=-1, return_prob='none', generate_unk=True, repetition_penalty=-1, no_repeat_ngram_size=-1)
2025-04-29 20:40:43,474 - INFO - joeynmt.prediction - Evaluation result (beam search) , generation: 35.2419[sec], evaluation: 0.0000[sec]
2025-04-29 20:40:43,475 - INFO - joeynmt.prediction - Translations saved to: /Users/shubhi/Desktop/MT_Exercises/mt-exercise-03/models/deen_transformer_prenorm/00040500.hyps.dev.
2025-04-29 20:40:43,475 - INFO - joeynmt.prediction - Decoding on test set...
2025-04-29 20:40:43,475 - INFO - joeynmt.prediction - Predicting 2999 example(s)... (Beam search with beam_size=5, beam_alpha=1.0, n_best=1, min_output_length=1, max_output_length=-1, return_prob='none', generate_unk=True, repetition_penalty=-1, no_repeat_ngram_size=-1)
2025-04-29 20:44:20,122 - INFO - joeynmt.prediction - Evaluation result (beam search) , generation: 216.6265[sec], evaluation: 0.0000[sec]
2025-04-29 20:44:20,124 - INFO - joeynmt.prediction - Translations saved to: /Users/shubhi/Desktop/MT_Exercises/mt-exercise-03/models/deen_transformer_prenorm/00040500.hyps.test.
